artist_id,canonical_artist,source_id,source_verification,status,suggested_release,native_release_id,official_release_date,date_precision,classification,track_count,spotify_url,primary_artist_credits,ordered_tracks_json,edition_status,latest_lp,latest_ep,official_soundcloud_set,official_soundcloud_tracks_json,media_assessment,prior_telegram_links,ambiguity
1,Hossein Tiem,1,unverified,requires review,Colonel,0oi0AO9zZGcqRRS5nd3fvd,2025-02-03T00:00:00Z,DAY,LP,10,https://open.spotify.com/album/0oi0AO9zZGcqRRS5nd3fvd,"[""Tiem""]","[{""id"": ""3Jf8WMC7fGBnXHePatwWqY"", ""title"": ""+18"", ""position"": 1, ""duration_seconds"": 199.291, ""artist_credits"": [""Tiem"", ""Sajad Shahi""]}, {""id"": ""67IEJK2HtO14tRQn8XGnDd"", ""title"": ""Petros"", ""position"": 2, ""duration_seconds"": 166.743, ""artist_credits"": [""Tiem""]}, {""id"": ""63NOdaDw5k38Z3GBmRwVOJ"", ""title"": ""UFO"", ""position"": 3, ""duration_seconds"": 208.0, ""artist_credits"": [""Tiem"", ""Reza Pishro"", ""HesamTiem""]}, {""id"": ""6qI1tJl0WcmYx5Pxm4erIt"", ""title"": ""Jengir"", ""position"": 4, ""duration_seconds"": 166.131, ""artist_credits"": [""Tiem"", ""Reza Pishro""]}, {""id"": ""0gmZ849L7k7aH8Z2kKbXgX"", ""title"": ""Colonel"", ""position"": 5, ""duration_seconds"": 166.404, ""artist_credits"": [""Tiem""]}, {""id"": ""2isDWL9wUwE92Tv0gQ4lms"", ""title"": ""Atousa"", ""position"": 6, ""duration_seconds"": 172.003, ""artist_credits"": [""Tiem""]}, {""id"": ""0dLssY38u2W74EifOG3oil"", ""title"": ""Mahvare"", ""position"": 7, ""duration_seconds"": 176.083, ""artist_credits"": [""Tiem"", ""Salii""]}, {""id"": ""61kHlAuBW4DSm1VnQuZdUU"", ""title"": ""Toofan"", ""position"": 8, ""duration_seconds"": 156.521, ""artist_credits"": [""Tiem""]}, {""id"": ""3Z8deAzQ8uGWCSR4zPizl7"", ""title"": ""Trapstar"", ""position"": 9, ""duration_seconds"": 201.025, ""artist_credits"": [""Tiem""]}, {""id"": ""38Z925Z9CYb3IYvNbmdpJW"", ""title"": ""Dele Sir"", ""position"": 10, ""duration_seconds"": 184.615, ""artist_credits"": [""Tiem""]}]",standard/unspecified,"{""id"": ""0oi0AO9zZGcqRRS5nd3fvd"", ""title"": ""Colonel"", ""type"": ""ALBUM"", ""release_date"": ""2025-02-03T00:00:00Z"", ""date_precision"": ""DAY""}","{""id"": ""3veFTNAW0vsqS43ggikHO9"", ""title"": ""Cannabis"", ""type"": ""EP"", ""release_date"": ""2023-02-01T00:00:00Z"", ""date_precision"": ""DAY""}",,[],No matching source found: no verified SoundCloud candidate established; bounded full-audio probe not performed,,Stored source identity unverified; keep disabled; Artist display name requires identity review
2,Hesam Tiem,3,unverified,requires review,Ay,6RlbbqO6RIjqLyvuKajnUV,2026-08-11T00:00:00Z,DAY,LP,12,https://open.spotify.com/album/6RlbbqO6RIjqLyvuKajnUV,"[""HesamTiem""]","[{""id"": ""21Ugn0GBFiMVSfKrnJXcfF"", ""title"": ""#1"", ""position"": 1, ""duration_seconds"": 157.495, ""artist_credits"": [""HesamTiem"", ""Salii""]}, {""id"": ""5edwUptW7mfDcQVSoPZ9lp"", ""title"": ""DollaraM"", ""position"": 2, ""duration_seconds"": 178.605, ""artist_credits"": [""HesamTiem"", ""Tiem"", ""Danzzy""]}, {""id"": ""4wtQKqpcWRPy4aGC7xbb8j"", ""title"": ""LosT"", ""position"": 3, ""duration_seconds"": 123.868, ""artist_credits"": [""HesamTiem"", ""Ali Geramy""]}, {""id"": ""1Jtc9y8VpMWGwAZWYLsCcn"", ""title"": ""AY"", ""position"": 4, ""duration_seconds"": 158.826, ""artist_credits"": [""HesamTiem""]}, {""id"": ""466xbTLcbGHRywEcGczZcT"", ""title"": ""Joone TO"", ""position"": 5, ""duration_seconds"": 141.434, ""artist_credits"": [""HesamTiem"", ""6ehtash""]}, {""id"": ""0uqSq5fAKLDtaUTgIV4apz"", ""title"": ""ZakhM"", ""position"": 6, ""duration_seconds"": 209.454, ""artist_credits"": [""HesamTiem"", ""Shayan Yo""]}, {""id"": ""3UKHYSQytQPKx4l9bI08Vq"", ""title"": ""I Told U"", ""position"": 7, ""duration_seconds"": 138.55, ""artist_credits"": [""HesamTiem""]}, {""id"": ""45fHGmoUogm7gyxIqVnvAr"", ""title"": ""KhaeN"", ""position"": 8, ""duration_seconds"": 144.359, ""artist_credits"": [""HesamTiem"", ""TrapSahand""]}, {""id"": ""3JseHNDqiSm2k7nVEqMvcS"", ""title"": ""IgnorE"", ""position"": 9, ""duration_seconds"": 204.152, ""artist_credits"": [""HesamTiem"", ""Big Shaggy"", ""Ayzun""]}, {""id"": ""0IrFAuYmzjMY3pwEwifk7S"", ""title"": ""West SidE"", ""position"": 10, ""duration_seconds"": 187.8, ""artist_credits"": [""HesamTiem"", ""Tiem""]}, {""id"": ""1GNse1r9ARVzclDpFyfK8a"", ""title"": ""BekooB"", ""position"": 11, ""duration_seconds"": 192.771, ""artist_credits"": [""HesamTiem"", ""Pouriya Adroit""]}, {""id"": ""1TJR1XCWkWYVW2ZFS1QqGs"", ""title"": ""BoghZ"", ""position"": 12, ""duration_seconds"": 161.401, ""artist_credits"": [""HesamTiem"", ""Moreshahin""]}]",standard/unspecified,"{""id"": ""6RlbbqO6RIjqLyvuKajnUV"", ""title"": ""Ay"", ""type"": ""ALBUM"", ""release_date"": ""2026-08-11T00:00:00Z"", ""date_precision"": ""DAY""}",null,,[],No matching source found: no verified SoundCloud candidate established; bounded full-audio probe not performed,,Stored source identity unverified; keep disabled; Artist display name requires identity review
3,Amin Tijay,5,unverified,requires review,RIP Underratedbo!,2YU2B2VwnmKFezMe0KCYWF,2025-08-04T00:00:00Z,DAY,LP,13,https://open.spotify.com/album/2YU2B2VwnmKFezMe0KCYWF,"[""Amin Tijay""]","[{""id"": ""1HJDODAmzxWJcgVLewSpRt"", ""title"": ""Shabie Ma"", ""position"": 1, ""duration_seconds"": 138.671, ""artist_credits"": [""Amin Tijay"", ""Lil Deafo"", ""!Leo""]}, {""id"": ""0rXCgEvj9Sc3qWQlqXqjQJ"", ""title"": ""Bia Yadet Bedam Gang"", ""position"": 2, ""duration_seconds"": 187.448, ""artist_credits"": [""Amin Tijay"", ""Neemski"", ""!Leo"", ""Lil Deafo""]}, {""id"": ""43dkVwRF4e9IdoVtLaxeVH"", ""title"": ""Swage Khodame"", ""position"": 3, ""duration_seconds"": 147.692, ""artist_credits"": [""Amin Tijay"", ""Neemski"", ""Lil Deafo"", ""!Leo""]}, {""id"": ""53EVdZ5iYWbfL2e2BqPF3k"", ""title"": ""Haal Naram"", ""position"": 4, ""duration_seconds"": 171.2, ""artist_credits"": [""Amin Tijay"", ""!Leo"", ""Lil Deafo"", ""Gucciflame""]}, {""id"": ""7D6l3O7vYW3GKo3tA5RzBk"", ""title"": ""Khomari"", ""position"": 5, ""duration_seconds"": 120.713, ""artist_credits"": [""Amin Tijay"", ""Lil Deafo"", ""!Leo""]}, {""id"": ""7tL45Gs5V5qcZ59YBHr8Xz"", ""title"": ""L1F3STYLE"", ""position"": 6, ""duration_seconds"": 187.307, ""artist_credits"": [""Amin Tijay"", ""Lil Deafo"", ""!Leo"", ""rayan""]}, {""id"": ""3oy6ursNoqZW1p7BT9GbaQ"", ""title"": ""Underrated Freestyle"", ""position"": 7, ""duration_seconds"": 133.714, ""artist_credits"": [""Amin Tijay"", ""Lil Deafo"", ""!Leo""]}, {""id"": ""3QoTNBSIrNr8o0mJo6CTjL"", ""title"": ""Jason Freddy"", ""position"": 8, ""duration_seconds"": 226.053, ""artist_credits"": [""Amin Tijay"", ""!Leo"", ""Lil Deafo"", ""Gucciflame""]}, {""id"": ""1d77Xx1dVUp5380LeJTzb8"", ""title"": ""TL"", ""position"": 9, ""duration_seconds"": 165.449, ""artist_credits"": [""Amin Tijay"", ""Neemski"", ""Lil Deafo"", ""!Leo""]}, {""id"": ""48DSI7z14KSuLXzGJc8vti"", ""title"": ""1504"", ""position"": 10, ""duration_seconds"": 288.0, ""artist_credits"": [""Amin Tijay"", ""Neemski"", ""rayan"", ""Gucciflame"", ""Lil Deafo"", ""!Leo""]}, {""id"": ""25f6AGLAh9uIG3seEimfjw"", ""title"": ""Fu**"", ""position"": 11, ""duration_seconds"": 179.586, ""artist_credits"": [""Amin Tijay"", ""Neemski"", ""Ashkan Kagan"", ""!Leo"", ""Lil Deafo"", ""traptee""]}, {""id"": ""0y7BSn0EsJCGGeYASXp1WX"", ""title"": ""Doodi"", ""position"": 12, ""duration_seconds"": 187.687, ""artist_credits"": [""Amin Tijay"", ""Ashkan Kagan""]}, {""id"": ""3eEsLsVPwMk3drY3ZPt1Mq"", ""title"": ""Tobeye Gorg"", ""position"": 13, ""duration_seconds"": 150.62, ""artist_credits"": [""Amin Tijay"", ""Ashkan Kagan"", ""Lil Deafo"", ""!Leo""]}]",standard/unspecified,"{""id"": ""2YU2B2VwnmKFezMe0KCYWF"", ""title"": ""RIP Underratedbo!"", ""type"": ""ALBUM"", ""release_date"": ""2025-08-04T00:00:00Z"", ""date_precision"": ""DAY""}",null,,[],No matching source found: no verified SoundCloud candidate established; bounded full-audio probe not performed,,Stored source identity unverified; keep disabled
4,Mamazi,7,unverified,requires review,Devil May Cry (D.M.C),2ZmZaj0f8KSFdSiStWiHRr,2025-04-15T00:00:00Z,DAY,LP,19,https://open.spotify.com/album/2ZmZaj0f8KSFdSiStWiHRr,"[""Mamazi""]","[{""id"": ""7zbbNS9rooXYUNWhZy3QnZ"", ""title"": ""Haminja"", ""position"": 1, ""duration_seconds"": 209.397, ""artist_credits"": [""Mamazi"", ""Shayan Roohi""]}, {""id"": ""6OjoGeMmZ1SrzCXNoAlS8E"", ""title"": ""Faseleh"", ""position"": 2, ""duration_seconds"": 211.432, ""artist_credits"": [""Mamazi"", ""Sohrab Mj"", ""Shayan Roohi""]}, {""id"": ""3TRf2CN5PrE9OaLhCETa1Z"", ""title"": ""Hate Me Now"", ""position"": 3, ""duration_seconds"": 149.368, ""artist_credits"": [""Mamazi"", ""Canis"", ""Shayan Roohi""]}, {""id"": ""3yfaUqBpv3iuPhv8cmIqMz"", ""title"": ""Streets"", ""position"": 4, ""duration_seconds"": 132.466, ""artist_credits"": [""Mamazi"", ""Pouriya Adroit"", ""Shayan Roohi""]}, {""id"": ""2iie5hNA846r44VIOKwuMD"", ""title"": ""Ghoroob"", ""position"": 5, ""duration_seconds"": 148.558, ""artist_credits"": [""Mamazi"", ""Shayan Roohi""]}, {""id"": ""5pl7tVFpKSiqh4wHS7afzS"", ""title"": ""Khodaye Asemoona"", ""position"": 6, ""duration_seconds"": 290.742, ""artist_credits"": [""Mamazi"", ""Diata"", ""MJoobi""]}, {""id"": ""7erGj8uVslYTKgNEHtGVjs"", ""title"": ""Sargijeh"", ""position"": 7, ""duration_seconds"": 192.47, ""artist_credits"": [""Mamazi"", ""Shayan Roohi""]}, {""id"": ""1kXm5ixWj0mV9080ZuezAb"", ""title"": ""Fucked Up"", ""position"": 8, ""duration_seconds"": 183.902, ""artist_credits"": [""Mamazi"", ""Catchybeatz""]}, {""id"": ""1LapVtB4h32dkPgv4mut7n"", ""title"": ""Adame Khoob Adame Bad"", ""position"": 9, ""duration_seconds"": 143.36, ""artist_credits"": [""Mamazi"", ""Pooyan JC"", ""Shayan Roohi""]}, {""id"": ""0fmKebpoQxCkaHsjcMwBvR"", ""title"": ""Mage Mishe?!"", ""position"": 10, ""duration_seconds"": 196.205, ""artist_credits"": [""Mamazi"", ""Helma"", ""Shayan Roohi""]}, {""id"": ""5QibH4OfPB7au4i79JPsLp"", ""title"": ""Hale Khoob"", ""position"": 11, ""duration_seconds"": 141.426, ""artist_credits"": [""Mamazi"", ""Shayan Roohi""]}, {""id"": ""418lC61LXzhrfATJtldSLW"", ""title"": ""To Chikar Kardi"", ""position"": 12, ""duration_seconds"": 211.147, ""artist_credits"": [""Mamazi"", ""Alipasha"", ""Shayan Roohi""]}, {""id"": ""1ekYe1spHCG7s5hCujBjU9"", ""title"": ""Chale"", ""position"": 13, ""duration_seconds"": 136.907, ""artist_credits"": [""Mamazi"", ""Youngmili"", ""Shayan Roohi""]}, {""id"": ""4DTGREbdf11s55OPPjWOFz"", ""title"": ""Tasvir"", ""position"": 14, ""duration_seconds"": 139.206, ""artist_credits"": [""Mamazi"", ""Imanemun"", ""Shayan Roohi""]}, {""id"": ""7L5Tl52tmwwWA3lnryUwKe"", ""title"": ""Jahan"", ""position"": 15, ""duration_seconds"": 175.229, ""artist_credits"": [""Mamazi"", ""Kambalad"", ""Shayan Roohi""]}, {""id"": ""7u1FFHKEf2qGWv1z7yrNg9"", ""title"": ""Yadegari"", ""position"": 16, ""duration_seconds"": 162.063, ""artist_credits"": [""Mamazi"", ""Shayan Roohi""]}, {""id"": ""26OFJ4QtjicCUcvmKIDEIE"", ""title"": ""Ex - Remix"", ""position"": 17, ""duration_seconds"": 173.348, ""artist_credits"": [""Mamazi"", ""Shayan Roohi""]}, {""id"": ""3JBgBkJyW3aDEM9MPQzrXA"", ""title"": ""Ghobar"", ""position"": 18, ""duration_seconds"": 165.381, ""artist_credits"": [""Mamazi"", ""Ezza"", ""Shayan Roohi""]}, {""id"": ""6Olt7E84fPBDDEQb7PwvKf"", ""title"": ""Kasebaye (L.O.C)"", ""position"": 19, ""duration_seconds"": 128.0, ""artist_credits"": [""Mamazi"", ""Shayan Roohi""]}]",standard/unspecified,"{""id"": ""2ZmZaj0f8KSFdSiStWiHRr"", ""title"": ""Devil May Cry (D.M.C)"", ""type"": ""ALBUM"", ""release_date"": ""2025-04-15T00:00:00Z"", ""date_precision"": ""DAY""}","{""id"": ""2yE1YQWt7tWPaVudzllNf6"", ""title"": ""APPETIZER"", ""type"": ""EP"", ""release_date"": ""2023-12-22T00:00:00Z"", ""date_precision"": ""DAY""}",,[],No matching source found: no verified SoundCloud candidate established; bounded full-audio probe not performed,,Stored source identity unverified; keep disabled
5,Sajad Shahi,9,unverified,requires review,MIRAS,7nbBAMwJArumwlmp2AM2SR,2025-08-01T00:00:00Z,DAY,LP,10,https://open.spotify.com/album/7nbBAMwJArumwlmp2AM2SR,"[""Sajad Shahi""]","[{""id"": ""5CWYJmnCJCP3C0BKDIzGeO"", ""title"": ""MIRAS"", ""position"": 1, ""duration_seconds"": 165.007, ""artist_credits"": [""Sajad Shahi""]}, {""id"": ""44H6Qek39H1FKr0ETDEz7D"", ""title"": ""POP"", ""position"": 2, ""duration_seconds"": 170.009, ""artist_credits"": [""Sajad Shahi""]}, {""id"": ""3En0pgUFX5CGbKFrQZetKr"", ""title"": ""TASLIAT"", ""position"": 3, ""duration_seconds"": 254.006, ""artist_credits"": [""Sajad Shahi"", ""Dariu$h"", ""6ehtash""]}, {""id"": ""4IKHUkWOn1fUXiInN8qZk0"", ""title"": ""FALL"", ""position"": 4, ""duration_seconds"": 201.005, ""artist_credits"": [""Sajad Shahi"", ""Moreshahin""]}, {""id"": ""1BGrRTshaXwRCIPJXHAGky"", ""title"": ""HARIFAM NI"", ""position"": 5, ""duration_seconds"": 183.006, ""artist_credits"": [""Sajad Shahi"", ""Danzzy""]}, {""id"": ""5I0KbH9YUAZcf6E9N7or1F"", ""title"": ""TRAGEDY"", ""position"": 6, ""duration_seconds"": 180.005, ""artist_credits"": [""Sajad Shahi"", ""Matin Fattahi"", ""NoTsH""]}, {""id"": ""3mLs36ekebXa7xAx6JqEtW"", ""title"": ""UPSET"", ""position"": 7, ""duration_seconds"": 162.005, ""artist_credits"": [""Sajad Shahi"", ""Ali Geramy"", ""Danzzy""]}, {""id"": ""01pc8ZwNeOPDcHjc3voTnL"", ""title"": ""RAKAB"", ""position"": 8, ""duration_seconds"": 172.006, ""artist_credits"": [""Sajad Shahi""]}, {""id"": ""6QhbQYahD65bx532OgYvF8"", ""title"": ""MORD"", ""position"": 9, ""duration_seconds"": 155.0, ""artist_credits"": [""Sajad Shahi""]}, {""id"": ""1uvg54m4pmp2ja1OqkWx3a"", ""title"": ""BORO"", ""position"": 10, ""duration_seconds"": 140.208, ""artist_credits"": [""Sajad Shahi""]}]",standard/unspecified,"{""id"": ""7nbBAMwJArumwlmp2AM2SR"", ""title"": ""MIRAS"", ""type"": ""ALBUM"", ""release_date"": ""2025-08-01T00:00:00Z"", ""date_precision"": ""DAY""}",null,,[],No matching source found: no verified SoundCloud candidate established; bounded full-audio probe not performed,,Stored source identity unverified; keep disabled
6,Sinazza,11,unverified,no qualifying LP/EP in complete catalog,,,,,,,,[],[],,null,null,,[],No release selected; acquisition not assessed,,Stored source identity unverified; keep disabled
7,Hoomaan,13,unverified,requires review,Shahre Moon,34Th2FiVSnbZbUxsop0PBo,2023-06-09T00:00:00Z,DAY,LP,13,https://open.spotify.com/album/34Th2FiVSnbZbUxsop0PBo,"[""Hoomaan""]","[{""id"": ""14iFHM2RfBZqpyfi9AKdtl"", ""title"": ""Shahre Moon"", ""position"": 1, ""duration_seconds"": 164.179, ""artist_credits"": [""Hoomaan"", ""Arman Miladi""]}, {""id"": ""6H9sPxi5D7IYcOQgq7bBeL"", ""title"": ""Zire Aftabe Tabestoon"", ""position"": 2, ""duration_seconds"": 147.147, ""artist_credits"": [""Hoomaan"", ""Arman Miladi""]}, {""id"": ""76sJWeHtyg4LCVuJzy2JjS"", ""title"": ""ShakheGol"", ""position"": 3, ""duration_seconds"": 172.251, ""artist_credits"": [""Hoomaan"", ""Arman Miladi"", ""Arown""]}, {""id"": ""19ylPYl53F6TAbSlK8WTZ4"", ""title"": ""Parvaneha"", ""position"": 4, ""duration_seconds"": 174.524, ""artist_credits"": [""Hoomaan""]}, {""id"": ""08sfRx1LwATblMBU5dqcx6"", ""title"": ""Dare Mire"", ""position"": 5, ""duration_seconds"": 226.312, ""artist_credits"": [""Hoomaan"", ""Sijal""]}, {""id"": ""3EV4Pkn9hh2p81urg4XjCl"", ""title"": ""Bebinam Khandato"", ""position"": 6, ""duration_seconds"": 127.895, ""artist_credits"": [""Hoomaan""]}, {""id"": ""2C857idcSp8fhSk0KFGUMp"", ""title"": ""Alaki Khoshim"", ""position"": 7, ""duration_seconds"": 213.655, ""artist_credits"": [""Hoomaan"", ""Young Sudden"", ""Sinazza""]}, {""id"": ""4KBYl44uM2giZf7mSlMKQ5"", ""title"": ""Donyaye Siah"", ""position"": 8, ""duration_seconds"": 156.055, ""artist_credits"": [""Hoomaan""]}, {""id"": ""5MqFl58hDVIkWohEV3mdry"", ""title"": ""Oghyanus"", ""position"": 9, ""duration_seconds"": 236.303, ""artist_credits"": [""Hoomaan"", ""Arman Miladi""]}, {""id"": ""5B1VwCMIXE0wz49hkOwwxi"", ""title"": ""In Shahre Mane"", ""position"": 10, ""duration_seconds"": 171.833, ""artist_credits"": [""Hoomaan""]}, {""id"": ""1Y1XzhyBm77KljUAxDu6FS"", ""title"": ""Baby"", ""position"": 11, ""duration_seconds"": 179.67, ""artist_credits"": [""Hoomaan"", ""021Kid""]}, {""id"": ""3xu4WEOnzBtENrIWFWOvy3"", ""title"": ""Fekr Mikone Tanhast"", ""position"": 12, ""duration_seconds"": 194.377, ""artist_credits"": [""Hoomaan""]}, {""id"": ""6UnRM2BbtVrPpOmMwpZdzj"", ""title"": ""Outro (Zire Asemoone Shahre Moon)"", ""position"": 13, ""duration_seconds"": 178.808, ""artist_credits"": [""Hoomaan""]}]",standard/unspecified,"{""id"": ""34Th2FiVSnbZbUxsop0PBo"", ""title"": ""Shahre Moon"", ""type"": ""ALBUM"", ""release_date"": ""2023-06-09T00:00:00Z"", ""date_precision"": ""DAY""}",null,,[],No matching source found: no verified SoundCloud candidate established; bounded full-audio probe not performed,,Stored source identity unverified; keep disabled
8,Vinak,15,unverified,requires review,Concert Type (Vol. 1),3ElC9tdBi3mZJDNtJsktSt,2026-08-27T00:00:00Z,DAY,LP,7,https://open.spotify.com/album/3ElC9tdBi3mZJDNtJsktSt,"[""Vinak""]","[{""id"": ""673wb5QW6XKrOGVRWTX8vq"", ""title"": ""Mi Vida Loca"", ""position"": 1, ""duration_seconds"": 250.867, ""artist_credits"": [""Vinak""]}, {""id"": ""6iRRw4O5nVSSBMdoy1qSnw"", ""title"": ""Baila Conmigo"", ""position"": 2, ""duration_seconds"": 214.453, ""artist_credits"": [""Vinak""]}, {""id"": ""0OdLuRVn8bScvOXgYHRVus"", ""title"": ""Yadetam"", ""position"": 3, ""duration_seconds"": 208.43, ""artist_credits"": [""Vinak""]}, {""id"": ""2bodOoTI6jKxiInL45kGxw"", ""title"": ""Shot Biriz"", ""position"": 4, ""duration_seconds"": 229.777, ""artist_credits"": [""Vinak""]}, {""id"": ""4JzmApZ4FYHUD6D35DTCju"", ""title"": ""Delgire"", ""position"": 5, ""duration_seconds"": 269.549, ""artist_credits"": [""Vinak""]}, {""id"": ""4zREf5jL8aO9OqqXEpUDmE"", ""title"": ""Bi Setare"", ""position"": 6, ""duration_seconds"": 220.853, ""artist_credits"": [""Vinak""]}, {""id"": ""2aOd3ApORBUlarcJ2zsbVg"", ""title"": ""Candy"", ""position"": 7, ""duration_seconds"": 207.2, ""artist_credits"": [""Vinak""]}]",standard/unspecified,"{""id"": ""3ElC9tdBi3mZJDNtJsktSt"", ""title"": ""Concert Type (Vol. 1)"", ""type"": ""ALBUM"", ""release_date"": ""2026-08-27T00:00:00Z"", ""date_precision"": ""DAY""}","{""id"": ""0WSY9fNwo4wkbYhksKONbB"", ""title"": ""Moosh Zade"", ""type"": ""EP"", ""release_date"": ""2026-07-12T00:00:00Z"", ""date_precision"": ""DAY""}",,[],No matching source found: no verified SoundCloud candidate established; bounded full-audio probe not performed,,Stored source identity unverified; keep disabled
9,Dorcci,17,unverified,requires review,YOUNG MORVARID,52qjd27T8RrB5vIvqIMKnE,2025-02-21T00:00:00Z,DAY,LP,12,https://open.spotify.com/album/52qjd27T8RrB5vIvqIMKnE,"[""Dorcci""]","[{""id"": ""4CGtflVJcUQ7QNAis0f9NJ"", ""title"": ""GONAH"", ""position"": 1, ""duration_seconds"": 232.25, ""artist_credits"": [""Dorcci""]}, {""id"": ""28iQJT2zxEawZAHv654v2L"", ""title"": ""BE KOJA RESIDI"", ""position"": 2, ""duration_seconds"": 216.137, ""artist_credits"": [""Dorcci""]}, {""id"": ""4ZWRgik6RivKSPpKupcq0G"", ""title"": ""H2CO3"", ""position"": 3, ""duration_seconds"": 136.744, ""artist_credits"": [""Dorcci""]}, {""id"": ""0MTom2UEtLbyZT38xJcdzd"", ""title"": ""YELLOW"", ""position"": 4, ""duration_seconds"": 192.25, ""artist_credits"": [""Dorcci""]}, {""id"": ""1zI22UXrPBomUrHob9GmpB"", ""title"": ""BAD FREESTYLE"", ""position"": 5, ""duration_seconds"": 208.369, ""artist_credits"": [""Dorcci""]}, {""id"": ""0PKPZT6GXvkDFsbERiSO1w"", ""title"": ""BAD MAST"", ""position"": 6, ""duration_seconds"": 203.3, ""artist_credits"": [""Dorcci""]}, {""id"": ""1ehcLnEqpvS2pSJ1VmsRJR"", ""title"": ""RED"", ""position"": 7, ""duration_seconds"": 176.024, ""artist_credits"": [""Dorcci""]}, {""id"": ""71gsLbf8iQV7M5JhU0WOI1"", ""title"": ""TOO LATE"", ""position"": 8, ""duration_seconds"": 139.156, ""artist_credits"": [""Dorcci""]}, {""id"": ""10MsfNE6w1kaQGGbOvG3cw"", ""title"": ""DIVOONE"", ""position"": 9, ""duration_seconds"": 133.86, ""artist_credits"": [""Dorcci""]}, {""id"": ""1YFAi3Mxuofp5tOUao2oaJ"", ""title"": ""ADDI"", ""position"": 10, ""duration_seconds"": 233.6, ""artist_credits"": [""Dorcci""]}, {""id"": ""0Gy6zmPCoE9m9gdjIm06Uo"", ""title"": ""YOUNG MORVARID"", ""position"": 11, ""duration_seconds"": 168.333, ""artist_credits"": [""Dorcci""]}, {""id"": ""0ji24AgGsswuWz6JyQeRAq"", ""title"": ""BOY"", ""position"": 12, ""duration_seconds"": 167.327, ""artist_credits"": [""Dorcci""]}]",standard/unspecified,"{""id"": ""52qjd27T8RrB5vIvqIMKnE"", ""title"": ""YOUNG MORVARID"", ""type"": ""ALBUM"", ""release_date"": ""2025-02-21T00:00:00Z"", ""date_precision"": ""DAY""}",null,,[],No matching source found: no verified SoundCloud candidate established; bounded full-audio probe not performed,,Stored source identity unverified; keep disabled
10,Hiphopologist,19,unverified,requires review,Enhelale Label,3FyXcxmpYzwXy0ZE76Oy7P,2026-07-11T00:00:00Z,DAY,EP,1,https://open.spotify.com/album/3FyXcxmpYzwXy0ZE76Oy7P,"[""Hiphopologist""]","[{""id"": ""6iyO2x78b3X7TdnilJPtCE"", ""title"": ""Enhelale Label"", ""position"": 1, ""duration_seconds"": 522.937, ""artist_credits"": [""Hiphopologist""]}]",standard/unspecified,"{""id"": ""6fNHYJD6cQh0U5bMW6ArBj"", ""title"": ""Heart Attack"", ""type"": ""ALBUM"", ""release_date"": ""2025-11-12T00:00:00Z"", ""date_precision"": ""DAY""}","{""id"": ""3FyXcxmpYzwXy0ZE76Oy7P"", ""title"": ""Enhelale Label"", ""type"": ""EP"", ""release_date"": ""2026-07-11T00:00:00Z"", ""date_precision"": ""DAY""}",,[],No matching source found: no verified SoundCloud candidate established; bounded full-audio probe not performed,,Stored source identity unverified; keep disabled
11,Chvrsi,21,unverified,requires review,Mochale,00lH6uNeOKJfwyckC9toxJ,2026-06-13T00:00:00Z,DAY,EP,6,https://open.spotify.com/album/00lH6uNeOKJfwyckC9toxJ,"[""Chvrsi"", ""Mors""]","[{""id"": ""6fV7tVlDkDxgpKGEKMBNTM"", ""title"": ""Pak O Pare"", ""position"": 1, ""duration_seconds"": 119.942, ""artist_credits"": [""Chvrsi"", ""Mors""]}, {""id"": ""1FzL8nS5ksjSRYtEXDTkjv"", ""title"": ""Paeiz"", ""position"": 2, ""duration_seconds"": 172.805, ""artist_credits"": [""Chvrsi"", ""Mors"", ""EyeNaz""]}, {""id"": ""7sqEBzuyO96tHUkhh5brFN"", ""title"": ""10 Salegi"", ""position"": 3, ""duration_seconds"": 133.268, ""artist_credits"": [""Chvrsi"", ""Mors""]}, {""id"": ""6y9s4WRKuLfYNqVk7S6ow2"", ""title"": ""Digital"", ""position"": 4, ""duration_seconds"": 195.003, ""artist_credits"": [""Chvrsi"", ""Mors""]}, {""id"": ""5z8gMqGfcmpt5S2sDetYbH"", ""title"": ""Rade Pa"", ""position"": 5, ""duration_seconds"": 120.636, ""artist_credits"": [""Chvrsi"", ""Mors""]}, {""id"": ""2sjhMVgf0uEoWFaMnWnUN5"", ""title"": ""Chapter"", ""position"": 6, ""duration_seconds"": 137.722, ""artist_credits"": [""Chvrsi"", ""Mors""]}]",standard/unspecified,"{""id"": ""02OxQ7rXjoU4kxiBoZteuK"", ""title"": ""Zaar"", ""type"": ""ALBUM"", ""release_date"": ""2024-11-20T00:00:00Z"", ""date_precision"": ""DAY""}","{""id"": ""00lH6uNeOKJfwyckC9toxJ"", ""title"": ""Mochale"", ""type"": ""EP"", ""release_date"": ""2026-06-13T00:00:00Z"", ""date_precision"": ""DAY""}",,[],No matching source found: no verified SoundCloud candidate established; bounded full-audio probe not performed,,Stored source identity unverified; keep disabled
12,Poori,23,unverified,requires review,Az Khoda Betars,4kusQzCYYlUcIgZnL3bH36,2025-06-04T00:00:00Z,DAY,LP,12,https://open.spotify.com/album/4kusQzCYYlUcIgZnL3bH36,"[""Poori""]","[{""id"": ""0uOdEHCym5uRsgsijyfE3M"", ""title"": ""Made in God"", ""position"": 1, ""duration_seconds"": 129.186, ""artist_credits"": [""Poori""]}, {""id"": ""20oMxtjK9hRD9xkpZLq0bf"", ""title"": ""Ya Ali"", ""position"": 2, ""duration_seconds"": 180.0, ""artist_credits"": [""Poori""]}, {""id"": ""1XD96qgphnJqx4OKAHxYTS"", ""title"": ""June Cheshaat"", ""position"": 3, ""duration_seconds"": 201.5, ""artist_credits"": [""Poori""]}, {""id"": ""2qcKJdlahJH6sUZ22rOwwV"", ""title"": ""Hamin Havaali"", ""position"": 4, ""duration_seconds"": 166.0, ""artist_credits"": [""Poori""]}, {""id"": ""62pXUn0xX1ssbFtsvERAdN"", ""title"": ""Nis Kaar"", ""position"": 5, ""duration_seconds"": 131.506, ""artist_credits"": [""Poori""]}, {""id"": ""1ZDcJc0meH9dGshy7SB2Ae"", ""title"": ""Say Allah"", ""position"": 6, ""duration_seconds"": 205.714, ""artist_credits"": [""Poori""]}, {""id"": ""5qwv4bscugEPKHoROhGihs"", ""title"": ""Hichjaam Ni"", ""position"": 7, ""duration_seconds"": 131.0, ""artist_credits"": [""Poori""]}, {""id"": ""6THssarSp3QmtttFVMnjSP"", ""title"": ""97"", ""position"": 8, ""duration_seconds"": 223.44, ""artist_credits"": [""Poori""]}, {""id"": ""3MF7DfaEgge8txRNDw86ZK"", ""title"": ""Beki"", ""position"": 9, ""duration_seconds"": 137.616, ""artist_credits"": [""Poori""]}, {""id"": ""5ujmuBtcUb9MC2ZxjzcF5l"", ""title"": ""Rasht Trap"", ""position"": 10, ""duration_seconds"": 185.306, ""artist_credits"": [""Poori""]}, {""id"": ""1GvKsxq8I87F6iLPfC2VlK"", ""title"": ""Haa (Freestyle)"", ""position"": 11, ""duration_seconds"": 133.67, ""artist_credits"": [""Poori""]}, {""id"": ""1OBaBVCmjab2ziBzOu4UHS"", ""title"": ""Khaar Ko***"", ""position"": 12, ""duration_seconds"": 162.25, ""artist_credits"": [""Poori""]}]",standard/unspecified,"{""id"": ""4kusQzCYYlUcIgZnL3bH36"", ""title"": ""Az Khoda Betars"", ""type"": ""ALBUM"", ""release_date"": ""2025-06-04T00:00:00Z"", ""date_precision"": ""DAY""}","{""id"": ""4FQHPSBze1oSgSkLgKqSOa"", ""title"": ""Daddy's Back"", ""type"": ""EP"", ""release_date"": ""2024-10-18T00:00:00Z"", ""date_precision"": ""DAY""}",,[],No matching source found: no verified SoundCloud candidate established; bounded full-audio probe not performed,,Stored source identity unverified; keep disabled
13,Arta,25,unverified,requires review,HITMAN,643tLZ4wQii7WcMnjTmPdL,2024-12-28T00:00:00Z,DAY,LP,21,https://open.spotify.com/album/643tLZ4wQii7WcMnjTmPdL,"[""Arta""]","[{""id"": ""10qDfPAM4xXmRiuPYL1BBM"", ""title"": ""HITMAN"", ""position"": 1, ""duration_seconds"": 131.02, ""artist_credits"": [""Arta"", ""Arman Miladi""]}, {""id"": ""48C7HcDwF5suV8cZ8AsUR0"", ""title"": ""Midunam"", ""position"": 2, ""duration_seconds"": 138.666, ""artist_credits"": [""Arta"", ""Arman Miladi""]}, {""id"": ""3ahYEr2mXxhTjIFSG1G18M"", ""title"": ""Andaze Man"", ""position"": 3, ""duration_seconds"": 148.085, ""artist_credits"": [""Arta"", ""Hoomaan"", ""Arman Miladi""]}, {""id"": ""1qeW5lxEjKNlUaRLyOxttq"", ""title"": ""Yadet Ni"", ""position"": 4, ""duration_seconds"": 148.846, ""artist_credits"": [""Arta"", ""Arman Miladi""]}, {""id"": ""6z8JSWmmRupasg6Oj7pNGj"", ""title"": ""ARE"", ""position"": 5, ""duration_seconds"": 204.618, ""artist_credits"": [""Arta"", ""Koorosh"", ""Ashkan Kagan""]}, {""id"": ""4lDICTC6N3zuGxOfNpH2tV"", ""title"": ""NGK"", ""position"": 6, ""duration_seconds"": 126.651, ""artist_credits"": [""Arta"", ""poobon""]}, {""id"": ""0txoiUGZzUO5GlgtR6Tq6x"", ""title"": ""No Cap"", ""position"": 7, ""duration_seconds"": 181.5, ""artist_credits"": [""Arta"", ""Arman Miladi"", ""Yung Bans""]}, {""id"": ""6b2Sx5aKI8377WCRuwEivJ"", ""title"": ""Keshidam Biroon"", ""position"": 8, ""duration_seconds"": 189.587, ""artist_credits"": [""Arta"", ""Vinak""]}, {""id"": ""5Y5zfo4j4fXhlFsv4DcS2H"", ""title"": ""Daily"", ""position"": 9, ""duration_seconds"": 168.046, ""artist_credits"": [""Arta"", ""Saretan"", ""Parsa""]}, {""id"": ""6CKWRof7WSNU4AvEaAygof"", ""title"": ""CANCELE"", ""position"": 10, ""duration_seconds"": 330.947, ""artist_credits"": [""Arta"", ""Koorosh"", ""Erfan"", ""Behzad Leito"", ""Catchybeatz"", ""Sepehr Khalse"", ""PDC"", ""Shayan Roohi""]}, {""id"": ""7y8YyMSffPhpbjzNFExdT9"", ""title"": ""U"", ""position"": 11, ""duration_seconds"": 177.391, ""artist_credits"": [""Arta"", ""Sepehr Khalse"", ""Catchybeatz""]}, {""id"": ""6F4s7kTf5xnx9XO8hDLgkM"", ""title"": ""Bitch"", ""position"": 12, ""duration_seconds"": 167.596, ""artist_credits"": [""Arta"", ""Saretan"", ""Arman Miladi""]}, {""id"": ""0fJmIQQQZ9qpp2AKzYKfeP"", ""title"": ""Dige Na"", ""position"": 13, ""duration_seconds"": 145.573, ""artist_credits"": [""Arta"", ""Arman Miladi""]}, {""id"": ""3iz2uomBzESI1iyOCRK8Wa"", ""title"": ""Mano To"", ""position"": 14, ""duration_seconds"": 210.989, ""artist_credits"": [""Arta"", ""Arman Miladi""]}, {""id"": ""7o8H2mJWGEMAKw8VJdz1gm"", ""title"": ""Yadame"", ""position"": 15, ""duration_seconds"": 90.461, ""artist_credits"": [""Arta"", ""Ayzun"", ""Arman Miladi""]}, {""id"": ""4hnLclXe4gzJsnWvSgnYuQ"", ""title"": ""Kojayi"", ""position"": 16, ""duration_seconds"": 196.793, ""artist_credits"": [""Arta"", ""Alipasha"", ""Abri""]}, {""id"": ""4Rw7mD5PUxWHQGygJ8YHcf"", ""title"": ""Mano To - Acoustic Version"", ""position"": 17, ""duration_seconds"": 168.791, ""artist_credits"": [""Arta"", ""Sami Low"", ""Saade""]}, {""id"": ""7wxjoKLE8djjwf5BWlD6Hc"", ""title"": ""Age Bere"", ""position"": 18, ""duration_seconds"": 132.315, ""artist_credits"": [""Arta"", ""Hoomaan"", ""Arman Miladi""]}, {""id"": ""6ssjUKaEysA7RfSA7xrbtP"", ""title"": ""Dead Inside"", ""position"": 19, ""duration_seconds"": 156.75, ""artist_credits"": [""Arta"", ""Parsa""]}, {""id"": ""7jjN0BxuijZDcercikx4Ok"", ""title"": ""LASHI"", ""position"": 20, ""duration_seconds"": 189.677, ""artist_credits"": [""Arta"", ""88NOIZ""]}, {""id"": ""67jO1YYJaNx3Y180RjPw3k"", ""title"": ""Arab Bricks"", ""position"": 21, ""duration_seconds"": 238.153, ""artist_credits"": [""Arta"", ""Koorosh"", ""Drei"", ""Rick Ross"", ""Gucci Mane"", ""It's Different""]}]",standard/unspecified,"{""id"": ""643tLZ4wQii7WcMnjTmPdL"", ""title"": ""HITMAN"", ""type"": ""ALBUM"", ""release_date"": ""2024-12-28T00:00:00Z"", ""date_precision"": ""DAY""}",null,,[],No matching source found: no verified SoundCloud candidate established; bounded full-audio probe not performed,,Stored source identity unverified; keep disabled
14,Koorosh Wantons,27,unverified,requires review,TEHRAN 2585,1zoub0zRSL76zkkDsrwipt,2026-06-08T00:00:00Z,DAY,EP,5,https://open.spotify.com/album/1zoub0zRSL76zkkDsrwipt,"[""Koorosh""]","[{""id"": ""4eBxyJSCImHw30pzEijNqj"", ""title"": ""Nobahar"", ""position"": 1, ""duration_seconds"": 151.415, ""artist_credits"": [""Koorosh""]}, {""id"": ""5s6mXrcSzJA0Psa03ECWff"", ""title"": ""Baghalet"", ""position"": 2, ""duration_seconds"": 231.999, ""artist_credits"": [""Koorosh"", ""Sami Low""]}, {""id"": ""1TObrO0jdGdHZ18c2hnDsW"", ""title"": ""Khooneye Man"", ""position"": 3, ""duration_seconds"": 226.115, ""artist_credits"": [""Koorosh"", ""Arta""]}, {""id"": ""2DWMnhB35lEIzt2ijcUlfj"", ""title"": ""To Faghat Bash"", ""position"": 4, ""duration_seconds"": 212.333, ""artist_credits"": [""Koorosh"", ""Raha""]}, {""id"": ""49LxCjluzlLSKmsIpcaWFf"", ""title"": ""Ba Man Beraghs"", ""position"": 5, ""duration_seconds"": 213.357, ""artist_credits"": [""Koorosh"", ""Saaren""]}]",standard/unspecified,"{""id"": ""3lEXyPeyBzW02bCML4VDkP"", ""title"": ""HOME ALONE"", ""type"": ""ALBUM"", ""release_date"": ""2024-03-29T00:00:00Z"", ""date_precision"": ""DAY""}","{""id"": ""1zoub0zRSL76zkkDsrwipt"", ""title"": ""TEHRAN 2585"", ""type"": ""EP"", ""release_date"": ""2026-06-08T00:00:00Z"", ""date_precision"": ""DAY""}",,[],No matching source found: no verified SoundCloud candidate established; bounded full-audio probe not performed,,Stored source identity unverified; keep disabled; Artist display name requires identity review
15,Canis,29,unverified,requires review,AKA,4rY8LwQfjEUPZEk7T6m5k1,2024-10-12T00:00:00Z,DAY,LP,11,https://open.spotify.com/album/4rY8LwQfjEUPZEk7T6m5k1,"[""Canis""]","[{""id"": ""7Me42lP2FbjJSGUxvxWtpB"", ""title"": ""Nemiarzidi"", ""position"": 1, ""duration_seconds"": 227.95, ""artist_credits"": [""Canis""]}, {""id"": ""6sfCFsIMHYomdvo3pSnJZE"", ""title"": ""Dele Man"", ""position"": 2, ""duration_seconds"": 183.931, ""artist_credits"": [""Canis"", ""Mehrad Hidden""]}, {""id"": ""49LfzBQcrptKgxGln7Vpov"", ""title"": ""Khodafezi"", ""position"": 3, ""duration_seconds"": 224.25, ""artist_credits"": [""Canis""]}, {""id"": ""0F2LTUswwK8LVb0hDCLg1J"", ""title"": ""Chikar Daram"", ""position"": 4, ""duration_seconds"": 210.525, ""artist_credits"": [""Canis"", ""Shayea""]}, {""id"": ""4yXmxbNyDfSeVRoRf1QK9L"", ""title"": ""Fargh Mikardim"", ""position"": 5, ""duration_seconds"": 285.757, ""artist_credits"": [""Canis"", ""Chvrsi""]}, {""id"": ""73zLUHBVszFdCUSASB0WPe"", ""title"": ""Vaghti Tanha Misham"", ""position"": 6, ""duration_seconds"": 304.0, ""artist_credits"": [""Canis"", ""Sijal""]}, {""id"": ""5TJ7qyHSA53qohv4x2p7EV"", ""title"": ""Bi To"", ""position"": 7, ""duration_seconds"": 185.0, ""artist_credits"": [""Canis""]}, {""id"": ""3Y4ZCka7IIlRoJ6gpviBtG"", ""title"": ""Romance"", ""position"": 8, ""duration_seconds"": 257.0, ""artist_credits"": [""Canis"", ""Behzad Leito""]}, {""id"": ""6seimNZDVTNAjYVlspObVT"", ""title"": ""Decori"", ""position"": 9, ""duration_seconds"": 214.283, ""artist_credits"": [""Canis"", ""Mahyar""]}, {""id"": ""5RcR9QeuNe9FgU1IqbUPM9"", ""title"": ""Hasood"", ""position"": 10, ""duration_seconds"": 217.0, ""artist_credits"": [""Canis""]}, {""id"": ""1q5RlonXNMDw71uu4Juyua"", ""title"": ""Shaskhin"", ""position"": 11, ""duration_seconds"": 229.499, ""artist_credits"": [""Canis"", ""Sargijeh""]}]",standard/unspecified,"{""id"": ""4rY8LwQfjEUPZEk7T6m5k1"", ""title"": ""AKA"", ""type"": ""ALBUM"", ""release_date"": ""2024-10-12T00:00:00Z"", ""date_precision"": ""DAY""}",null,,[],No matching source found: no verified SoundCloud candidate established; bounded full-audio probe not performed,,Stored source identity unverified; keep disabled
16,Sijal,31,verified,suggested,OCD,2yHJfINmVWOpGLymx3JxaW,2025-11-28T00:00:00Z,DAY,LP,9,https://open.spotify.com/album/2yHJfINmVWOpGLymx3JxaW,"[""Sijal"", ""Sepehr Khalse""]","[{""id"": ""6LMxAhRtBWlTJ2xY4vFJ03"", ""title"": ""Hichki Mese Man"", ""position"": 1, ""duration_seconds"": 166.363, ""artist_credits"": [""Sijal"", ""Sepehr Khalse""]}, {""id"": ""39PlrBsUlInc8JdQPn3eJL"", ""title"": ""2 Ace"", ""position"": 2, ""duration_seconds"": 175.939, ""artist_credits"": [""Sijal"", ""Sepehr Khalse"", ""Catchybeatz""]}, {""id"": ""5mMqelfeaQ2pOWSVOzDh8k"", ""title"": ""Dele Man"", ""position"": 3, ""duration_seconds"": 186.545, ""artist_credits"": [""Sijal"", ""Sepehr Khalse"", ""Heliyom""]}, {""id"": ""01bFSZDBEyKT3cjdX1lU4o"", ""title"": ""Bekhatere To"", ""position"": 4, ""duration_seconds"": 211.862, ""artist_credits"": [""Sijal"", ""Sepehr Khalse"", ""Heliyom""]}, {""id"": ""71YooyJQqjL83XPXf7JpvF"", ""title"": ""Kabol"", ""position"": 5, ""duration_seconds"": 213.818, ""artist_credits"": [""Sijal"", ""Sepehr Khalse"", ""Maslak"", ""Darab""]}, {""id"": ""5yY5VLB66WYD7oPksAxUqh"", ""title"": ""Seda"", ""position"": 6, ""duration_seconds"": 236.923, ""artist_credits"": [""Sijal"", ""Sepehr Khalse"", ""Milanium"", ""AHU""]}, {""id"": ""0e5rlph0Dvah0O07QaaiB1"", ""title"": ""Eshghe Alaki"", ""position"": 7, ""duration_seconds"": 213.559, ""artist_credits"": [""Sijal"", ""Sepehr Khalse"", ""Sohrab Mj"", ""Heliyom""]}, {""id"": ""6CMvrhNia97MKIjgMEpbKn"", ""title"": ""Greece"", ""position"": 8, ""duration_seconds"": 164.217, ""artist_credits"": [""Sijal"", ""Sepehr Khalse"", ""Heliyom""]}, {""id"": ""5uPfsABbV2x3yPyzHEATAQ"", ""title"": ""Azadi"", ""position"": 9, ""duration_seconds"": 139.838, ""artist_credits"": [""Sijal"", ""Sepehr Khalse"", ""Milanium""]}]",standard/unspecified,"{""id"": ""2yHJfINmVWOpGLymx3JxaW"", ""title"": ""OCD"", ""type"": ""ALBUM"", ""release_date"": ""2025-11-28T00:00:00Z"", ""date_precision"": ""DAY""}","{""id"": ""7q0vI93TCn9NcpuzFC0eOC"", ""title"": ""Prestige"", ""type"": ""EP"", ""release_date"": ""2023-08-22T00:00:00Z"", ""date_precision"": ""DAY""}",,[],Requires review: provider probe unavailable,,
17,Behzad Leito,33,unverified,requires review,Late Night Drive,2fgQ1CW4NipK8HCe4Gobn5,2026-06-19T00:00:00Z,DAY,LP,10,https://open.spotify.com/album/2fgQ1CW4NipK8HCe4Gobn5,"[""Behzad Leito""]","[{""id"": ""5IHCdcMufQrfrXJCLRjYlG"", ""title"": ""Ba Man Harf Bezan"", ""position"": 1, ""duration_seconds"": 183.529, ""artist_credits"": [""Behzad Leito"", ""Tamara""]}, {""id"": ""5IlhdUHCCbWCwRaUKE47Q7"", ""title"": ""Mesle Ghablan"", ""position"": 2, ""duration_seconds"": 240.0, ""artist_credits"": [""Behzad Leito"", ""Isam"", ""Tamara""]}, {""id"": ""3TbLJtJiuaTdRWMc6pl14h"", ""title"": ""Doost Daram Hamishe"", ""position"": 3, ""duration_seconds"": 174.736, ""artist_credits"": [""Behzad Leito"", ""Sepehr Khalse""]}, {""id"": ""18qxLOaGrJaJOJAGpTiK1c"", ""title"": ""Be Goosham Resid"", ""position"": 4, ""duration_seconds"": 164.363, ""artist_credits"": [""Behzad Leito""]}, {""id"": ""2jIVjV2IIVT33jyDq4pmLa"", ""title"": ""Bi To"", ""position"": 5, ""duration_seconds"": 185.333, ""artist_credits"": [""Behzad Leito""]}, {""id"": ""1IkGrC3bwlE05xiKnDcmZ9"", ""title"": ""Chera Rafti"", ""position"": 6, ""duration_seconds"": 257.142, ""artist_credits"": [""Behzad Leito"", ""Chvrsi""]}, {""id"": ""62ADA06wvoW4evH0UsANhG"", ""title"": ""Bezar Beri Yadam"", ""position"": 7, ""duration_seconds"": 186.136, ""artist_credits"": [""Behzad Leito"", ""Tamara""]}, {""id"": ""63QYo0oDxqIW5fiIxDH8uW"", ""title"": ""Bazam Ke Hichi"", ""position"": 8, ""duration_seconds"": 177.272, ""artist_credits"": [""Behzad Leito"", ""IcyMoon""]}, {""id"": ""4xIizaICHq9E4orJyj6Rtr"", ""title"": ""Boodi Bedehkar"", ""position"": 9, ""duration_seconds"": 173.503, ""artist_credits"": [""Behzad Leito"", ""Chvrsi""]}, {""id"": ""1wBT5AXJm5EBSqB77p3ar9"", ""title"": ""Faaze Khalse"", ""position"": 10, ""duration_seconds"": 181.333, ""artist_credits"": [""Behzad Leito""]}]",standard/unspecified,"{""id"": ""2fgQ1CW4NipK8HCe4Gobn5"", ""title"": ""Late Night Drive"", ""type"": ""ALBUM"", ""release_date"": ""2026-06-19T00:00:00Z"", ""date_precision"": ""DAY""}",null,,[],No matching source found: no verified SoundCloud candidate established; bounded full-audio probe not performed,,Stored source identity unverified; keep disabled
18,Sepehr Khalse,35,unverified,requires review,Margo Zendegi,6YbfLFtFRkIO1YEvx4n9rz,2026-08-11T00:00:00Z,DAY,LP,9,https://open.spotify.com/album/6YbfLFtFRkIO1YEvx4n9rz,"[""Sepehr Khalse""]","[{""id"": ""6uD1I7nzgtV2i5PETHwB9e"", ""title"": ""Number One"", ""position"": 1, ""duration_seconds"": 162.887, ""artist_credits"": [""Sepehr Khalse"", ""Ashkan Kagan""]}, {""id"": ""0opQSqp250Yx0swOGWtapz"", ""title"": ""Dozdi Ni"", ""position"": 2, ""duration_seconds"": 252.67, ""artist_credits"": [""Sepehr Khalse"", ""Catchybeatz"", ""Young Sudden"", ""Ashkan Kagan""]}, {""id"": ""3neTrarwieQnqh7rMCVcn1"", ""title"": ""Dooset Daram"", ""position"": 3, ""duration_seconds"": 210.639, ""artist_credits"": [""Sepehr Khalse"", ""Ashkan Kagan""]}, {""id"": ""4taCIRKzSWm1w4SKYNrFNd"", ""title"": ""Prada"", ""position"": 4, ""duration_seconds"": 230.424, ""artist_credits"": [""Sepehr Khalse"", ""Hiphopologist"", ""Ashkan Kagan""]}, {""id"": ""5uAADSZiwriedGsfRQAGs9"", ""title"": ""Buggy"", ""position"": 5, ""duration_seconds"": 121.326, ""artist_credits"": [""Sepehr Khalse"", ""Ashkan Kagan""]}, {""id"": ""7705RRMaUalURgri7gyFtD"", ""title"": ""Day One"", ""position"": 6, ""duration_seconds"": 163.436, ""artist_credits"": [""Sepehr Khalse"", ""Arown"", ""Ashkan Kagan""]}, {""id"": ""1vvZZtNvLWiS3adpUSdgdy"", ""title"": ""Marde Sal"", ""position"": 7, ""duration_seconds"": 148.806, ""artist_credits"": [""Sepehr Khalse""]}, {""id"": ""1H8ndm3XxrZjMbiiTo72IT"", ""title"": ""Tool Keshid"", ""position"": 8, ""duration_seconds"": 223.846, ""artist_credits"": [""Sepehr Khalse""]}, {""id"": ""45ZMdHEsvL35wsr1dhmBIl"", ""title"": ""R.I.P"", ""position"": 9, ""duration_seconds"": 174.492, ""artist_credits"": [""Sepehr Khalse""]}]",standard/unspecified,"{""id"": ""6YbfLFtFRkIO1YEvx4n9rz"", ""title"": ""Margo Zendegi"", ""type"": ""ALBUM"", ""release_date"": ""2026-08-11T00:00:00Z"", ""date_precision"": ""DAY""}","{""id"": ""1wgPrSi8CNwLDC2OUnjCK0"", ""title"": ""Fekr o Khial"", ""type"": ""EP"", ""release_date"": ""2014-04-07T00:00:00Z"", ""date_precision"": ""DAY""}",,[],No matching source found: no verified SoundCloud candidate established; bounded full-audio probe not performed,,Stored source identity unverified; keep disabled
19,Shayea,37,unverified,requires review,Asli Mix 001,4xuR2xJ1C6kltAQPLFoggI,2026-08-10T00:00:00Z,DAY,EP,1,https://open.spotify.com/album/4xuR2xJ1C6kltAQPLFoggI,"[""Shayea""]","[{""id"": ""5kVRCCgECg1Si85E8RLWIb"", ""title"": ""Asli Mix 001"", ""position"": 1, ""duration_seconds"": 630.296, ""artist_credits"": [""Shayea""]}]",standard/unspecified,"{""id"": ""5XNU2QTDaLGS6Gc6ihiaXD"", ""title"": ""Amadebash"", ""type"": ""ALBUM"", ""release_date"": ""2023-04-27T00:00:00Z"", ""date_precision"": ""DAY""}","{""id"": ""4xuR2xJ1C6kltAQPLFoggI"", ""title"": ""Asli Mix 001"", ""type"": ""EP"", ""release_date"": ""2026-08-10T00:00:00Z"", ""date_precision"": ""DAY""}",,[],No matching source found: no verified SoundCloud candidate established; bounded full-audio probe not performed,,Stored source identity unverified; keep disabled
20,Fadaei,39,verified,suggested,Rend,6H2dUgWnssEDFFYGOxRlcK,2026-01-05T00:00:00Z,DAY,LP,8,https://open.spotify.com/album/6H2dUgWnssEDFFYGOxRlcK,"[""Fadaei""]","[{""id"": ""1Z9RAL9hc6UmNiloW07Gp6"", ""title"": ""Iran Iran 2"", ""position"": 1, ""duration_seconds"": 182.433, ""artist_credits"": [""Fadaei""]}, {""id"": ""22ggCD7PmMhQLIibG0FTu8"", ""title"": ""Azadi"", ""position"": 2, ""duration_seconds"": 180.338, ""artist_credits"": [""Fadaei""]}, {""id"": ""66i8Hxu90LCS1nSold5zqG"", ""title"": ""Tehran Paris"", ""position"": 3, ""duration_seconds"": 192.525, ""artist_credits"": [""Fadaei""]}, {""id"": ""459wFW06xztMi54j9LSK4w"", ""title"": ""Beppa"", ""position"": 4, ""duration_seconds"": 133.366, ""artist_credits"": [""Fadaei""]}, {""id"": ""5nciUo4h10ZFKoqyTNcXL0"", ""title"": ""Perspolis"", ""position"": 5, ""duration_seconds"": 186.133, ""artist_credits"": [""Fadaei""]}, {""id"": ""4IMTOwiW6M1fUo3TgmQzJy"", ""title"": ""Menare"", ""position"": 6, ""duration_seconds"": 264.6, ""artist_credits"": [""Fadaei"", ""Shapur""]}, {""id"": ""6Xuafwna4JhaPR0zlR1Min"", ""title"": ""Mahal"", ""position"": 7, ""duration_seconds"": 196.262, ""artist_credits"": [""Fadaei""]}, {""id"": ""1OEw3za5CYE8a8tO7UuQBS"", ""title"": ""Madar"", ""position"": 8, ""duration_seconds"": 145.966, ""artist_credits"": [""Fadaei""]}]",standard/unspecified,"{""id"": ""6H2dUgWnssEDFFYGOxRlcK"", ""title"": ""Rend"", ""type"": ""ALBUM"", ""release_date"": ""2026-01-05T00:00:00Z"", ""date_precision"": ""DAY""}","{""id"": ""4kn0HuQXr7RVHBMYELIELs"", ""title"": ""Adl Ep"", ""type"": ""EP"", ""release_date"": ""2012-11-12T00:00:00Z"", ""date_precision"": ""DAY""}",,[],No matching source found: no verified SoundCloud candidate established; bounded full-audio probe not performed,,
21,Sina Sae,40,unverified,requires review,Carnival Series Episode 1,2kA0wiTt80o0Rq8TPtWZxa,2025-11-07T00:00:00Z,DAY,EP,1,https://open.spotify.com/album/2kA0wiTt80o0Rq8TPtWZxa,"[""Sina Sae""]","[{""id"": ""2QJRCpVrpkhaOzhmwB7chW"", ""title"": ""Carnival Series Episode 1"", ""position"": 1, ""duration_seconds"": 778.98, ""artist_credits"": [""Sina Sae""]}]",standard/unspecified,null,"{""id"": ""2kA0wiTt80o0Rq8TPtWZxa"", ""title"": ""Carnival Series Episode 1"", ""type"": ""EP"", ""release_date"": ""2025-11-07T00:00:00Z"", ""date_precision"": ""DAY""}",,[],No matching source found: no verified SoundCloud candidate established; bounded full-audio probe not performed,,Stored source identity unverified; keep disabled
22,Hichkas,42,verified,no qualifying LP/EP in complete catalog,,,,,,,,[],[],,null,null,,[],No release selected; acquisition not assessed,,
23,Yas,44,verified,requires review,Old of YAS,7oQ2HPJmaoE8PZlGDAnkgG,2008-06-05T00:00:00Z,DAY,LP,18,https://open.spotify.com/album/7oQ2HPJmaoE8PZlGDAnkgG,"[""Yas""]","[{""id"": ""1uwhtb1xSRjMlsNXMWo0JZ"", ""title"": ""Dard E Del"", ""position"": 1, ""duration_seconds"": 243.983, ""artist_credits"": [""Yas""]}, {""id"": ""1Vxri9CXy9ozuo8og0kDGX"", ""title"": ""Zehi Eshgh"", ""position"": 2, ""duration_seconds"": 158.004, ""artist_credits"": [""Yas"", ""Sara Naeini""]}, {""id"": ""1wg6b5TjxvZnsTbKGlKGoc"", ""title"": ""CD Ro Beshkan"", ""position"": 3, ""duration_seconds"": 240.016, ""artist_credits"": [""Yas"", ""AaMin""]}, {""id"": ""6lHNQe4qFGvqPyh7dy0Qgo"", ""title"": ""Bayad Betoonim"", ""position"": 4, ""duration_seconds"": 305.0, ""artist_credits"": [""Yas""]}, {""id"": ""3sk67l1bdzmHBwu93M4V4j"", ""title"": ""Na Aslan"", ""position"": 5, ""duration_seconds"": 155.002, ""artist_credits"": [""Yas""]}, {""id"": ""2ZzonLUrSLSnZ39m0cWY4m"", ""title"": ""Hoviate Man"", ""position"": 6, ""duration_seconds"": 229.011, ""artist_credits"": [""Yas"", ""AaMin""]}, {""id"": ""2dO7FMU2GZDjVYpatJSjx2"", ""title"": ""Be Omide Iran"", ""position"": 7, ""duration_seconds"": 266.009, ""artist_credits"": [""Yas"", ""Rastin Zabihi""]}, {""id"": ""7f2gGeV7I1sSRTPm4ucyzq"", ""title"": ""Solh Toei"", ""position"": 8, ""duration_seconds"": 231.992, ""artist_credits"": [""Yas""]}, {""id"": ""2pxGCaLQLcLXqv5wEtrrj7"", ""title"": ""Tamoomesh Kon"", ""position"": 9, ""duration_seconds"": 185.015, ""artist_credits"": [""Yas""]}, {""id"": ""2SO2qb6tevDIdA00LS71YL"", ""title"": ""Be Donya Khosh Omadi"", ""position"": 10, ""duration_seconds"": 242.001, ""artist_credits"": [""Yas""]}, {""id"": ""6RDfyMTR3n7auupr0YaQiW"", ""title"": ""Sakhte"", ""position"": 11, ""duration_seconds"": 262.005, ""artist_credits"": [""Yas"", ""Nima Allameh""]}, {""id"": ""22Q6kYO3p5f2Wpj0UPK3wz"", ""title"": ""Darkam Kon"", ""position"": 12, ""duration_seconds"": 308.993, ""artist_credits"": [""Yas""]}, {""id"": ""0PgJi5uDQht3yaSYbmQlu1"", ""title"": ""Piyade Misham"", ""position"": 13, ""duration_seconds"": 280.012, ""artist_credits"": [""Yas""]}, {""id"": ""7GO2HUF03bQID0kMzNNDmO"", ""title"": ""Marham"", ""position"": 14, ""duration_seconds"": 218.015, ""artist_credits"": [""Yas""]}, {""id"": ""1216oGfet00xDX5432773a"", ""title"": ""Ba Man Bash"", ""position"": 15, ""duration_seconds"": 313.027, ""artist_credits"": [""Yas""]}, {""id"": ""7fifRz5GhV6TPvyISXWYrF"", ""title"": ""Delet Daryast"", ""position"": 16, ""duration_seconds"": 164.997, ""artist_credits"": [""Yas""]}, {""id"": ""1UEkhp9yk7yYQAgKesKHok"", ""title"": ""Sheykhe Hilegar"", ""position"": 17, ""duration_seconds"": 267.012, ""artist_credits"": [""Yas""]}, {""id"": ""0VM0XrDUmGHvYBTwPlmDmE"", ""title"": ""Charso"", ""position"": 18, ""duration_seconds"": 101.983, ""artist_credits"": [""Yas""]}]",standard/unspecified,"{""id"": ""7oQ2HPJmaoE8PZlGDAnkgG"", ""title"": ""Old of YAS"", ""type"": ""ALBUM"", ""release_date"": ""2008-06-05T00:00:00Z"", ""date_precision"": ""DAY""}",null,,[],No matching source found: no verified SoundCloud candidate established; bounded full-audio probe not performed,,Archival/compilation/edition status requires review; not approved as qualifying original LP
24,Reza Pishro,46,unverified,requires review,REFIGH,55M4NLSgJ9L44cEQgMIfH5,2026-09-26T00:00:00Z,DAY,LP,11,https://open.spotify.com/album/55M4NLSgJ9L44cEQgMIfH5,"[""Tohi"", ""Reza Pishro"", ""Ali Owj"", ""Big Shaggy""]","[{""id"": ""3gch57LOnfDpXQJPkZdTnC"", ""title"": ""Intro"", ""position"": 1, ""duration_seconds"": 92.307, ""artist_credits"": [""Tohi""]}, {""id"": ""5MaeIkTLYRvQBO1cdTqJst"", ""title"": ""Apocalypto"", ""position"": 2, ""duration_seconds"": 196.241, ""artist_credits"": [""Tohi"", ""Reza Pishro""]}, {""id"": ""7143gHCixy6HnSZc7XFGlQ"", ""title"": ""11:11"", ""position"": 3, ""duration_seconds"": 196.47, ""artist_credits"": [""Tohi"", ""Reza Pishro"", ""Ali Owj""]}, {""id"": ""4tOSW5LsefSNsJFueo8G67"", ""title"": ""Refigh"", ""position"": 4, ""duration_seconds"": 180.0, ""artist_credits"": [""Tohi"", ""Reza Pishro""]}, {""id"": ""4rFhNpIirWGZWyGGYgOWkG"", ""title"": ""Darnemiuftam"", ""position"": 5, ""duration_seconds"": 224.427, ""artist_credits"": [""Tohi"", ""Reza Pishro"", ""Nassim""]}, {""id"": ""72TuO9pvBSHNKb8Ox5DVnN"", ""title"": ""Benevis"", ""position"": 6, ""duration_seconds"": 180.091, ""artist_credits"": [""Tohi"", ""Reza Pishro""]}, {""id"": ""1wP2j8XwYx0QWOWqhYJSai"", ""title"": ""Legends"", ""position"": 7, ""duration_seconds"": 201.428, ""artist_credits"": [""Tohi"", ""Reza Pishro""]}, {""id"": ""0Zz20nPKzaBIxKzAT59btg"", ""title"": ""Jet"", ""position"": 8, ""duration_seconds"": 180.0, ""artist_credits"": [""Tohi"", ""Reza Pishro""]}, {""id"": ""5Khf1WwYdDPpJK1n24r8Ps"", ""title"": ""CD"", ""position"": 9, ""duration_seconds"": 235.675, ""artist_credits"": [""Tohi"", ""Reza Pishro"", ""Ali Owj""]}, {""id"": ""1D6DMIGK0HkURuZLzxRlN4"", ""title"": ""Raghse Andam 3"", ""position"": 10, ""duration_seconds"": 222.5, ""artist_credits"": [""Tohi"", ""Big Shaggy""]}, {""id"": ""7oX7n5eaHQcLer1FV2a0xO"", ""title"": ""Dicaprio"", ""position"": 11, ""duration_seconds"": 166.956, ""artist_credits"": [""Tohi""]}]",standard/unspecified,"{""id"": ""55M4NLSgJ9L44cEQgMIfH5"", ""title"": ""REFIGH"", ""type"": ""ALBUM"", ""release_date"": ""2026-09-26T00:00:00Z"", ""date_precision"": ""DAY""}","{""id"": ""5JXM8puGeH8XH9EOuatg0j"", ""title"": ""Singles Vol. 1"", ""type"": ""EP"", ""release_date"": ""2017-08-22T00:00:00Z"", ""date_precision"": ""DAY""}",,[],No matching source found: no verified SoundCloud candidate established; bounded full-audio probe not performed,,Stored source identity unverified; keep disabled
25,Ho3ein,48,verified,no qualifying LP/EP in complete catalog,,,,,,,,[],[],,null,null,,[],No release selected; acquisition not assessed,,
26,Tohi,49,unverified,requires review,REFIGH,55M4NLSgJ9L44cEQgMIfH5,2026-09-26T00:00:00Z,DAY,LP,11,https://open.spotify.com/album/55M4NLSgJ9L44cEQgMIfH5,"[""Tohi"", ""Reza Pishro"", ""Ali Owj"", ""Big Shaggy""]","[{""id"": ""3gch57LOnfDpXQJPkZdTnC"", ""title"": ""Intro"", ""position"": 1, ""duration_seconds"": 92.307, ""artist_credits"": [""Tohi""]}, {""id"": ""5MaeIkTLYRvQBO1cdTqJst"", ""title"": ""Apocalypto"", ""position"": 2, ""duration_seconds"": 196.241, ""artist_credits"": [""Tohi"", ""Reza Pishro""]}, {""id"": ""7143gHCixy6HnSZc7XFGlQ"", ""title"": ""11:11"", ""position"": 3, ""duration_seconds"": 196.47, ""artist_credits"": [""Tohi"", ""Reza Pishro"", ""Ali Owj""]}, {""id"": ""4tOSW5LsefSNsJFueo8G67"", ""title"": ""Refigh"", ""position"": 4, ""duration_seconds"": 180.0, ""artist_credits"": [""Tohi"", ""Reza Pishro""]}, {""id"": ""4rFhNpIirWGZWyGGYgOWkG"", ""title"": ""Darnemiuftam"", ""position"": 5, ""duration_seconds"": 224.427, ""artist_credits"": [""Tohi"", ""Reza Pishro"", ""Nassim""]}, {""id"": ""72TuO9pvBSHNKb8Ox5DVnN"", ""title"": ""Benevis"", ""position"": 6, ""duration_seconds"": 180.091, ""artist_credits"": [""Tohi"", ""Reza Pishro""]}, {""id"": ""1wP2j8XwYx0QWOWqhYJSai"", ""title"": ""Legends"", ""position"": 7, ""duration_seconds"": 201.428, ""artist_credits"": [""Tohi"", ""Reza Pishro""]}, {""id"": ""0Zz20nPKzaBIxKzAT59btg"", ""title"": ""Jet"", ""position"": 8, ""duration_seconds"": 180.0, ""artist_credits"": [""Tohi"", ""Reza Pishro""]}, {""id"": ""5Khf1WwYdDPpJK1n24r8Ps"", ""title"": ""CD"", ""position"": 9, ""duration_seconds"": 235.675, ""artist_credits"": [""Tohi"", ""Reza Pishro"", ""Ali Owj""]}, {""id"": ""1D6DMIGK0HkURuZLzxRlN4"", ""title"": ""Raghse Andam 3"", ""position"": 10, ""duration_seconds"": 222.5, ""artist_credits"": [""Tohi"", ""Big Shaggy""]}, {""id"": ""7oX7n5eaHQcLer1FV2a0xO"", ""title"": ""Dicaprio"", ""position"": 11, ""duration_seconds"": 166.956, ""artist_credits"": [""Tohi""]}]",standard/unspecified,"{""id"": ""55M4NLSgJ9L44cEQgMIfH5"", ""title"": ""REFIGH"", ""type"": ""ALBUM"", ""release_date"": ""2026-09-26T00:00:00Z"", ""date_precision"": ""DAY""}","{""id"": ""75NrnXa37AM6oWBctKXEMy"", ""title"": ""Del Del (Remixes)"", ""type"": ""EP"", ""release_date"": ""2020-09-18T00:00:00Z"", ""date_precision"": ""DAY""}",,[],No matching source found: no verified SoundCloud candidate established; bounded full-audio probe not performed,,Stored source identity unverified; keep disabled
27,Erfan,51,unverified,requires review,The Poet's Chamber,2Fcz6pS1lB234jeHGZ4TH0,2025-11-14T00:00:00Z,DAY,LP,8,https://open.spotify.com/album/2Fcz6pS1lB234jeHGZ4TH0,"[""XYE"", ""Erfan""]","[{""id"": ""3BzO6eaWRZaxMj15kKCzI2"", ""title"": ""Bones Loved"", ""position"": 1, ""duration_seconds"": 171.75, ""artist_credits"": [""XYE"", ""Erfan""]}, {""id"": ""23KyzV445YwE611Mw7uq1E"", ""title"": ""Xyestafa"", ""position"": 2, ""duration_seconds"": 205.79, ""artist_credits"": [""XYE"", ""Erfan""]}, {""id"": ""7AcP2jg5MVD6hkb4VBOIVz"", ""title"": ""Falling Elsewhere"", ""position"": 3, ""duration_seconds"": 162.957, ""artist_credits"": [""XYE"", ""Erfan""]}, {""id"": ""08yuR8yvbeP3ZjeUsmhAVA"", ""title"": ""Mirror's Edge"", ""position"": 4, ""duration_seconds"": 222.751, ""artist_credits"": [""XYE"", ""Erfan"", ""ASADI""]}, {""id"": ""1WWdstIsOblutsS12s3vcr"", ""title"": ""Keeper of the Crown"", ""position"": 5, ""duration_seconds"": 163.2, ""artist_credits"": [""XYE"", ""Erfan""]}, {""id"": ""5UDwQm0YVFdlDEV5lghrCz"", ""title"": ""The Poet's Chamber"", ""position"": 6, ""duration_seconds"": 260.341, ""artist_credits"": [""XYE"", ""Erfan""]}, {""id"": ""6CHodgCaa8tfhdZ3LBcuyR"", ""title"": ""To the Sea"", ""position"": 7, ""duration_seconds"": 213.333, ""artist_credits"": [""XYE"", ""Erfan""]}, {""id"": ""6CnjS9mdqzN6Vy1yuDFOY8"", ""title"": ""Meet Me at Midnight"", ""position"": 8, ""duration_seconds"": 216.083, ""artist_credits"": [""XYE"", ""Erfan""]}]",standard/unspecified,"{""id"": ""2Fcz6pS1lB234jeHGZ4TH0"", ""title"": ""The Poet's Chamber"", ""type"": ""ALBUM"", ""release_date"": ""2025-11-14T00:00:00Z"", ""date_precision"": ""DAY""}",null,,[],No matching source found: no verified SoundCloud candidate established; bounded full-audio probe not performed,,Stored source identity unverified; keep disabled
28,Amir Tataloo,53,unverified,requires review,Tars,20xFt3YcYMN4hyNQ0mqvon,2026-09-29T00:00:00Z,DAY,EP,1,https://open.spotify.com/album/20xFt3YcYMN4hyNQ0mqvon,"[""Amir Tataloo""]","[{""id"": ""3Vou7V8UWr5mHpeSwfk7AC"", ""title"": ""Tars"", ""position"": 1, ""duration_seconds"": 881.202, ""artist_credits"": [""Amir Tataloo""]}]",standard/unspecified,"{""id"": ""1iL9DwnGphoCy7tpyzQWH9"", ""title"": ""Sayeh"", ""type"": ""ALBUM"", ""release_date"": ""2018-06-20T00:00:00Z"", ""date_precision"": ""DAY""}","{""id"": ""20xFt3YcYMN4hyNQ0mqvon"", ""title"": ""Tars"", ""type"": ""EP"", ""release_date"": ""2026-09-29T00:00:00Z"", ""date_precision"": ""DAY""}",,[],No matching source found: no verified SoundCloud candidate established; bounded full-audio probe not performed,,Stored source identity unverified; keep disabled
29,Sohrab Mj,54,unverified,requires review,Magnet,63uBYgmUpGSHeojA6jkHCb,2025-01-16T00:00:00Z,DAY,LP,10,https://open.spotify.com/album/63uBYgmUpGSHeojA6jkHCb,"[""Sohrab Mj"", ""Roohnikan""]","[{""id"": ""4OCQuNlUDkEaPyJvNJ0GDX"", ""title"": ""Kankel"", ""position"": 1, ""duration_seconds"": 148.0, ""artist_credits"": [""Sohrab Mj"", ""Roohnikan""]}, {""id"": ""3vapqQ2lFgshh9jH6RhBZs"", ""title"": ""Nemishe Asheghi Kard"", ""position"": 2, ""duration_seconds"": 226.315, ""artist_credits"": [""Sohrab Mj"", ""Roohnikan""]}, {""id"": ""40DVTfJistlRFUE9x4CSRm"", ""title"": ""Sober"", ""position"": 3, ""duration_seconds"": 194.25, ""artist_credits"": [""Sohrab Mj"", ""Roohnikan""]}, {""id"": ""7v6TkEVZhTd6KY0szERtlz"", ""title"": ""Ghahreman"", ""position"": 4, ""duration_seconds"": 170.0, ""artist_credits"": [""Sohrab Mj"", ""Roohnikan""]}, {""id"": ""5br5fnZQWML4cq2Ue0Ava1"", ""title"": ""Maman"", ""position"": 5, ""duration_seconds"": 236.915, ""artist_credits"": [""Sohrab Mj"", ""Roohnikan""]}, {""id"": ""0fXkHxkx9DDQr1OJjWdTDN"", ""title"": ""Chi Didi Too Khodet"", ""position"": 6, ""duration_seconds"": 149.491, ""artist_credits"": [""Sohrab Mj"", ""Roohnikan""]}, {""id"": ""2crfP4bwWLHfDLq9h5T2MV"", ""title"": ""Bade To - Version 2"", ""position"": 7, ""duration_seconds"": 134.262, ""artist_credits"": [""Sohrab Mj"", ""Roohnikan""]}, {""id"": ""2dHiuU7pZuu5ADKKxLX70y"", ""title"": ""Haft"", ""position"": 8, ""duration_seconds"": 184.0, ""artist_credits"": [""Sohrab Mj"", ""Roohnikan""]}, {""id"": ""1RVX3fwFOKvENrAk9aP6Mw"", ""title"": ""Next Level"", ""position"": 9, ""duration_seconds"": 165.995, ""artist_credits"": [""Sohrab Mj"", ""Roohnikan""]}, {""id"": ""2DXFvJVO73YlWpKRJLjXsG"", ""title"": ""Mishnavam Sedato - Version 2"", ""position"": 10, ""duration_seconds"": 244.803, ""artist_credits"": [""Sohrab Mj"", ""Roohnikan""]}]",standard/unspecified,"{""id"": ""63uBYgmUpGSHeojA6jkHCb"", ""title"": ""Magnet"", ""type"": ""ALBUM"", ""release_date"": ""2025-01-16T00:00:00Z"", ""date_precision"": ""DAY""}","{""id"": ""2suAvf4rLkDDI32rfNdJr7"", ""title"": ""Ghahreman"", ""type"": ""EP"", ""release_date"": ""2024-09-19T00:00:00Z"", ""date_precision"": ""DAY""}",,[],No matching source found: no verified SoundCloud candidate established; bounded full-audio probe not performed,,Stored source identity unverified; keep disabled
30,Mehrad Hidden,56,unverified,requires review,Alavis 2,4cqDo7W3Eu6jkbLp5DD92c,2024-08-07T00:00:00Z,DAY,EP,5,https://open.spotify.com/album/4cqDo7W3Eu6jkbLp5DD92c,"[""Mehrad Hidden"", ""HEEN""]","[{""id"": ""34mZezqV1QPTe8qt9FGW5i"", ""title"": ""Come What May"", ""position"": 1, ""duration_seconds"": 268.902, ""artist_credits"": [""Mehrad Hidden"", ""HEEN""]}, {""id"": ""6Xxz0EyoPT8lKdgRbnJrMo"", ""title"": ""Dream Gone Wrong"", ""position"": 2, ""duration_seconds"": 318.36, ""artist_credits"": [""Mehrad Hidden"", ""HEEN""]}, {""id"": ""5EvCnRrZhOwsRJoTkI33Bk"", ""title"": ""Games"", ""position"": 3, ""duration_seconds"": 248.0, ""artist_credits"": [""Mehrad Hidden"", ""HEEN""]}, {""id"": ""0Gn9tcVHwC47OfiRL4vDhu"", ""title"": ""Round and Round"", ""position"": 4, ""duration_seconds"": 303.5, ""artist_credits"": [""Mehrad Hidden"", ""HEEN""]}, {""id"": ""58prUjYgGdra4aJ0LWj2a8"", ""title"": ""Come What May - Piano Version"", ""position"": 5, ""duration_seconds"": 186.0, ""artist_credits"": [""Mehrad Hidden"", ""HEEN""]}]",standard/unspecified,"{""id"": ""61ls9EwSwhDuElW9xzyb3M"", ""title"": ""Zoozanaghe"", ""type"": ""ALBUM"", ""release_date"": ""2022-03-02T00:00:00Z"", ""date_precision"": ""DAY""}","{""id"": ""4cqDo7W3Eu6jkbLp5DD92c"", ""title"": ""Alavis 2"", ""type"": ""EP"", ""release_date"": ""2024-08-07T00:00:00Z"", ""date_precision"": ""DAY""}",,[],No matching source found: no verified SoundCloud candidate established; bounded full-audio probe not performed,,Stored source identity unverified; keep disabled
84,Bahram,131,verified,suggested,HEECH,0lXvCzjiBL50iJhcEJntB6,2025-12-20T00:00:00Z,DAY,LP,11,https://open.spotify.com/album/0lXvCzjiBL50iJhcEJntB6,"[""Bahram""]","[{""id"": ""5q7UzAnBEataMgHhmiJ2VG"", ""title"": ""AGHOOSH"", ""position"": 1, ""duration_seconds"": 152.0, ""artist_credits"": [""Bahram"", ""Holly""]}, {""id"": ""1cwwBTIw0burOXmfEkC2me"", ""title"": ""HEECH"", ""position"": 2, ""duration_seconds"": 214.75, ""artist_credits"": [""Bahram"", ""Peymandegar""]}, {""id"": ""238xHp0YFabhiYEKaaaAGV"", ""title"": ""HAMIN GOOSHE"", ""position"": 3, ""duration_seconds"": 200.727, ""artist_credits"": [""Bahram"", ""Ghodsea""]}, {""id"": ""7dyvc4vTlppFy31Ht1VVq5"", ""title"": ""OON AZADEH"", ""position"": 4, ""duration_seconds"": 301.569, ""artist_credits"": [""Bahram"", ""Nesa Azadikhah""]}, {""id"": ""2vJVY3GD91GbL0jjWnn89L"", ""title"": ""AGE BIAM BIROON"", ""position"": 5, ""duration_seconds"": 208.285, ""artist_credits"": [""Bahram"", ""Peymandegar""]}, {""id"": ""4ll25dd6Q9tMKzGbPB3FWN"", ""title"": ""EZTERABE ZERANG BOODAN"", ""position"": 6, ""duration_seconds"": 216.774, ""artist_credits"": [""Bahram"", ""Peymandegar""]}, {""id"": ""52ZG7tZyFLbZMdCXVdbUOa"", ""title"": ""SIAH"", ""position"": 7, ""duration_seconds"": 101.86, ""artist_credits"": [""Bahram"", ""Ghodsea""]}, {""id"": ""0DeTDaIAIzXdYIB36XOxne"", ""title"": ""MATARSAK"", ""position"": 8, ""duration_seconds"": 200.0, ""artist_credits"": [""Bahram"", ""Tegh""]}, {""id"": ""3AnZ2sGlTcQ7BK4PUf8mpW"", ""title"": ""MAAR"", ""position"": 9, ""duration_seconds"": 248.467, ""artist_credits"": [""Bahram"", ""Peymandegar""]}, {""id"": ""7tNO6uTkM6gUtBnyGomvsY"", ""title"": ""ZIRE POOSTE SHAB"", ""position"": 10, ""duration_seconds"": 202.5, ""artist_credits"": [""Bahram"", ""Peymandegar""]}, {""id"": ""06Vdwly4wKgoFlCNy9bHU8"", ""title"": ""CHI MIKHAY AZAM"", ""position"": 11, ""duration_seconds"": 122.5, ""artist_credits"": [""Bahram"", ""Holly""]}]",standard/unspecified,"{""id"": ""0lXvCzjiBL50iJhcEJntB6"", ""title"": ""HEECH"", ""type"": ""ALBUM"", ""release_date"": ""2025-12-20T00:00:00Z"", ""date_precision"": ""DAY""}","{""id"": ""47U0dkAKLqJ1Y13cTpiznw"", ""title"": ""Khoone Khorshid"", ""type"": ""EP"", ""release_date"": ""2024-11-11T00:00:00Z"", ""date_precision"": ""DAY""}",https://soundcloud.com/bahramnouraei/sets/heech,"[{""id"": ""2229916292"", ""title"": ""AGHOOSH [Prod. Holly]"", ""url"": ""https://soundcloud.com/bahramnouraei/aghoosh"", ""duration"": 152.046, ""owner_match"": true, ""spotify_track_id"": null, ""formats_available"": true}, {""id"": ""2229916280"", ""title"": ""HEECH [Prod. Peymandegar]"", ""url"": ""https://soundcloud.com/bahramnouraei/heech"", ""duration"": 214.796, ""owner_match"": true, ""spotify_track_id"": null, ""formats_available"": true}, {""id"": ""2229916298"", ""title"": ""HAMIN GOOSHE [Prod. Ghodsea]"", ""url"": ""https://soundcloud.com/bahramnouraei/hamingooshe"", ""duration"": 200.773, ""owner_match"": true, ""spotify_track_id"": null, ""formats_available"": true}, {""id"": ""2229916277"", ""title"": ""OON AZADEH [Prod. Nesa Azadikhah]"", ""url"": ""https://soundcloud.com/bahramnouraei/oonazadeh"", ""duration"": 301.616, ""owner_match"": true, ""spotify_track_id"": null, ""formats_available"": true}, {""id"": ""2229916289"", ""title"": ""AGE BIAM BIROON [Prod. Peymandegar]"", ""url"": ""https://soundcloud.com/bahramnouraei/agebiambiroon"", ""duration"": 208.331, ""owner_match"": true, ""spotify_track_id"": null, ""formats_available"": true}, {""id"": ""2229916274"", ""title"": ""EZTERABE ZERANG BOODAN [Prod. Peymandegar]"", ""url"": ""https://soundcloud.com/bahramnouraei/ezterabezerangboodan"", ""duration"": 216.82, ""owner_match"": true, ""spotify_track_id"": null, ""formats_available"": true}, {""id"": ""2229916301"", ""title"": ""SIAH [Prod. Ghodsea]"", ""url"": ""https://soundcloud.com/bahramnouraei/siah"", ""duration"": 101.906, ""owner_match"": true, ""spotify_track_id"": null, ""formats_available"": true}, {""id"": ""2229916283"", ""title"": ""MATARSAK [Prod. Tegh]"", ""url"": ""https://soundcloud.com/bahramnouraei/matarsak"", ""duration"": 200.046, ""owner_match"": true, ""spotify_track_id"": null, ""formats_available"": true}, {""id"": ""2229916286"", ""title"": ""MAAR [Prod. Peymandegar]"", ""url"": ""https://soundcloud.com/bahramnouraei/maar"", ""duration"": 248.514, ""owner_match"": true, ""spotify_track_id"": null, ""formats_available"": true}, {""id"": ""2229916271"", ""title"": ""ZIRE POOSTE SHAB [Prod. Peymandegar]"", ""url"": ""https://soundcloud.com/bahramnouraei/zirepoosteshab"", ""duration"": 202.546, ""owner_match"": true, ""spotify_track_id"": null, ""formats_available"": true}, {""id"": ""2229916295"", ""title"": ""CHI MIKHAY AZAM [Prod. Holly]"", ""url"": ""https://soundcloud.com/bahramnouraei/chimikhayazam"", ""duration"": 122.546, ""owner_match"": true, ""spotify_track_id"": null, ""formats_available"": true}]",Requires review: set title matched but tracks/identity/duration differ,,
85,Shahin Najafi,133,verified,suggested,Sigma,1M7ICkaPMy3kIaAuINBGKj,2022-07-16T00:00:00Z,DAY,LP,8,https://open.spotify.com/album/1M7ICkaPMy3kIaAuINBGKj,"[""Shahin Najafi""]","[{""id"": ""3oJ9Qc3fyVc8L7R0IX6ckg"", ""title"": ""Baraye Khandeh Naabat"", ""position"": 1, ""duration_seconds"": 318.856, ""artist_credits"": [""Shahin Najafi""]}, {""id"": ""3IdX8jq6ygKaYDSEHn8Izx"", ""title"": ""Azar"", ""position"": 2, ""duration_seconds"": 234.568, ""artist_credits"": [""Shahin Najafi"", ""Golrokh Aminian""]}, {""id"": ""1znlAetlCUJbi26mFy3OCx"", ""title"": ""Shaere Chashmhat"", ""position"": 3, ""duration_seconds"": 339.754, ""artist_credits"": [""Shahin Najafi""]}, {""id"": ""3Ur3BpWj50OlzjMImmoyQy"", ""title"": ""209"", ""position"": 4, ""duration_seconds"": 231.247, ""artist_credits"": [""Shahin Najafi""]}, {""id"": ""1CEugsjqmhbvRdXpLDp8cx"", ""title"": ""Bahman"", ""position"": 5, ""duration_seconds"": 408.892, ""artist_credits"": [""Shahin Najafi""]}, {""id"": ""1B9iUTZH3yZGBSQOJFvTG1"", ""title"": ""Afkhoonestan"", ""position"": 6, ""duration_seconds"": 305.244, ""artist_credits"": [""Shahin Najafi"", ""Elaha Soroor""]}, {""id"": ""0Og0MvFycubzZoa98vW2Yu"", ""title"": ""Naji"", ""position"": 7, ""duration_seconds"": 321.944, ""artist_credits"": [""Shahin Najafi""]}, {""id"": ""62fbnok1cIHbUzfARo3KTp"", ""title"": ""Morphine"", ""position"": 8, ""duration_seconds"": 272.491, ""artist_credits"": [""Shahin Najafi""]}]",standard/unspecified,"{""id"": ""1M7ICkaPMy3kIaAuINBGKj"", ""title"": ""Sigma"", ""type"": ""ALBUM"", ""release_date"": ""2022-07-16T00:00:00Z"", ""date_precision"": ""DAY""}","{""id"": ""1toVGNBCMP4dELiUNUcuTJ"", ""title"": ""1414"", ""type"": ""EP"", ""release_date"": ""2014-04-14T00:00:00Z"", ""date_precision"": ""DAY""}",,[],No matching source found in bounded official-set probe,,
86,Saman Wilson,135,verified,suggested,"Bozorg, Vol. 2",4a8nVbcRrtPmXQZQLioG7o,2015-02-27T00:00:00Z,DAY,LP,19,https://open.spotify.com/album/4a8nVbcRrtPmXQZQLioG7o,"[""Mehrad Hidden"", ""Saman Wilson""]","[{""id"": ""7BYWyzFJdtfVil3iv4a5HP"", ""title"": ""Bitab"", ""position"": 1, ""duration_seconds"": 273.725, ""artist_credits"": [""Mehrad Hidden"", ""Saman Wilson""]}, {""id"": ""6YrOl9AoUxQ6YzJ8KNH8UP"", ""title"": ""Farda"", ""position"": 2, ""duration_seconds"": 214.035, ""artist_credits"": [""Mehrad Hidden"", ""Saman Wilson""]}, {""id"": ""5rWFBYJwPphgtq6v0eRcza"", ""title"": ""Kaafi Nist"", ""position"": 3, ""duration_seconds"": 214.218, ""artist_credits"": [""Mehrad Hidden"", ""Saman Wilson""]}, {""id"": ""3osI9dJuyZ3vtoebq02HbZ"", ""title"": ""Taa Tah"", ""position"": 4, ""duration_seconds"": 260.062, ""artist_credits"": [""Mehrad Hidden"", ""Saman Wilson""]}, {""id"": ""17CmkRVnF2v8e8vQexthy5"", ""title"": ""Berizam Beham"", ""position"": 5, ""duration_seconds"": 231.563, ""artist_credits"": [""Mehrad Hidden"", ""Saman Wilson""]}, {""id"": ""5B6m0q7kJvDmcdD6cCaMCb"", ""title"": ""Haaram"", ""position"": 6, ""duration_seconds"": 313.091, ""artist_credits"": [""Mehrad Hidden"", ""Saman Wilson"", ""Sohrab Mj""]}, {""id"": ""06SA9EZykWSlmAaDImMX87"", ""title"": ""Golagha"", ""position"": 7, ""duration_seconds"": 259.148, ""artist_credits"": [""Mehrad Hidden"", ""Saman Wilson""]}, {""id"": ""7DJ8rrpNTqf0bOg29affAh"", ""title"": ""Poshtdast"", ""position"": 8, ""duration_seconds"": 266.463, ""artist_credits"": [""Mehrad Hidden"", ""Saman Wilson"", ""Sohrab Mj""]}, {""id"": ""5GYOmFsUkDRv2pbd3Ten4V"", ""title"": ""Yeki Dige"", ""position"": 9, ""duration_seconds"": 272.419, ""artist_credits"": [""Mehrad Hidden"", ""Saman Wilson"", ""Arash Dara""]}, {""id"": ""2F4imj21tCwhXAmWFXMgzb"", ""title"": ""Ghermez"", ""position"": 10, ""duration_seconds"": 265.235, ""artist_credits"": [""Mehrad Hidden"", ""Saman Wilson"", ""Tara Salahi""]}, {""id"": ""3dxXAZrweo0IjztJury4SI"", ""title"": ""Emrooz Na"", ""position"": 11, ""duration_seconds"": 221.375, ""artist_credits"": [""Mehrad Hidden"", ""Saman Wilson"", ""Kiarash""]}, {""id"": ""5puQtwRAvJgH4LNv6kzedD"", ""title"": ""Tond Naro"", ""position"": 12, ""duration_seconds"": 281.823, ""artist_credits"": [""Mehrad Hidden"", ""Saman Wilson""]}, {""id"": ""6TqH7O4o8hNBb9oLlTLfPS"", ""title"": ""Hamin.K.Ha"", ""position"": 13, ""duration_seconds"": 289.372, ""artist_credits"": [""Mehrad Hidden"", ""Saman Wilson"", ""Sohrab Mj""]}, {""id"": ""22UfsywhTqsG0XyTqYgELZ"", ""title"": ""Eloel"", ""position"": 14, ""duration_seconds"": 235.246, ""artist_credits"": [""Mehrad Hidden"", ""Saman Wilson""]}, {""id"": ""6VcmM1ahwkuCnmz5LIpHwL"", ""title"": ""Sheyda"", ""position"": 15, ""duration_seconds"": 318.969, ""artist_credits"": [""Mehrad Hidden"", ""Saman Wilson"", ""Siamak""]}, {""id"": ""1y9tJ0PAXUt3VyXWEVmjnY"", ""title"": ""Bozorg"", ""position"": 16, ""duration_seconds"": 375.367, ""artist_credits"": [""Mehrad Hidden"", ""Saman Wilson"", ""Arash Dara""]}, {""id"": ""7viMavTRLzkLUc11x9e7Xo"", ""title"": ""Vaysa"", ""position"": 17, ""duration_seconds"": 290.051, ""artist_credits"": [""Mehrad Hidden"", ""Saman Wilson"", ""Arash Dara""]}, {""id"": ""30wDtxNkFxPb1YshHtoNi5"", ""title"": ""Pasho"", ""position"": 18, ""duration_seconds"": 308.624, ""artist_credits"": [""Mehrad Hidden"", ""Saman Wilson"", ""Arash Dara""]}, {""id"": ""4BzOfdtp7eWig4wmYnHQMF"", ""title"": ""Khorshid"", ""position"": 19, ""duration_seconds"": 309.016, ""artist_credits"": [""Mehrad Hidden"", ""Saman Wilson"", ""Arash Dara"", ""Tara Salahi""]}]",standard/unspecified,"{""id"": ""4a8nVbcRrtPmXQZQLioG7o"", ""title"": ""Bozorg, Vol. 2"", ""type"": ""ALBUM"", ""release_date"": ""2015-02-27T00:00:00Z"", ""date_precision"": ""DAY""}",null,,[],No matching source found: no verified SoundCloud candidate established; bounded full-audio probe not performed,,
87,Alireza Jj,136,verified,suggested,LEITMOTIV,2cypAUwFLV50MzFfWtlfFb,2024-07-18T00:00:00Z,DAY,LP,14,https://open.spotify.com/album/2cypAUwFLV50MzFfWtlfFb,"[""Alireza Jj""]","[{""id"": ""64i6goyhS1lzFeFDZgcVr9"", ""title"": ""Chi Shodam Man"", ""position"": 1, ""duration_seconds"": 258.857, ""artist_credits"": [""Alireza Jj"", ""Arash Dara""]}, {""id"": ""7hEJi5THcu2DHoLJIy8bFC"", ""title"": ""Maashe - Bang Bang, Vol. 2"", ""position"": 2, ""duration_seconds"": 227.2, ""artist_credits"": [""Alireza Jj"", ""Yasna""]}, {""id"": ""1ThcQY5bePhBqnfxFeJLpk"", ""title"": ""Beham Rikhte"", ""position"": 3, ""duration_seconds"": 284.551, ""artist_credits"": [""Alireza Jj"", ""Mehrad Hidden""]}, {""id"": ""0U8wGMD3OIdJUSVyxvPiNo"", ""title"": ""Chera Nashe"", ""position"": 4, ""duration_seconds"": 256.888, ""artist_credits"": [""Alireza Jj"", ""Sohrab Mj"", ""Sepehr Khalse""]}, {""id"": ""5htrPCpadMOis2RKV5HUoj"", ""title"": ""Vasl, Pt. 2 (Skit)"", ""position"": 5, ""duration_seconds"": 72.777, ""artist_credits"": [""Alireza Jj""]}, {""id"": ""4ifoeD3oISlQZtJLanYg2D"", ""title"": ""Khoonevadeh"", ""position"": 6, ""duration_seconds"": 204.068, ""artist_credits"": [""Alireza Jj""]}, {""id"": ""3ECxiSFpJQosPtGLMhWtiX"", ""title"": ""Martin Scorsese (Skit)"", ""position"": 7, ""duration_seconds"": 14.053, ""artist_credits"": [""Alireza Jj""]}, {""id"": ""64WCS2T6C2RAi1DxWPaFRe"", ""title"": ""YouTube Star"", ""position"": 8, ""duration_seconds"": 237.061, ""artist_credits"": [""Alireza Jj""]}, {""id"": ""3IbvUZtLw2jJ4ZC2YoW2RZ"", ""title"": ""Jazire"", ""position"": 9, ""duration_seconds"": 242.181, ""artist_credits"": [""Alireza Jj"", ""Behzad Leito"", ""Ayzun""]}, {""id"": ""2Aa4Y21Uz0lCoNYapXQRbu"", ""title"": ""Daste Khodam Nist"", ""position"": 10, ""duration_seconds"": 217.286, ""artist_credits"": [""Alireza Jj"", ""Shayan Eshraghi""]}, {""id"": ""0EZENiOnZvbAwtcBSFV0LS"", ""title"": ""Memories"", ""position"": 11, ""duration_seconds"": 245.237, ""artist_credits"": [""Alireza Jj""]}, {""id"": ""008QakyY228ZRt7iJO4XDh"", ""title"": ""Level Up"", ""position"": 12, ""duration_seconds"": 260.0, ""artist_credits"": [""Alireza Jj"", ""Saman Wilson"", ""021G""]}, {""id"": ""6cMp4bM9fL50WSUiIfN1dL"", ""title"": ""Vaght Nadaram"", ""position"": 13, ""duration_seconds"": 218.174, ""artist_credits"": [""Alireza Jj"", ""Sepehr Khalse"", ""Yasna""]}, {""id"": ""4FFdYvOrIcyigmmuquwMf5"", ""title"": ""Sober"", ""position"": 14, ""duration_seconds"": 205.505, ""artist_credits"": [""Alireza Jj"", ""Shayan Eshraghi""]}]",standard/unspecified,"{""id"": ""2cypAUwFLV50MzFfWtlfFb"", ""title"": ""LEITMOTIV"", ""type"": ""ALBUM"", ""release_date"": ""2024-07-18T00:00:00Z"", ""date_precision"": ""DAY""}",null,,[],No matching source found: no verified SoundCloud candidate established; bounded full-audio probe not performed,,
88,Quf,137,verified,suggested,Zir o Bam e Zirzamin,0vaU6nncOdSP8Rm1XvXoKH,2011-09-29T00:00:00Z,DAY,LP,12,https://open.spotify.com/album/0vaU6nncOdSP8Rm1XvXoKH,"[""Quf""]","[{""id"": ""1A5J7N4rlI9hms54inU11o"", ""title"": ""Sobhe Masnavi"", ""position"": 1, ""duration_seconds"": 165.883, ""artist_credits"": [""Quf""]}, {""id"": ""2S4cFCeECqAuVv1Ue9QUcG"", ""title"": ""Balatar 1"", ""position"": 2, ""duration_seconds"": 221.657, ""artist_credits"": [""Quf""]}, {""id"": ""5xx4DhsnIL1hImp3dFVR77"", ""title"": ""Tariki"", ""position"": 3, ""duration_seconds"": 206.796, ""artist_credits"": [""Quf""]}, {""id"": ""07HBWfGAIP0EDrRWBes2ym"", ""title"": ""Hadaf (Feat. Bidad)"", ""position"": 4, ""duration_seconds"": 201.967, ""artist_credits"": [""Quf""]}, {""id"": ""6KiLuNIY5GIlZwEi6D9Cis"", ""title"": ""I.R.A.N. (Feat. 7Khat)"", ""position"": 5, ""duration_seconds"": 288.949, ""artist_credits"": [""Quf""]}, {""id"": ""5kFke1PvCgwkfKNZ2mIzQu"", ""title"": ""Hesse Gharib"", ""position"": 6, ""duration_seconds"": 226.069, ""artist_credits"": [""Quf""]}, {""id"": ""5S1mksvfOZTpqtyh76w38R"", ""title"": ""Khavar Miane (Feat. Lowkey)"", ""position"": 7, ""duration_seconds"": 216.92, ""artist_credits"": [""Quf""]}, {""id"": ""3ncdmlKfLTsWa3bHj6xrdJ"", ""title"": ""Fazaye Sard"", ""position"": 8, ""duration_seconds"": 227.973, ""artist_credits"": [""Quf""]}, {""id"": ""6Lp3XPGAMc4T98CW71zVfG"", ""title"": ""Marjan (Feat. Reveal)"", ""position"": 9, ""duration_seconds"": 319.738, ""artist_credits"": [""Quf""]}, {""id"": ""76lirCwPlVbGWo7esxAJ94"", ""title"": ""Miane Ghamhayam (Feat. Fadaei)"", ""position"": 10, ""duration_seconds"": 227.973, ""artist_credits"": [""Quf""]}, {""id"": ""6hwnoKQSkQEDlLPUUY6LFq"", ""title"": ""Balatar 2"", ""position"": 11, ""duration_seconds"": 213.53, ""artist_credits"": [""Quf""]}, {""id"": ""5biJOMYMU4u8jtx2daFJbH"", ""title"": ""Shabe Khazan"", ""position"": 12, ""duration_seconds"": 170.968, ""artist_credits"": [""Quf""]}]",standard/unspecified,"{""id"": ""0vaU6nncOdSP8Rm1XvXoKH"", ""title"": ""Zir o Bam e Zirzamin"", ""type"": ""ALBUM"", ""release_date"": ""2011-09-29T00:00:00Z"", ""date_precision"": ""DAY""}",null,,[],No matching source found: no verified SoundCloud candidate established; bounded full-audio probe not performed,,
89,Ali Sorena,138,verified,suggested,Mojassameh,1YomRnpVLMXxzVCgs3CVl9,2025-02-20T00:00:00Z,DAY,LP,20,https://open.spotify.com/album/1YomRnpVLMXxzVCgs3CVl9,"[""Ali Sorena""]","[{""id"": ""5mHZyYeg6uUNX36DMxJfQX"", ""title"": ""Mojassameh"", ""position"": 1, ""duration_seconds"": 248.888, ""artist_credits"": [""Ali Sorena"", ""Saeed Dehghan""]}, {""id"": ""2Gp2TzbMlLGN8llFCxRvdj"", ""title"": ""Badhaye Vahshi"", ""position"": 2, ""duration_seconds"": 179.209, ""artist_credits"": [""Ali Sorena"", ""Farshad""]}, {""id"": ""2HTbgWtLwm3FQdDVDcA23b"", ""title"": ""khaneye Sorkh"", ""position"": 3, ""duration_seconds"": 238.121, ""artist_credits"": [""Ali Sorena"", ""Saeed Dehghan"", ""SarrSew""]}, {""id"": ""5B7IefCCZE6fwkRdw6ND3F"", ""title"": ""Sarzamine Bartar"", ""position"": 4, ""duration_seconds"": 236.307, ""artist_credits"": [""Ali Sorena"", ""Saeed Dehghan""]}, {""id"": ""3dKK6THlWpohu0x42NmZP5"", ""title"": ""Bandbaze Mast"", ""position"": 5, ""duration_seconds"": 224.783, ""artist_credits"": [""Ali Sorena"", ""Saeed Dehghan""]}, {""id"": ""5NwauwphcVG3RZH7TV0hLF"", ""title"": ""Khab Dar Khab"", ""position"": 6, ""duration_seconds"": 224.415, ""artist_credits"": [""Ali Sorena""]}, {""id"": ""1E0Z8n815hlWMFikysXefb"", ""title"": ""Morse"", ""position"": 7, ""duration_seconds"": 293.333, ""artist_credits"": [""Ali Sorena"", ""Saeed Dehghan""]}, {""id"": ""4ve7xVZV4DDd7R81zQ58ux"", ""title"": ""Docharkheh"", ""position"": 8, ""duration_seconds"": 184.0, ""artist_credits"": [""Ali Sorena"", ""Saeed Dehghan""]}, {""id"": ""2e8f3SSUcCusG9W5ucsw65"", ""title"": ""Enghelabe Rangha"", ""position"": 9, ""duration_seconds"": 178.24, ""artist_credits"": [""Ali Sorena"", ""Farshad""]}, {""id"": ""5SVqKd0lx04URj3juU5yiV"", ""title"": ""Ghatel Ya Maghtool"", ""position"": 10, ""duration_seconds"": 96.76, ""artist_credits"": [""Ali Sorena"", ""Atour""]}, {""id"": ""4CbasCEJZMUbIxclm8RsM2"", ""title"": ""Gole Sorkh"", ""position"": 11, ""duration_seconds"": 205.384, ""artist_credits"": [""Ali Sorena"", ""Saeed Dehghan""]}, {""id"": ""1tAzCpFqdNRLzMgKkGTwGx"", ""title"": ""Charkheshe Rangha"", ""position"": 12, ""duration_seconds"": 185.699, ""artist_credits"": [""Ali Sorena"", ""Saeed Dehghan"", ""SarrSew""]}, {""id"": ""1peID07qkCU9NlGo6ZhNAc"", ""title"": ""Enfejare Rangha"", ""position"": 13, ""duration_seconds"": 192.0, ""artist_credits"": [""Ali Sorena"", ""Farshad""]}, {""id"": ""14qMBtIY7LBlPspMGEcLpk"", ""title"": ""Saeghe"", ""position"": 14, ""duration_seconds"": 228.848, ""artist_credits"": [""Ali Sorena"", ""Atour""]}, {""id"": ""5MZhCtNcdSXJFpLhor9VOT"", ""title"": ""Raghase Maghroogh"", ""position"": 15, ""duration_seconds"": 254.693, ""artist_credits"": [""Ali Sorena"", ""Beatbynajwa"", ""Pari Eskandari""]}, {""id"": ""3TneASWuDJCj3bMub0H7fQ"", ""title"": ""Ki Ba Ma Zooze Mikeshe"", ""position"": 16, ""duration_seconds"": 191.25, ""artist_credits"": [""Ali Sorena"", ""Saeed Dehghan""]}, {""id"": ""0nTbcHip09EYjZrSohwnmj"", ""title"": ""Mikeshan Ist"", ""position"": 17, ""duration_seconds"": 227.5, ""artist_credits"": [""Ali Sorena"", ""Atour""]}, {""id"": ""6d0MoEzQ8alBPz6AIYrFJT"", ""title"": ""Toghiyan"", ""position"": 18, ""duration_seconds"": 182.769, ""artist_credits"": [""Ali Sorena"", ""Atour""]}, {""id"": ""4hMNIQj28lxT4mjkreYBiO"", ""title"": ""Mikhoonim Vase Taghia"", ""position"": 19, ""duration_seconds"": 225.333, ""artist_credits"": [""Ali Sorena"", ""PooYar""]}, {""id"": ""0BVZgNKxjkqib2unnGzChT"", ""title"": ""Shabe Sarde Kalanshahr"", ""position"": 20, ""duration_seconds"": 237.093, ""artist_credits"": [""Ali Sorena"", ""Saeed Dehghan""]}]",standard/unspecified,"{""id"": ""1YomRnpVLMXxzVCgs3CVl9"", ""title"": ""Mojassameh"", ""type"": ""ALBUM"", ""release_date"": ""2025-02-20T00:00:00Z"", ""date_precision"": ""DAY""}","{""id"": ""47U0dkAKLqJ1Y13cTpiznw"", ""title"": ""Khoone Khorshid"", ""type"": ""EP"", ""release_date"": ""2024-11-11T00:00:00Z"", ""date_precision"": ""DAY""}",https://soundcloud.com/alisorena/sets/mojassameh,"[{""id"": ""2029578288"", ""title"": ""Mojassameh (By Dehghan)"", ""url"": ""https://soundcloud.com/alisorena/mojassameh"", ""duration"": 248.912, ""owner_match"": true, ""spotify_track_id"": null, ""formats_available"": true}, {""id"": ""2029578232"", ""title"": ""Badhaye Vahshi (By Farshad)"", ""url"": ""https://soundcloud.com/alisorena/badhaye-vahshi-by-farshad"", ""duration"": 179.232, ""owner_match"": true, ""spotify_track_id"": null, ""formats_available"": true}, {""id"": ""2029578264"", ""title"": ""Khaneye Sorkh Ft. SarrSew (By Dehghan)"", ""url"": ""https://soundcloud.com/alisorena/khaneye-sorkh-ft-sarrsew-by"", ""duration"": 238.145, ""owner_match"": true, ""spotify_track_id"": null, ""formats_available"": true}, {""id"": ""2029578228"", ""title"": ""Sarzamine Bartar (By Dehghan)"", ""url"": ""https://soundcloud.com/alisorena/sarzamine-bartar-by-dehghan"", ""duration"": 236.33, ""owner_match"": true, ""spotify_track_id"": null, ""formats_available"": true}, {""id"": ""2029578276"", ""title"": ""Bandbaze Mast (By Dehghan)"", ""url"": ""https://soundcloud.com/alisorena/bandbaze-mast-by-dehghan"", ""duration"": 224.806, ""owner_match"": true, ""spotify_track_id"": null, ""formats_available"": true}, {""id"": ""2029578236"", ""title"": ""Khab Dar Khab (By Sorena)"", ""url"": ""https://soundcloud.com/alisorena/khab-dar-khab-by-sorena"", ""duration"": 224.438, ""owner_match"": true, ""spotify_track_id"": null, ""formats_available"": true}, {""id"": ""2029578272"", ""title"": ""Morse (By Dehghan,Sorena)"", ""url"": ""https://soundcloud.com/alisorena/morse-by-dehghan-sorena"", ""duration"": 293.379, ""owner_match"": true, ""spotify_track_id"": null, ""formats_available"": true}, {""id"": ""2029578292"", ""title"": ""Docharkheh (By Dehghan)"", ""url"": ""https://soundcloud.com/alisorena/docharkheh-by-dehghan"", ""duration"": 184.023, ""owner_match"": true, ""spotify_track_id"": null, ""formats_available"": true}, {""id"": ""2029578252"", ""title"": ""Enghelabe Rangha (By Farshad)"", ""url"": ""https://soundcloud.com/alisorena/enghelabe-rangha-by-farshad"", ""duration"": 178.263, ""owner_match"": true, ""spotify_track_id"": null, ""formats_available"": true}, {""id"": ""2029578280"", ""title"": ""Ghatel Ya Maghtool (By Atour)"", ""url"": ""https://soundcloud.com/alisorena/ghatel-ya-maghtool-by-atour"", ""duration"": 96.783, ""owner_match"": true, ""spotify_track_id"": null, ""formats_available"": true}, {""id"": ""2029578224"", ""title"": ""Gole Sorkh (By Dehghan)"", ""url"": ""https://soundcloud.com/alisorena/gole-sorkh-by-dehghan"", ""duration"": 205.407, ""owner_match"": true, ""spotify_track_id"": null, ""formats_available"": true}, {""id"": ""2029578284"", ""title"": ""Charkheshe Rangha Ft. SarrSew (By Dehghan)"", ""url"": ""https://soundcloud.com/alisorena/charkheshe-rangha-ft-sarrsew"", ""duration"": 185.745, ""owner_match"": true, ""spotify_track_id"": null, ""formats_available"": true}, {""id"": ""2029578240"", ""title"": ""Enfejare Rangha (By Farshad)"", ""url"": ""https://soundcloud.com/alisorena/enfejare-rangha-by-farshad"", ""duration"": 192.023, ""owner_match"": true, ""spotify_track_id"": null, ""formats_available"": true}, {""id"": ""2029578244"", ""title"": ""Saeghe (By Atour)"", ""url"": ""https://soundcloud.com/alisorena/saeghe-by-atour"", ""duration"": 228.871, ""owner_match"": true, ""spotify_track_id"": null, ""formats_available"": true}, {""id"": ""2029578296"", ""title"": ""Raghase Maghroogh Ft. Pari Eskandari(Vox Chor) (By Najwa)"", ""url"": ""https://soundcloud.com/alisorena/raghase-maghroogh"", ""duration"": 254.717, ""owner_match"": true, ""spotify_track_id"": null, ""formats_available"": true}, {""id"": ""2029578256"", ""title"": ""Ki Ba Ma Zooze Mikeshe (By Dehghan,Sorena)"", ""url"": ""https://soundcloud.com/alisorena/ki-ba-ma-zooze-mikeshe"", ""duration"": 191.273, ""owner_match"": true, ""spotify_track_id"": null, ""formats_available"": true}, {""id"": ""2029578300"", ""title"": ""Mikeshan Ist (By Atour)"", ""url"": ""https://soundcloud.com/alisorena/mikeshan-ist-by-atour"", ""duration"": 227.523, ""owner_match"": true, ""spotify_track_id"": null, ""formats_available"": true}, {""id"": ""2029578268"", ""title"": ""Toghiyan (By Atour)"", ""url"": ""https://soundcloud.com/alisorena/toghiyan-by-atour"", ""duration"": 182.792, ""owner_match"": true, ""spotify_track_id"": null, ""formats_available"": true}, {""id"": ""2029578260"", ""title"": ""Mikhoonim Vase Taghia (By PooYar)"", ""url"": ""https://soundcloud.com/alisorena/mikhoonim-vase-taghia-by"", ""duration"": 225.356, ""owner_match"": true, ""spotify_track_id"": null, ""formats_available"": true}, {""id"": ""2029578248"", ""title"": ""Shabe Sarde Kalanshahr (By Dehghan)"", ""url"": ""https://soundcloud.com/alisorena/shabe-sarde-kalanshahr-by"", ""duration"": 237.116, ""owner_match"": true, ""spotify_track_id"": null, ""formats_available"": true}]",Requires review: set title matched but tracks/identity/duration differ,,
90,Sadegh,140,verified,suggested,Nashod Begam,22C1OnNz1EvwYCEmrpBPxd,2023-09-27T00:00:00Z,DAY,LP,7,https://open.spotify.com/album/22C1OnNz1EvwYCEmrpBPxd,"[""Sadegh""]","[{""id"": ""2kzmpICEtwMksKYE9GAMet"", ""title"": ""Hamkharabeh"", ""position"": 1, ""duration_seconds"": 212.0, ""artist_credits"": [""Sadegh""]}, {""id"": ""0vL8gOyxHiWbFm3a3CTzxN"", ""title"": ""Bara Ye Doshman"", ""position"": 2, ""duration_seconds"": 225.665, ""artist_credits"": [""Sadegh""]}, {""id"": ""2OXqzQzzKufvlYaqpwtOca"", ""title"": ""Bara Ye Dost"", ""position"": 3, ""duration_seconds"": 124.76, ""artist_credits"": [""Sadegh""]}, {""id"": ""2PUk6D16l2lSDjhpVbik0b"", ""title"": ""Jen"", ""position"": 4, ""duration_seconds"": 173.538, ""artist_credits"": [""Sadegh""]}, {""id"": ""0bepoS765OmGTCO4ooQNfL"", ""title"": ""Nemoneh"", ""position"": 5, ""duration_seconds"": 178.814, ""artist_credits"": [""Sadegh""]}, {""id"": ""5D8h0s56xiYeoUhtm0TFe8"", ""title"": ""Jatoon Khaali"", ""position"": 6, ""duration_seconds"": 231.504, ""artist_credits"": [""Sadegh"", ""Farhaad"", ""Pedram Azad""]}, {""id"": ""2KIgtt47uOFHU7PaamAl9s"", ""title"": ""Felan"", ""position"": 7, ""duration_seconds"": 172.212, ""artist_credits"": [""Sadegh""]}]",standard/unspecified,"{""id"": ""22C1OnNz1EvwYCEmrpBPxd"", ""title"": ""Nashod Begam"", ""type"": ""ALBUM"", ""release_date"": ""2023-09-27T00:00:00Z"", ""date_precision"": ""DAY""}","{""id"": ""1nYBV7uEQhSPVURZGa8ecA"", ""title"": ""Perspective"", ""type"": ""EP"", ""release_date"": ""2021-03-19T00:00:00Z"", ""date_precision"": ""DAY""}",,[],No matching source found: no verified SoundCloud candidate established; bounded full-audio probe not performed,,
91,Sogand,142,verified,suggested,Khune,35wT0eSuG97nyh4su1wXHH,2024-04-14T00:00:00Z,DAY,EP,6,https://open.spotify.com/album/35wT0eSuG97nyh4su1wXHH,"[""Sogand""]","[{""id"": ""5N7KhmL6q9hA7ZGYtzJxiN"", ""title"": ""Khune"", ""position"": 1, ""duration_seconds"": 216.241, ""artist_credits"": [""Sogand""]}, {""id"": ""6fx5VOjqYNBHcDf5GIF5g5"", ""title"": ""Neshastom"", ""position"": 2, ""duration_seconds"": 199.755, ""artist_credits"": [""Sogand""]}, {""id"": ""3fEQWz9umZsPERQaAp2Nzh"", ""title"": ""Zamin Gerde"", ""position"": 3, ""duration_seconds"": 203.762, ""artist_credits"": [""Sogand""]}, {""id"": ""0aSbQA4HGRiftqEg2BC4Qe"", ""title"": ""Barax"", ""position"": 4, ""duration_seconds"": 244.76, ""artist_credits"": [""Sogand""]}, {""id"": ""0Zw6WBEvh0YeCUCKt3eBLs"", ""title"": ""Yarab"", ""position"": 5, ""duration_seconds"": 203.389, ""artist_credits"": [""Sogand""]}, {""id"": ""3r8PSWJKCDYszzt3s5caEq"", ""title"": ""Dooram"", ""position"": 6, ""duration_seconds"": 121.304, ""artist_credits"": [""Sogand""]}]",standard/unspecified,null,"{""id"": ""35wT0eSuG97nyh4su1wXHH"", ""title"": ""Khune"", ""type"": ""EP"", ""release_date"": ""2024-04-14T00:00:00Z"", ""date_precision"": ""DAY""}",,[],No matching source found: no verified SoundCloud candidate established; bounded full-audio probe not performed,,
92,Gdaal,143,verified,suggested,Abraye Noghrei 3,7k3kmzV0rhopPPYvf7Yw0u,2025-05-01T00:00:00Z,DAY,LP,17,https://open.spotify.com/album/7k3kmzV0rhopPPYvf7Yw0u,"[""Gdaal""]","[{""id"": ""6gE9GjEu65ZZT853y7rEvw"", ""title"": ""Marjaan"", ""position"": 1, ""duration_seconds"": 221.269, ""artist_credits"": [""Gdaal"", ""Tamara""]}, {""id"": ""0PGX2WwBR7Puyl2lHbJtFh"", ""title"": ""N.G.Y.D.M"", ""position"": 2, ""duration_seconds"": 194.406, ""artist_credits"": [""Gdaal""]}, {""id"": ""6twSUjOQutIty2wFX7R6nY"", ""title"": ""Yadegaar"", ""position"": 3, ""duration_seconds"": 234.708, ""artist_credits"": [""Gdaal"", ""Ashkan Kagan"", ""Dina""]}, {""id"": ""39NRYGLtq5gTK2Eb4wgzQG"", ""title"": ""KK PoPo"", ""position"": 4, ""duration_seconds"": 183.375, ""artist_credits"": [""Gdaal"", ""021G""]}, {""id"": ""6dtT4wpEsvTE4Qe8uDREkV"", ""title"": ""Dige Direh"", ""position"": 5, ""duration_seconds"": 181.192, ""artist_credits"": [""Gdaal"", ""Putak"", ""Dina""]}, {""id"": ""6kc4m61oB7l9s6Z8bm394w"", ""title"": ""Trap therapy"", ""position"": 6, ""duration_seconds"": 199.659, ""artist_credits"": [""Gdaal"", ""Sami Low"", ""istaylowkei""]}, {""id"": ""2TGjCfBDnzAZ3bSaYXp1Mh"", ""title"": ""Vagheyi Freestyle"", ""position"": 7, ""duration_seconds"": 141.357, ""artist_credits"": [""Gdaal""]}, {""id"": ""7kCg6VcQWejP5KqvthwNrO"", ""title"": ""Je t'attends"", ""position"": 8, ""duration_seconds"": 197.432, ""artist_credits"": [""Gdaal"", ""Octave"", ""MJoobi""]}, {""id"": ""3J2Ie33LgdpI9AmdfWQVgv"", ""title"": ""Trap Star"", ""position"": 9, ""duration_seconds"": 173.353, ""artist_credits"": [""Gdaal"", ""RiRi""]}, {""id"": ""3GewFSQkWV2Z83RSnEm7PK"", ""title"": ""Ta delet bekhad"", ""position"": 10, ""duration_seconds"": 192.084, ""artist_credits"": [""Gdaal"", ""021kid""]}, {""id"": ""1M8cQzOIg9FWoEsr9QwQDt"", ""title"": ""Siah sefid"", ""position"": 11, ""duration_seconds"": 155.433, ""artist_credits"": [""Gdaal"", ""Pouriya Adroit""]}, {""id"": ""2eKtRslANHL8nk6bo1bjku"", ""title"": ""Perc"", ""position"": 12, ""duration_seconds"": 205.032, ""artist_credits"": [""Gdaal"", ""Aneea""]}, {""id"": ""6Q3AgU6i0xEEXSfTjOcPrT"", ""title"": ""Amniat"", ""position"": 13, ""duration_seconds"": 203.415, ""artist_credits"": [""Gdaal""]}, {""id"": ""6IE1Bq9kq29m1NmJ8iFGGb"", ""title"": ""Daryaa"", ""position"": 14, ""duration_seconds"": 252.0, ""artist_credits"": [""Gdaal"", ""King Raam""]}, {""id"": ""0bjPojJkugEtueB592sBhg"", ""title"": ""Barf"", ""position"": 15, ""duration_seconds"": 310.484, ""artist_credits"": [""Gdaal"", ""Ahood"", ""Amin Tijay""]}, {""id"": ""3GVhSXSr8QShgDRvy67z3J"", ""title"": ""Shemrun"", ""position"": 16, ""duration_seconds"": 214.0, ""artist_credits"": [""Gdaal"", ""Sami Low"", ""Simi""]}, {""id"": ""04ENcp1CpJMe32Mtwdp0Uo"", ""title"": ""Nasser Hejazi"", ""position"": 17, ""duration_seconds"": 165.59, ""artist_credits"": [""Gdaal""]}]",standard/unspecified,"{""id"": ""7k3kmzV0rhopPPYvf7Yw0u"", ""title"": ""Abraye Noghrei 3"", ""type"": ""ALBUM"", ""release_date"": ""2025-05-01T00:00:00Z"", ""date_precision"": ""DAY""}","{""id"": ""482vzXFjN13gxYZwmB1YAV"", ""title"": ""Banafsh"", ""type"": ""EP"", ""release_date"": ""2021-09-09T00:00:00Z"", ""date_precision"": ""DAY""}",https://soundcloud.com/gdaal/sets/abraye-noghrei-3,"[{""id"": ""2088712245"", ""title"": ""Marjaan (Ft. Tamara)"", ""url"": ""https://soundcloud.com/gdaal/marjaan-ft-tamara-1"", ""duration"": 221.315, ""owner_match"": true, ""spotify_track_id"": null, ""formats_available"": true}, {""id"": ""2088715254"", ""title"": ""N.G.Y.D.M"", ""url"": ""https://soundcloud.com/gdaal/n-g-y-d-m"", ""duration"": 194.452, ""owner_match"": true, ""spotify_track_id"": ""0PGX2WwBR7Puyl2lHbJtFh"", ""formats_available"": true}, {""id"": ""2088757758"", ""title"": ""Yadegaar (Ft. Kagan X Dina)"", ""url"": ""https://soundcloud.com/gdaal/yadegaar-ft-kagan-x-dina-1"", ""duration"": 234.754, ""owner_match"": true, ""spotify_track_id"": null, ""formats_available"": true}, {""id"": ""2088759003"", ""title"": ""KK PoPo (Ft. 021G)"", ""url"": ""https://soundcloud.com/gdaal/kk-popo-ft-021g-1"", ""duration"": 183.426, ""owner_match"": true, ""spotify_track_id"": null, ""formats_available"": true}, {""id"": ""2061487640"", ""title"": ""Dige Direh (Ft. Putak X Dina)"", ""url"": ""https://soundcloud.com/gdaal/dige-direhprod-alkonoiz"", ""duration"": 181.238, ""owner_match"": true, ""spotify_track_id"": null, ""formats_available"": true}, {""id"": ""2088760146"", ""title"": ""Trap Therapy (Ft. Sami Low X Lowkei)"", ""url"": ""https://soundcloud.com/gdaal/trap-therapy-ft-sami-low-x"", ""duration"": 199.705, ""owner_match"": true, ""spotify_track_id"": null, ""formats_available"": true}, {""id"": ""2088760737"", ""title"": ""Vagheyi (Freestyle)"", ""url"": ""https://soundcloud.com/gdaal/vagheyi-freestyle"", ""duration"": 141.403, ""owner_match"": true, ""spotify_track_id"": ""2TGjCfBDnzAZ3bSaYXp1Mh"", ""formats_available"": true}, {""id"": ""2088761472"", ""title"": ""Je T’attends (Ft. Octave X Mjoobi)"", ""url"": ""https://soundcloud.com/gdaal/je-tattends-ft-octave-x-mjoobi"", ""duration"": 197.479, ""owner_match"": true, ""spotify_track_id"": null, ""formats_available"": true}, {""id"": ""2088762726"", ""title"": ""Trap Star (Ft. RiRi)"", ""url"": ""https://soundcloud.com/gdaal/trap-star-ft-riri"", ""duration"": 173.399, ""owner_match"": true, ""spotify_track_id"": null, ""formats_available"": true}, {""id"": ""2088763632"", ""title"": ""Ta Delet Bekhad (Ft. 021Kid)"", ""url"": ""https://soundcloud.com/gdaal/ta-delet-bekhad-ft-021kid"", ""duration"": 192.131, ""owner_match"": true, ""spotify_track_id"": null, ""formats_available"": true}, {""id"": ""2088764433"", ""title"": ""Siah Sefid (Ft. Pouriya Adroit)"", ""url"": ""https://soundcloud.com/gdaal/siah-sefid-ft-pouriya-adroit"", ""duration"": 155.479, ""owner_match"": true, ""spotify_track_id"": null, ""formats_available"": true}, {""id"": ""1827502347"", ""title"": ""Perc(Ft. Aneea)"", ""url"": ""https://soundcloud.com/gdaal/percft-aneea"", ""duration"": 205.078, ""owner_match"": true, ""spotify_track_id"": null, ""formats_available"": true}, {""id"": ""1857074229"", ""title"": ""Amniat"", ""url"": ""https://soundcloud.com/gdaal/gdaal-amniat"", ""duration"": 207.204, ""owner_match"": true, ""spotify_track_id"": ""6Q3AgU6i0xEEXSfTjOcPrT"", ""formats_available"": true}, {""id"": ""1978106955"", ""title"": ""Daryaa (Ft. Kingram)"", ""url"": ""https://soundcloud.com/gdaal/daryaa"", ""duration"": 252.023, ""owner_match"": true, ""spotify_track_id"": null, ""formats_available"": true}, {""id"": ""1757808183"", ""title"": ""Barf (Ft Ahood X Amin Tijay X Soha)"", ""url"": ""https://soundcloud.com/gdaal/barf-ft-ahood-x-amin-tijay-x-soha"", ""duration"": 310.53, ""owner_match"": true, ""spotify_track_id"": null, ""formats_available"": true}, {""id"": ""1939233953"", ""title"": ""Shemrun (Ft. Sami Low X Simi)"", ""url"": ""https://soundcloud.com/gdaal/gdaal-x-sami-low-x-parsa-simpson-shemrun"", ""duration"": 214.046, ""owner_match"": true, ""spotify_track_id"": null, ""formats_available"": true}, {""id"": ""1716763740"", ""title"": ""Nasser Hejazi"", ""url"": ""https://soundcloud.com/gdaal/naser-hejazi-prod-motreb"", ""duration"": 165.636, ""owner_match"": true, ""spotify_track_id"": ""04ENcp1CpJMe32Mtwdp0Uo"", ""formats_available"": true}]",Partial track coverage,,
93,Amir Khalvat,145,verified,suggested,Man,04SiDOxnvZSgNMjHQsl5dX,2015-02-20T00:00:00Z,DAY,EP,4,https://open.spotify.com/album/04SiDOxnvZSgNMjHQsl5dX,"[""Amir Khalvat""]","[{""id"": ""3zVjuH86FjYAt2sNatea2B"", ""title"": ""Man"", ""position"": 1, ""duration_seconds"": 185.495, ""artist_credits"": [""Amir Khalvat""]}, {""id"": ""5OKifAk0QRWsfxUy1YAL7v"", ""title"": ""Shahre Moosh Ha"", ""position"": 2, ""duration_seconds"": 184.764, ""artist_credits"": [""Amir Khalvat""]}, {""id"": ""2bW971Ejr6txQfb3dP3kWe"", ""title"": ""Cheghad Pool"", ""position"": 3, ""duration_seconds"": 193.906, ""artist_credits"": [""Amir Khalvat""]}, {""id"": ""4uh2Q7cRNIa0ga27G8TLhK"", ""title"": ""Adama"", ""position"": 4, ""duration_seconds"": 154.096, ""artist_credits"": [""Amir Khalvat""]}]",standard/unspecified,null,"{""id"": ""04SiDOxnvZSgNMjHQsl5dX"", ""title"": ""Man"", ""type"": ""EP"", ""release_date"": ""2015-02-20T00:00:00Z"", ""date_precision"": ""DAY""}",,[],No matching source found: no verified SoundCloud candidate established; bounded full-audio probe not performed,,
94,Emad Ghavidel,147,verified,no qualifying LP/EP in complete catalog,,,,,,,,[],[],,null,null,,[],No release selected; acquisition not assessed,,
95,poobon,148,verified,suggested,Midnight,2qCN8thNCMHWvzSQ47qt3A,2021-02-14T00:00:00Z,DAY,EP,6,https://open.spotify.com/album/2qCN8thNCMHWvzSQ47qt3A,"[""poobon""]","[{""id"": ""6KwBfwBvOewYRvXxe1etOu"", ""title"": ""Beynemoon"", ""position"": 1, ""duration_seconds"": 155.16, ""artist_credits"": [""poobon"", ""Ezza"", ""Ealia""]}, {""id"": ""0qvWaNaCLgxMOnuhig8KP5"", ""title"": ""To"", ""position"": 2, ""duration_seconds"": 217.391, ""artist_credits"": [""poobon""]}, {""id"": ""0csshwFXBUGoKaYctQATCP"", ""title"": ""Akharin Mashough"", ""position"": 3, ""duration_seconds"": 196.336, ""artist_credits"": [""poobon"", ""Behzad Leito"", ""Limit""]}, {""id"": ""7fTRolZUCPbRqSZnsUJniS"", ""title"": ""D3L - Remix"", ""position"": 4, ""duration_seconds"": 202.266, ""artist_credits"": [""poobon""]}, {""id"": ""1kqzKPSZS5ThhiXmFwHG8Z"", ""title"": ""Dire Dg"", ""position"": 5, ""duration_seconds"": 223.764, ""artist_credits"": [""poobon""]}, {""id"": ""5MY9jCOKayTZ3gfcLfkdhL"", ""title"": ""Ghalbe Shishei - Mahnoosh Cover"", ""position"": 6, ""duration_seconds"": 107.102, ""artist_credits"": [""poobon""]}]",standard/unspecified,null,"{""id"": ""2qCN8thNCMHWvzSQ47qt3A"", ""title"": ""Midnight"", ""type"": ""EP"", ""release_date"": ""2021-02-14T00:00:00Z"", ""date_precision"": ""DAY""}",,[],No matching source found: no verified SoundCloud candidate established; bounded full-audio probe not performed,,
96,Armin Zareei,149,verified,suggested,Toure Concertam,5TMBih6ttTA4dNLBQ69MW1,2023-03-02T00:00:00Z,DAY,EP,4,https://open.spotify.com/album/5TMBih6ttTA4dNLBQ69MW1,"[""Armin Zareei""]","[{""id"": ""6zDm0bQmNKZXi7gNxNTAWx"", ""title"": ""Toure Concertam"", ""position"": 1, ""duration_seconds"": 223.021, ""artist_credits"": [""Armin Zareei""]}, {""id"": ""2RXIKn9skAxTiXLZdzRW55"", ""title"": ""Tarafdarame"", ""position"": 2, ""duration_seconds"": 213.121, ""artist_credits"": [""Armin Zareei""]}, {""id"": ""2rW1RTJPd5AJVaTSXV8rfP"", ""title"": ""Payatam"", ""position"": 3, ""duration_seconds"": 152.438, ""artist_credits"": [""Armin Zareei""]}, {""id"": ""3Wp29Tm3z9FdhHFD4qhqJK"", ""title"": ""Sargarmi"", ""position"": 4, ""duration_seconds"": 181.042, ""artist_credits"": [""Armin Zareei""]}]",standard/unspecified,null,"{""id"": ""5TMBih6ttTA4dNLBQ69MW1"", ""title"": ""Toure Concertam"", ""type"": ""EP"", ""release_date"": ""2023-03-02T00:00:00Z"", ""date_precision"": ""DAY""}",,[],No matching source found: no verified SoundCloud candidate established; bounded full-audio probe not performed,,
97,Zakhmi,150,verified,suggested,Mehraboon,75zv6v0DISo36fh9MLE9QL,2021-07-12T00:00:00Z,DAY,EP,5,https://open.spotify.com/album/75zv6v0DISo36fh9MLE9QL,"[""Zakhmi""]","[{""id"": ""1DrFMemHEpkpjI124k7OdO"", ""title"": ""In Jang"", ""position"": 1, ""duration_seconds"": 198.0, ""artist_credits"": [""Zakhmi"", ""Sogand""]}, {""id"": ""3HszNWvfqpEWq12dFUNbO5"", ""title"": ""Heyf"", ""position"": 2, ""duration_seconds"": 282.089, ""artist_credits"": [""Zakhmi"", ""Sogand""]}, {""id"": ""66GQ7r4CpplMDQXpQy1a9V"", ""title"": ""Doosto Doshman"", ""position"": 3, ""duration_seconds"": 207.489, ""artist_credits"": [""Zakhmi"", ""Canis"", ""Behzad Leito""]}, {""id"": ""71bnExg0lPt6X0WplzT18Z"", ""title"": ""Miam Pishet"", ""position"": 4, ""duration_seconds"": 268.476, ""artist_credits"": [""Zakhmi"", ""Canis""]}, {""id"": ""6eykvFyHnXZTMKQmbgKhfQ"", ""title"": ""Refigham"", ""position"": 5, ""duration_seconds"": 209.575, ""artist_credits"": [""Zakhmi"", ""Shug""]}]",standard/unspecified,"{""id"": ""3qUULxcBJJa6Nhq6Xlt5ol"", ""title"": ""Shakhsi"", ""type"": ""ALBUM"", ""release_date"": ""2018-06-25T00:00:00Z"", ""date_precision"": ""DAY""}","{""id"": ""75zv6v0DISo36fh9MLE9QL"", ""title"": ""Mehraboon"", ""type"": ""EP"", ""release_date"": ""2021-07-12T00:00:00Z"", ""date_precision"": ""DAY""}",,[],No matching source found: no verified SoundCloud candidate established; bounded full-audio probe not performed,,
98,Sina Mafee,151,verified,suggested,Mafia,1KejPTn7hcYDiokER7IsXT,2025-05-14T00:00:00Z,DAY,LP,11,https://open.spotify.com/album/1KejPTn7hcYDiokER7IsXT,"[""Sina Mafee""]","[{""id"": ""2VDjLMn5ET9wgGQgX73Q79"", ""title"": ""Mafia (Intro)"", ""position"": 1, ""duration_seconds"": 181.1, ""artist_credits"": [""Sina Mafee""]}, {""id"": ""0sAILgDBVlEBqBypv41hIz"", ""title"": ""Yeke Shab"", ""position"": 2, ""duration_seconds"": 191.016, ""artist_credits"": [""Sina Mafee"", ""benam""]}, {""id"": ""739povKrXI9XUHg3gMPAkT"", ""title"": ""Kheili Vaghte"", ""position"": 3, ""duration_seconds"": 216.0, ""artist_credits"": [""Sina Mafee"", ""Sohrab Mj"", ""Lenna""]}, {""id"": ""4ggpwrLKuSqzTp7obbJ817"", ""title"": ""Dokhtare Bad"", ""position"": 4, ""duration_seconds"": 166.559, ""artist_credits"": [""Sina Mafee"", ""Mattinll""]}, {""id"": ""5BUsBD8hy9fK8vDLvWvavg"", ""title"": ""Dong"", ""position"": 5, ""duration_seconds"": 212.955, ""artist_credits"": [""Sina Mafee"", ""PapaBoyz""]}, {""id"": ""4L129R9fuxohMC0YigwCYq"", ""title"": ""Injoori Naro"", ""position"": 6, ""duration_seconds"": 225.659, ""artist_credits"": [""Sina Mafee"", ""Catchybeatz""]}, {""id"": ""5lSkVvFO7LlDnjcVGt51f6"", ""title"": ""Skit"", ""position"": 7, ""duration_seconds"": 166.824, ""artist_credits"": [""Sina Mafee""]}, {""id"": ""4NHx7jyevvLzcJXENYKrbL"", ""title"": ""Gorilla"", ""position"": 8, ""duration_seconds"": 161.818, ""artist_credits"": [""Sina Mafee"", ""Catchybeatz"", ""RiRi""]}, {""id"": ""3gwqyg1bWZLgvP9Lip2sRp"", ""title"": ""High G"", ""position"": 9, ""duration_seconds"": 178.0, ""artist_credits"": [""Sina Mafee"", ""Amir Daaj""]}, {""id"": ""1f6E2b5Bpa2Jz0CJs9nfye"", ""title"": ""Mese Ghablan"", ""position"": 10, ""duration_seconds"": 166.628, ""artist_credits"": [""Sina Mafee"", ""Mattinll"", ""I.Da""]}, {""id"": ""6iJ34VXVkh1HpUOHB0nhWY"", ""title"": ""Tanhaee Behtaram"", ""position"": 11, ""duration_seconds"": 193.332, ""artist_credits"": [""Sina Mafee""]}]",standard/unspecified,"{""id"": ""1KejPTn7hcYDiokER7IsXT"", ""title"": ""Mafia"", ""type"": ""ALBUM"", ""release_date"": ""2025-05-14T00:00:00Z"", ""date_precision"": ""DAY""}",null,,[],No matching source found: no verified SoundCloud candidate established; bounded full-audio probe not performed,,
99,Catchybeatz,152,verified,suggested,Zooze,75mbHoMrkobQUe5b1RCPti,2022-12-24T00:00:00Z,DAY,LP,8,https://open.spotify.com/album/75mbHoMrkobQUe5b1RCPti,"[""Catchybeatz"", ""Soalk"", ""ILLNOIZ""]","[{""id"": ""0eewrEuRHEAs9LWJvtzPKe"", ""title"": ""Divaraye Sangi"", ""position"": 1, ""duration_seconds"": 200.071, ""artist_credits"": [""Catchybeatz"", ""Soalk"", ""ILLNOIZ""]}, {""id"": ""54dmzrv0BaxLXiw9dI4Hkz"", ""title"": ""Boodam Shodam"", ""position"": 2, ""duration_seconds"": 200.986, ""artist_credits"": [""Catchybeatz"", ""Soalk"", ""ILLNOIZ"", ""Putak""]}, {""id"": ""2INHFctbg4MD5TeKKwYBjR"", ""title"": ""Marg Bar To"", ""position"": 3, ""duration_seconds"": 154.801, ""artist_credits"": [""Catchybeatz"", ""Soalk"", ""ILLNOIZ""]}, {""id"": ""4pmrFSp7OJiAMmlHZOB3me"", ""title"": ""Sskol"", ""position"": 4, ""duration_seconds"": 226.977, ""artist_credits"": [""Catchybeatz"", ""Soalk"", ""ILLNOIZ""]}, {""id"": ""6OZUOrJ15PSxTwxDRzWdST"", ""title"": ""Faze Sekte"", ""position"": 5, ""duration_seconds"": 198.922, ""artist_credits"": [""Catchybeatz"", ""Soalk"", ""ILLNOIZ"", ""021kid""]}, {""id"": ""0sLH6CXo19BzOr74GkxGJd"", ""title"": ""Huh"", ""position"": 6, ""duration_seconds"": 213.394, ""artist_credits"": [""Catchybeatz"", ""Soalk"", ""ILLNOIZ""]}, {""id"": ""2F0znS1aAPawtbLH6o9gUo"", ""title"": ""Nemitarsam"", ""position"": 7, ""duration_seconds"": 160.17, ""artist_credits"": [""Catchybeatz"", ""Soalk"", ""ILLNOIZ"", ""ARMOND""]}, {""id"": ""1NZu2E2AbeKZYZ9be9WLL6"", ""title"": ""Az Khodam Badam Miad"", ""position"": 8, ""duration_seconds"": 229.845, ""artist_credits"": [""Catchybeatz"", ""Soalk"", ""ILLNOIZ""]}]",standard/unspecified,"{""id"": ""75mbHoMrkobQUe5b1RCPti"", ""title"": ""Zooze"", ""type"": ""ALBUM"", ""release_date"": ""2022-12-24T00:00:00Z"", ""date_precision"": ""DAY""}",null,,[],No matching source found: no verified SoundCloud candidate established; bounded full-audio probe not performed,,
100,Hamid Sefat,153,verified,no qualifying LP/EP in complete catalog,,,,,,,,[],[],,null,null,,[],No release selected; acquisition not assessed,,
101,Ali Ardavan,154,verified,no qualifying LP/EP in complete catalog,,,,,,,,[],[],,null,null,,[],No release selected; acquisition not assessed,,
102,Bamdad,155,verified,suggested,Mantaghe 5 Pelake 8,2JnDcFfeRxCGlLPv5aWJj2,2025-08-15T00:00:00Z,DAY,EP,3,https://open.spotify.com/album/2JnDcFfeRxCGlLPv5aWJj2,"[""Bamdad"", ""Kudd""]","[{""id"": ""0kZ242lwyfyFwWJXc9PSep"", ""title"": ""ABFA"", ""position"": 1, ""duration_seconds"": 214.588, ""artist_credits"": [""Bamdad"", ""Kudd""]}, {""id"": ""7DZvBx8zQkOMRBzaWLv0z3"", ""title"": ""Shire Khat"", ""position"": 2, ""duration_seconds"": 237.073, ""artist_credits"": [""Bamdad"", ""Kudd""]}, {""id"": ""2iXX6mpgYHqg48Vp3h9mzJ"", ""title"": ""Chort"", ""position"": 3, ""duration_seconds"": 234.146, ""artist_credits"": [""Bamdad"", ""Kudd""]}]",standard/unspecified,"{""id"": ""7GGoboSXUmHPXnWp11Otfr"", ""title"": ""Ahan"", ""type"": ""ALBUM"", ""release_date"": ""2016-03-17T00:00:00Z"", ""date_precision"": ""DAY""}","{""id"": ""2JnDcFfeRxCGlLPv5aWJj2"", ""title"": ""Mantaghe 5 Pelake 8"", ""type"": ""EP"", ""release_date"": ""2025-08-15T00:00:00Z"", ""date_precision"": ""DAY""}",,[],No matching source found: no verified SoundCloud candidate established; bounded full-audio probe not performed,,
103,Dariu$h,156,verified,requires review,BROKE TKAR [2018 - 2022 LEAKS],7k1VaG1Ak2XAVPuvNufguK,2024-09-16T00:00:00Z,DAY,EP,5,https://open.spotify.com/album/7k1VaG1Ak2XAVPuvNufguK,"[""Dariu$h""]","[{""id"": ""0cvX4vW0gdwb78x7sHkqAV"", ""title"": ""PARE PARVAZ"", ""position"": 1, ""duration_seconds"": 150.721, ""artist_credits"": [""Dariu$h""]}, {""id"": ""0PvY23mV33B4p2WzcpGpVg"", ""title"": ""BARZAKH"", ""position"": 2, ""duration_seconds"": 200.791, ""artist_credits"": [""Dariu$h"", ""6ehtash""]}, {""id"": ""2G02IMB6XTz5rjFBhNp8tp"", ""title"": ""MAMAD ZADE - INTERLUDE"", ""position"": 3, ""duration_seconds"": 71.851, ""artist_credits"": [""Dariu$h""]}, {""id"": ""5GfHsrQuvWyPMowHykmQBk"", ""title"": ""021 TA LDN"", ""position"": 4, ""duration_seconds"": 110.778, ""artist_credits"": [""Dariu$h"", ""Atour""]}, {""id"": ""3fzPgXVxm1Q4w7nNT1Gta7"", ""title"": ""TANHA TAR"", ""position"": 5, ""duration_seconds"": 165.892, ""artist_credits"": [""Dariu$h"", ""6ehtash""]}]",standard/unspecified,"{""id"": ""76NyIF90AK368y0Dmqn0Wz"", ""title"": ""Sarbaz 0"", ""type"": ""ALBUM"", ""release_date"": ""2012-07-14T00:00:00Z"", ""date_precision"": ""DAY""}","{""id"": ""7k1VaG1Ak2XAVPuvNufguK"", ""title"": ""BROKE TKAR [2018 - 2022 LEAKS]"", ""type"": ""EP"", ""release_date"": ""2024-09-16T00:00:00Z"", ""date_precision"": ""DAY""}",,[],No matching source found: no verified SoundCloud candidate established; bounded full-audio probe not performed,,Archival/compilation/edition status requires review; not approved as qualifying original LP
104,Parsalip,157,verified,suggested,Parvaneha,0Lm0DJTiL6H6PB8SuSP4mL,2020-07-14T00:00:00Z,DAY,EP,4,https://open.spotify.com/album/0Lm0DJTiL6H6PB8SuSP4mL,"[""Parsalip""]","[{""id"": ""05r0tojqfCWQnwZm3mrORP"", ""title"": ""Noor"", ""position"": 1, ""duration_seconds"": 218.226, ""artist_credits"": [""Parsalip""]}, {""id"": ""6qisJ1qQ9UTwm1c94G7q6c"", ""title"": ""Khaab"", ""position"": 2, ""duration_seconds"": 183.327, ""artist_credits"": [""Parsalip"", ""Armani""]}, {""id"": ""17M2OxceLrBIMKneKBBCp5"", ""title"": ""Parvaneha"", ""position"": 3, ""duration_seconds"": 262.086, ""artist_credits"": [""Parsalip"", ""Nassim""]}, {""id"": ""181CnR12ujvivlncRtdjNq"", ""title"": ""Shahre Bi Setare"", ""position"": 4, ""duration_seconds"": 184.084, ""artist_credits"": [""Parsalip""]}]",standard/unspecified,null,"{""id"": ""0Lm0DJTiL6H6PB8SuSP4mL"", ""title"": ""Parvaneha"", ""type"": ""EP"", ""release_date"": ""2020-07-14T00:00:00Z"", ""date_precision"": ""DAY""}",,[],No matching source found: no verified SoundCloud candidate established; bounded full-audio probe not performed,,
105,Putak,158,verified,suggested,Red Horn,3av4laDlNglRFGODbCadkq,2023-08-17T00:00:00Z,DAY,LP,14,https://open.spotify.com/album/3av4laDlNglRFGODbCadkq,"[""Putak""]","[{""id"": ""0n1uC5vbCrG2p43C626bdo"", ""title"": ""Bah Bah"", ""position"": 1, ""duration_seconds"": 134.75, ""artist_credits"": [""Putak""]}, {""id"": ""3n96DIaOZuQNCsp69svtAr"", ""title"": ""Wow"", ""position"": 2, ""duration_seconds"": 178.285, ""artist_credits"": [""Putak"", ""Poori""]}, {""id"": ""19k0RLXVFv4EuVg97nW7hE"", ""title"": ""Eyn"", ""position"": 3, ""duration_seconds"": 180.0, ""artist_credits"": [""Putak"", ""Dorcci""]}, {""id"": ""1jNllgYx6j4VjEZBpHN5ZE"", ""title"": ""Lolipop"", ""position"": 4, ""duration_seconds"": 158.0, ""artist_credits"": [""Putak"", ""Chvrsi""]}, {""id"": ""4nAqddeROCsMwh29T6NK1P"", ""title"": ""P2"", ""position"": 5, ""duration_seconds"": 166.0, ""artist_credits"": [""Putak"", ""Reza Pishro""]}, {""id"": ""22xBYxWsPh7lLVpSOo2ZbQ"", ""title"": ""Inkarash"", ""position"": 6, ""duration_seconds"": 176.5, ""artist_credits"": [""Putak"", ""Sijal"", ""Behzad Leito""]}, {""id"": ""2bRpPaUF9LTNrK4qP115JY"", ""title"": ""Mommyt Babym"", ""position"": 7, ""duration_seconds"": 177.5, ""artist_credits"": [""Putak"", ""Catchybeatz""]}, {""id"": ""4HPqFubOG6xJe1mLbfKvkg"", ""title"": ""Stress"", ""position"": 8, ""duration_seconds"": 201.124, ""artist_credits"": [""Putak"", ""Dorcci""]}, {""id"": ""1EqdvmoG60GET0hvXy4HLx"", ""title"": ""666"", ""position"": 9, ""duration_seconds"": 163.0, ""artist_credits"": [""Putak"", ""021kid""]}, {""id"": ""7tZw5s4vp2IqPTOflaneDx"", ""title"": ""Dynamic"", ""position"": 10, ""duration_seconds"": 187.124, ""artist_credits"": [""Putak"", ""Mamazi""]}, {""id"": ""0mhR9Xm344y6F7lI9L19oI"", ""title"": ""Tanhaei Haghete"", ""position"": 11, ""duration_seconds"": 167.785, ""artist_credits"": [""Putak"", ""poobon""]}, {""id"": ""3e7kzePp09zCwrKDVjoyAo"", ""title"": ""Mistress"", ""position"": 12, ""duration_seconds"": 138.0, ""artist_credits"": [""Putak"", ""021G""]}, {""id"": ""3WXkOmaUfwK69ipuY3Vht0"", ""title"": ""Playboy"", ""position"": 13, ""duration_seconds"": 224.0, ""artist_credits"": [""Putak"", ""Behzad Leito"", ""Catchybeatz"", ""Sepehr Khalse""]}, {""id"": ""5ffLysB4lF5mMZenv7gWWK"", ""title"": ""Glitch - Outro"", ""position"": 14, ""duration_seconds"": 131.25, ""artist_credits"": [""Putak""]}]",standard/unspecified,"{""id"": ""3av4laDlNglRFGODbCadkq"", ""title"": ""Red Horn"", ""type"": ""ALBUM"", ""release_date"": ""2023-08-17T00:00:00Z"", ""date_precision"": ""DAY""}","{""id"": ""26UpFPNKrJDnhqxRXZZtRg"", ""title"": ""Born After Suicide"", ""type"": ""EP"", ""release_date"": ""2016-08-30T00:00:00Z"", ""date_precision"": ""DAY""}",https://soundcloud.com/pooriaputak/sets/red-horn,"[{""id"": ""1596871197"", ""title"": ""PutaK - Bah Bah"", ""url"": ""https://soundcloud.com/pooriaputak/1-putak-bah-bah"", ""duration"": 134.796, ""owner_match"": true, ""spotify_track_id"": ""0n1uC5vbCrG2p43C626bdo"", ""formats_available"": true}, {""id"": ""1596871191"", ""title"": ""PutaK - Wow (ft. Poori)"", ""url"": ""https://soundcloud.com/pooriaputak/2-putak-wow-ft-poori"", ""duration"": 178.332, ""owner_match"": true, ""spotify_track_id"": null, ""formats_available"": true}, {""id"": ""1596871188"", ""title"": ""PutaK - EYN (ft. Dorcci)"", ""url"": ""https://soundcloud.com/pooriaputak/3-putak-eyn-ft-dorcci"", ""duration"": 180.046, ""owner_match"": true, ""spotify_track_id"": null, ""formats_available"": true}, {""id"": ""1596871179"", ""title"": ""PutaK - Lollipop (ft. Chvrsi)"", ""url"": ""https://soundcloud.com/pooriaputak/6-putak-lollipop-ft-chvrsi"", ""duration"": 158.046, ""owner_match"": true, ""spotify_track_id"": null, ""formats_available"": true}, {""id"": ""1596871182"", ""title"": ""PutaK - P2 (ft. Pishro)"", ""url"": ""https://soundcloud.com/pooriaputak/5-putak-p2-ft-pishro"", ""duration"": 166.046, ""owner_match"": true, ""spotify_track_id"": null, ""formats_available"": true}, {""id"": ""1596871185"", ""title"": ""PutaK - Inkarash (ft. Sijal, Leito)"", ""url"": ""https://soundcloud.com/pooriaputak/04-putak-inkarash-ft-sijal"", ""duration"": 176.546, ""owner_match"": true, ""spotify_track_id"": null, ""formats_available"": true}, {""id"": ""1596871173"", ""title"": ""PutaK - Mommyt Babym (ft. Catchybeatz)"", ""url"": ""https://soundcloud.com/pooriaputak/7-putak-mommyt-babym-ft"", ""duration"": 177.546, ""owner_match"": true, ""spotify_track_id"": null, ""formats_available"": true}, {""id"": ""1596871170"", ""title"": ""PutaK - Stress (ft. Dorcci)"", ""url"": ""https://soundcloud.com/pooriaputak/8-putak-stress-ft-dorcci"", ""duration"": 201.171, ""owner_match"": true, ""spotify_track_id"": null, ""formats_available"": true}, {""id"": ""1596871167"", ""title"": ""PutaK - 666 (ft. 021Kid)"", ""url"": ""https://soundcloud.com/pooriaputak/9-putak-666-ft-021kid"", ""duration"": 163.046, ""owner_match"": true, ""spotify_track_id"": null, ""formats_available"": true}, {""id"": ""1596871161"", ""title"": ""PutaK - Dynamic (ft. Mamazi)"", ""url"": ""https://soundcloud.com/pooriaputak/10-putak-dynamic-ft-mamazi"", ""duration"": 187.171, ""owner_match"": true, ""spotify_track_id"": null, ""formats_available"": true}, {""id"": ""1596871152"", ""title"": ""PutaK - Tanhaei Haghete (ft. PooBon)"", ""url"": ""https://soundcloud.com/pooriaputak/11-putak-tanhaei-haghete-ft"", ""duration"": 167.832, ""owner_match"": true, ""spotify_track_id"": null, ""formats_available"": true}, {""id"": ""1596871143"", ""title"": ""PutaK - Mistress (ft. 021 G)"", ""url"": ""https://soundcloud.com/pooriaputak/12-putak-mistress-ft-021-g"", ""duration"": 138.046, ""owner_match"": true, ""spotify_track_id"": null, ""formats_available"": true}, {""id"": ""1596871137"", ""title"": ""PutaK - Playboy (ft. Catchybeatzm, Leito, Khalse)"", ""url"": ""https://soundcloud.com/pooriaputak/14-putak-playboy-ft"", ""duration"": 224.046, ""owner_match"": true, ""spotify_track_id"": null, ""formats_available"": true}, {""id"": ""1596871131"", ""title"": ""PutaK - Glitch (Outro)"", ""url"": ""https://soundcloud.com/pooriaputak/15-putak-glitch-outro"", ""duration"": 131.296, ""owner_match"": true, ""spotify_track_id"": ""5ffLysB4lF5mMZenv7gWWK"", ""formats_available"": true}]",Partial track coverage,,
106,Daniyal,160,verified,suggested,Keder,1cp7ptHDRGL2uVsnx3tNTI,2020-03-08T00:00:00Z,DAY,EP,6,https://open.spotify.com/album/1cp7ptHDRGL2uVsnx3tNTI,"[""Daniyal""]","[{""id"": ""4jMAtezz9RD4bHkSP0oo2R"", ""title"": ""Pesaram"", ""position"": 1, ""duration_seconds"": 213.368, ""artist_credits"": [""Daniyal"", ""Taniya""]}, {""id"": ""1KV8rSB4hbbIHvEgo9dvzG"", ""title"": ""Sahme Gheshre Ma"", ""position"": 2, ""duration_seconds"": 238.471, ""artist_credits"": [""Daniyal""]}, {""id"": ""4NoTwE2frPc5dqjgEf6gSe"", ""title"": ""Fasle Zeshti"", ""position"": 3, ""duration_seconds"": 230.426, ""artist_credits"": [""Daniyal"", ""Reza Pishro""]}, {""id"": ""3jizjHlB2wwTyF61HxADUN"", ""title"": ""Mohem Ni Baram"", ""position"": 4, ""duration_seconds"": 287.451, ""artist_credits"": [""Daniyal"", ""Mahyar""]}, {""id"": ""0aPqXiUXpPWS9UThYtLxTz"", ""title"": ""Kooche Haye 3 Metri"", ""position"": 5, ""duration_seconds"": 305.502, ""artist_credits"": [""Daniyal"", ""Shayea"", ""Mahyar""]}, {""id"": ""5E4qOa4hcLQqUTDyxDoykX"", ""title"": ""Keder"", ""position"": 6, ""duration_seconds"": 252.577, ""artist_credits"": [""Daniyal""]}]",standard/unspecified,null,"{""id"": ""1cp7ptHDRGL2uVsnx3tNTI"", ""title"": ""Keder"", ""type"": ""EP"", ""release_date"": ""2020-03-08T00:00:00Z"", ""date_precision"": ""DAY""}",,[],No matching source found: no verified SoundCloud candidate established; bounded full-audio probe not performed,,
107,Sami Low,162,verified,suggested,Lowkey,4GsYSSLgIYkgXMSGkvcItA,2023-08-22T00:00:00Z,DAY,LP,25,https://open.spotify.com/album/4GsYSSLgIYkgXMSGkvcItA,"[""Sami Low""]","[{""id"": ""4j6C9xuWlsGX1XnU2BirNk"", ""title"": ""Ye Ruz Hame Miran"", ""position"": 1, ""duration_seconds"": 131.03, ""artist_credits"": [""Sami Low"", ""Raha""]}, {""id"": ""6SFQU63NVKEC3N3bJVtXyN"", ""title"": ""Hal Mikonam"", ""position"": 2, ""duration_seconds"": 222.191, ""artist_credits"": [""Sami Low"", ""Koorosh""]}, {""id"": ""1pkEq0j25FjduKsXJzm9OG"", ""title"": ""Pole Chubi"", ""position"": 3, ""duration_seconds"": 150.581, ""artist_credits"": [""Sami Low"", ""Raha""]}, {""id"": ""7mnjHF1FBqPPH37y7KGTNg"", ""title"": ""Sammi"", ""position"": 4, ""duration_seconds"": 160.751, ""artist_credits"": [""Sami Low""]}, {""id"": ""1M7BdiQVfD2kTZk8YCARot"", ""title"": ""V.I.P"", ""position"": 5, ""duration_seconds"": 195.094, ""artist_credits"": [""Sami Low"", ""Koorosh"", ""Arta""]}, {""id"": ""2U6cPWFED2AFEI2zbcI4A7"", ""title"": ""Messe Ham Nemishim"", ""position"": 6, ""duration_seconds"": 275.295, ""artist_credits"": [""Sami Low"", ""Raha"", ""Behzad Leito""]}, {""id"": ""1RlKw58pUZGIxyQEG2xAK7"", ""title"": ""Nadidim Hamo"", ""position"": 7, ""duration_seconds"": 197.485, ""artist_credits"": [""Sami Low""]}, {""id"": ""5hCrS69J55jQNYhUJZLpSe"", ""title"": ""Ruye Maw"", ""position"": 8, ""duration_seconds"": 209.606, ""artist_credits"": [""Sami Low"", ""Koorosh""]}, {""id"": ""1ZSm3NvZSKcTRZ6ERpMdY0"", ""title"": ""Del"", ""position"": 9, ""duration_seconds"": 180.141, ""artist_credits"": [""Sami Low"", ""Raha"", ""The Don""]}, {""id"": ""1VRpAXZtuuaRlU6J0nVi0t"", ""title"": ""Sakhtim Az 0"", ""position"": 10, ""duration_seconds"": 193.352, ""artist_credits"": [""Sami Low"", ""Pendar""]}, {""id"": ""78jQlSGV9U2O59iQxLPu7s"", ""title"": ""Palange Mani"", ""position"": 11, ""duration_seconds"": 121.51, ""artist_credits"": [""Sami Low"", ""Benji""]}, {""id"": ""2jNuTjpjbdghCjhIPvF5nu"", ""title"": ""Setareye Khamush"", ""position"": 12, ""duration_seconds"": 173.894, ""artist_credits"": [""Sami Low"", ""XWHISKY""]}, {""id"": ""0XdSjwFpS9uSJj7AkjEpAV"", ""title"": ""Lowkey"", ""position"": 13, ""duration_seconds"": 164.536, ""artist_credits"": [""Sami Low""]}, {""id"": ""0ob8TtCX6GLpKqei6lL7VE"", ""title"": ""Shayad Nashe Bargasht"", ""position"": 14, ""duration_seconds"": 269.315, ""artist_credits"": [""Sami Low"", ""Raha"", ""Arown"", ""Hoomaan""]}, {""id"": ""21FZg0yOX6f8c7imtMhx5D"", ""title"": ""Shode Ziadi"", ""position"": 15, ""duration_seconds"": 220.45, ""artist_credits"": [""Sami Low"", ""XWHISKY"", ""Alipasha""]}, {""id"": ""36gK1rRFis5L65VGeZjHmL"", ""title"": ""Matarsak"", ""position"": 16, ""duration_seconds"": 168.391, ""artist_credits"": [""Sami Low"", ""Raha""]}, {""id"": ""6DvVnScvqGjV69jamm9uE0"", ""title"": ""Galacticos"", ""position"": 17, ""duration_seconds"": 158.172, ""artist_credits"": [""Sami Low"", ""Vinak""]}, {""id"": ""1PZ5p4hybsYeM7uwgtbxNI"", ""title"": ""Ye Psycho - Acoustic Version"", ""position"": 18, ""duration_seconds"": 186.0, ""artist_credits"": [""Sami Low""]}, {""id"": ""3H2A7Mkvk6M9mjMwlDa318"", ""title"": ""SexOD"", ""position"": 19, ""duration_seconds"": 186.641, ""artist_credits"": [""Sami Low"", ""Isam""]}, {""id"": ""25arEGcDO9L1R2qtlnF9qX"", ""title"": ""Ukiyo"", ""position"": 20, ""duration_seconds"": 139.087, ""artist_credits"": [""Sami Low""]}, {""id"": ""6hbNUGzCmyr37e8QdVw7xS"", ""title"": ""Shahre Farang"", ""position"": 21, ""duration_seconds"": 233.778, ""artist_credits"": [""Sami Low"", ""Sijal"", ""Sepehr Khalse""]}, {""id"": ""18qw3hmdR2j6MfpRmWuJNY"", ""title"": ""Ye Psycho"", ""position"": 22, ""duration_seconds"": 126.066, ""artist_credits"": [""Sami Low""]}, {""id"": ""4whP8oxSLtlPVmbycm0UHR"", ""title"": ""Chishod?"", ""position"": 23, ""duration_seconds"": 231.106, ""artist_credits"": [""Sami Low"", ""Raha"", ""021kid"", ""XWHISKY""]}, {""id"": ""23FqenYmKkFdXpMqTNq7FL"", ""title"": ""Raam"", ""position"": 24, ""duration_seconds"": 150.349, ""artist_credits"": [""Sami Low""]}, {""id"": ""3p5xLJgJ5y1yzF1xWwZSnt"", ""title"": ""Ye Ruzi Tehran Barmigardim"", ""position"": 25, ""duration_seconds"": 149.652, ""artist_credits"": [""Sami Low"", ""XWHISKY""]}]",standard/unspecified,"{""id"": ""4GsYSSLgIYkgXMSGkvcItA"", ""title"": ""Lowkey"", ""type"": ""ALBUM"", ""release_date"": ""2023-08-22T00:00:00Z"", ""date_precision"": ""DAY""}",null,,[],No matching source found in bounded official-set probe,,
108,Safir,164,verified,suggested,Kandoo,2Xy0pXSPbnqJkEZHMYpdJH,2023-12-10T00:00:00Z,DAY,LP,18,https://open.spotify.com/album/2Xy0pXSPbnqJkEZHMYpdJH,"[""Safir"", ""Nima Aghiani""]","[{""id"": ""4Dxt5UzO8I79GpUsstvorZ"", ""title"": ""Zi"", ""position"": 1, ""duration_seconds"": 276.458, ""artist_credits"": [""Safir"", ""Nima Aghiani""]}, {""id"": ""6QhFzEL5n97y8yhKGbqH3A"", ""title"": ""Nish"", ""position"": 2, ""duration_seconds"": 204.5, ""artist_credits"": [""Safir"", ""Nima Aghiani""]}, {""id"": ""2uVgL2X0x8LUoYm0vj8YSu"", ""title"": ""Zardak o Zargar"", ""position"": 3, ""duration_seconds"": 158.294, ""artist_credits"": [""Safir"", ""Nima Aghiani""]}, {""id"": ""45RdBIE0add1ZImf8ik3Yt"", ""title"": ""Shabakeh"", ""position"": 4, ""duration_seconds"": 163.5, ""artist_credits"": [""Safir"", ""Nima Aghiani""]}, {""id"": ""4YgZezrkPkDqsbTAwjXN5H"", ""title"": ""Zard"", ""position"": 5, ""duration_seconds"": 177.0, ""artist_credits"": [""Safir"", ""Nima Aghiani""]}, {""id"": ""0RiDZQQJ3lFrPXdRnNICR9"", ""title"": ""Shay-da"", ""position"": 6, ""duration_seconds"": 260.5, ""artist_credits"": [""Safir"", ""Nima Aghiani""]}, {""id"": ""6fah1vYCOePGUBI0QLmIr4"", ""title"": ""Zaloo"", ""position"": 7, ""duration_seconds"": 247.0, ""artist_credits"": [""Safir"", ""Nima Aghiani""]}, {""id"": ""6lQRRRB1pmobndAtB8Wtbl"", ""title"": ""Raam"", ""position"": 8, ""duration_seconds"": 212.0, ""artist_credits"": [""Safir"", ""Nima Aghiani""]}, {""id"": ""57CPV9VIo8awIHunW1cBJ6"", ""title"": ""Zahr"", ""position"": 9, ""duration_seconds"": 194.0, ""artist_credits"": [""Safir"", ""Nima Aghiani""]}, {""id"": ""0q8fxWVOz43L8WnbMw2YEY"", ""title"": ""Jomhoor"", ""position"": 10, ""duration_seconds"": 227.875, ""artist_credits"": [""Safir"", ""Nima Aghiani""]}, {""id"": ""2bGsWOpmxe4rlb3jPQIbQu"", ""title"": ""Omoomi"", ""position"": 11, ""duration_seconds"": 198.375, ""artist_credits"": [""Safir"", ""Nima Aghiani""]}, {""id"": ""6GC9sGeFAgcPVGq54eKXr9"", ""title"": ""Nasht"", ""position"": 12, ""duration_seconds"": 188.0, ""artist_credits"": [""Safir"", ""Nima Aghiani""]}, {""id"": ""5n9VRkID7ZlSVCSHXUF908"", ""title"": ""Chelle"", ""position"": 13, ""duration_seconds"": 190.5, ""artist_credits"": [""Safir"", ""Nima Aghiani""]}, {""id"": ""09LaJKfS0e6UM9T7uJNF3j"", ""title"": ""Aghabgard"", ""position"": 14, ""duration_seconds"": 186.328, ""artist_credits"": [""Safir"", ""Nima Aghiani""]}, {""id"": ""4nSpern9EGi1CaHaJPKRmp"", ""title"": ""Shahd"", ""position"": 15, ""duration_seconds"": 187.5, ""artist_credits"": [""Safir"", ""Nima Aghiani""]}, {""id"": ""178cqtESkAInIg5px0WSXc"", ""title"": ""Adam"", ""position"": 16, ""duration_seconds"": 204.156, ""artist_credits"": [""Safir"", ""Nima Aghiani""]}, {""id"": ""6H3kwrCXmxycXznVwX9hjy"", ""title"": ""Motammem"", ""position"": 17, ""duration_seconds"": 221.75, ""artist_credits"": [""Safir"", ""Nima Aghiani""]}, {""id"": ""4tAj44BkwqGovSTV4suFoX"", ""title"": ""Za"", ""position"": 18, ""duration_seconds"": 190.25, ""artist_credits"": [""Safir"", ""Nima Aghiani""]}]",standard/unspecified,"{""id"": ""2Xy0pXSPbnqJkEZHMYpdJH"", ""title"": ""Kandoo"", ""type"": ""ALBUM"", ""release_date"": ""2023-12-10T00:00:00Z"", ""date_precision"": ""DAY""}",null,,[],No matching source found: no verified SoundCloud candidate established; bounded full-audio probe not performed,,
109,Eycin,165,verified,suggested,BATMAN,6vHE6SgLMBAUzupuglg3GL,2025-01-29T00:00:00Z,DAY,LP,12,https://open.spotify.com/album/6vHE6SgLMBAUzupuglg3GL,"[""Eycin""]","[{""id"": ""5QRChSbNFUp5jHRrrS3XJb"", ""title"": ""Soltan"", ""position"": 1, ""duration_seconds"": 154.842, ""artist_credits"": [""Eycin""]}, {""id"": ""5uWRyyeNMYNucGMCX74zPl"", ""title"": ""CC"", ""position"": 2, ""duration_seconds"": 176.4, ""artist_credits"": [""Eycin""]}, {""id"": ""2VL7WoVMPdq2qfJ3kmLzgR"", ""title"": ""CityFace"", ""position"": 3, ""duration_seconds"": 206.117, ""artist_credits"": [""Eycin"", ""CIA""]}, {""id"": ""4frzmc6dyCPuy9kp2fCb3m"", ""title"": ""Ring"", ""position"": 4, ""duration_seconds"": 166.486, ""artist_credits"": [""Eycin"", ""Radowww""]}, {""id"": ""6lWRJVfIceFmMGCTAsol8D"", ""title"": ""Taghsire Mane"", ""position"": 5, ""duration_seconds"": 146.938, ""artist_credits"": [""Eycin""]}, {""id"": ""1sBp0mdlAPZ7c9fpB5kJJp"", ""title"": ""Lovam Ni"", ""position"": 6, ""duration_seconds"": 227.643, ""artist_credits"": [""Eycin"", ""Mv30h""]}, {""id"": ""3zkVYnXso0AyLigDLKZ2Zk"", ""title"": ""Ghabrestoone Gharb"", ""position"": 7, ""duration_seconds"": 148.292, ""artist_credits"": [""Eycin"", ""Saman Wartan""]}, {""id"": ""3Chw7q7pRHKJGxRhrJ0Yc3"", ""title"": ""Batman"", ""position"": 8, ""duration_seconds"": 153.64, ""artist_credits"": [""Eycin""]}, {""id"": ""1Mqxbsx6tb7pukqMuLc5d5"", ""title"": ""Lucifer"", ""position"": 9, ""duration_seconds"": 155.2, ""artist_credits"": [""Eycin""]}, {""id"": ""2LxuMTubizUKqOfXuAF80a"", ""title"": ""Tavalodame"", ""position"": 10, ""duration_seconds"": 134.0, ""artist_credits"": [""Eycin"", ""Rasam""]}, {""id"": ""14dwQYhnTbi4XK4G2Y51g7"", ""title"": ""Hazinash"", ""position"": 11, ""duration_seconds"": 164.611, ""artist_credits"": [""Eycin"", ""30na Ghiam"", ""Beatkori""]}, {""id"": ""5ZvzJRw47FtfoDeB7e24v5"", ""title"": ""HaZrati"", ""position"": 12, ""duration_seconds"": 220.408, ""artist_credits"": [""Eycin"", ""Mediema""]}]",standard/unspecified,"{""id"": ""6vHE6SgLMBAUzupuglg3GL"", ""title"": ""BATMAN"", ""type"": ""ALBUM"", ""release_date"": ""2025-01-29T00:00:00Z"", ""date_precision"": ""DAY""}","{""id"": ""0nnGNGIeAVtOE27ICh00iF"", ""title"": ""Snow"", ""type"": ""EP"", ""release_date"": ""2023-02-21T00:00:00Z"", ""date_precision"": ""DAY""}",,[],No matching source found: no verified SoundCloud candidate established; bounded full-audio probe not performed,,
110,Dalu,167,verified,no qualifying LP/EP in complete catalog,,,,,,,,[],[],,null,null,,[],No release selected; acquisition not assessed,,
111,Amir Ribar,168,verified,no qualifying LP/EP in complete catalog,,,,,,,,[],[],,null,null,,[],No release selected; acquisition not assessed,,
112,Shapur,170,verified,no qualifying LP/EP in complete catalog,,,,,,,,[],[],,null,null,,[],No release selected; acquisition not assessed,,
113,Masin,171,verified,suggested,Dmt,5SWrdCmii8VxsYwd96waDc,2025-07-14T00:00:00Z,DAY,EP,3,https://open.spotify.com/album/5SWrdCmii8VxsYwd96waDc,"[""fedi"", ""Masin"", ""RadPro""]","[{""id"": ""61wu3ik7C56r6OWp6QcAqc"", ""title"": ""Dmt"", ""position"": 1, ""duration_seconds"": 265.206, ""artist_credits"": [""fedi"", ""Masin"", ""RadPro""]}, {""id"": ""0I22xsuOlKwTnmtrOFIAt2"", ""title"": ""Khooneye Akhar"", ""position"": 2, ""duration_seconds"": 292.317, ""artist_credits"": [""fedi"", ""Masin"", ""RadPro""]}, {""id"": ""4MVW910BCrvWV1jXJV1Rqd"", ""title"": ""Shayad"", ""position"": 3, ""duration_seconds"": 246.521, ""artist_credits"": [""fedi"", ""Masin"", ""RadPro""]}]",standard/unspecified,null,"{""id"": ""5SWrdCmii8VxsYwd96waDc"", ""title"": ""Dmt"", ""type"": ""EP"", ""release_date"": ""2025-07-14T00:00:00Z"", ""date_precision"": ""DAY""}",,[],No matching source found in bounded official-set probe,,
114,Young Sudden,173,verified,suggested,Welcome to Gambron,37BISa2SRxjs7FJX5lxWt3,2025-01-22T00:00:00Z,DAY,LP,33,https://open.spotify.com/album/37BISa2SRxjs7FJX5lxWt3,"[""Young Sudden""]","[{""id"": ""1yU7uJESIjvFhf7YYpM7x6"", ""title"": ""W2G (Intro)"", ""position"": 1, ""duration_seconds"": 128.259, ""artist_credits"": [""Young Sudden""]}, {""id"": ""6ALsDiyk5f4PFQ6FbNkC7g"", ""title"": ""Gambron To Bompton"", ""position"": 2, ""duration_seconds"": 155.485, ""artist_credits"": [""Young Sudden"", ""Hitta J3""]}, {""id"": ""14RnIP80aQmVxYm9iJtIWo"", ""title"": ""Habibi"", ""position"": 3, ""duration_seconds"": 156.328, ""artist_credits"": [""Young Sudden""]}, {""id"": ""0UrYBDzXbPPLkXCVePieKG"", ""title"": ""More"", ""position"": 4, ""duration_seconds"": 222.105, ""artist_credits"": [""Young Sudden"", ""Big Z""]}, {""id"": ""5YH1KGGaYvLEQTVku1rWfN"", ""title"": ""Heysh"", ""position"": 5, ""duration_seconds"": 207.826, ""artist_credits"": [""Young Sudden"", ""Sepehr Khalse"", ""Reza Odin""]}, {""id"": ""3wPaaG5ujUfkfh8e3Weptj"", ""title"": ""Ki Miad"", ""position"": 6, ""duration_seconds"": 183.72, ""artist_credits"": [""Young Sudden"", ""Kh4var""]}, {""id"": ""1oZ5Dp4bnYbZILqrrIQBst"", ""title"": ""TBGN"", ""position"": 7, ""duration_seconds"": 120.557, ""artist_credits"": [""Young Sudden""]}, {""id"": ""02ABpZHqLAVtO3w1Kn3X4T"", ""title"": ""Drive-by"", ""position"": 8, ""duration_seconds"": 169.387, ""artist_credits"": [""Young Sudden""]}, {""id"": ""6AOfoMIM9ffoQhcUjSJvtp"", ""title"": ""Gambron"", ""position"": 9, ""duration_seconds"": 191.923, ""artist_credits"": [""Young Sudden"", ""Chvrsi""]}, {""id"": ""3gPf4xmLpeYpPQbEhDGOtg"", ""title"": ""B&M"", ""position"": 10, ""duration_seconds"": 220.086, ""artist_credits"": [""Young Sudden"", ""Hiphopologist""]}, {""id"": ""3kGmu9DRWB653f57KEIkg7"", ""title"": ""Starboy"", ""position"": 11, ""duration_seconds"": 160.044, ""artist_credits"": [""Young Sudden""]}, {""id"": ""69nJfFZTPDnFyuKh0XR6dP"", ""title"": ""Something About You"", ""position"": 12, ""duration_seconds"": 152.778, ""artist_credits"": [""Young Sudden"", ""D3szn""]}, {""id"": ""7wcUpMc9PJjdN5QENH9xsx"", ""title"": ""Baam Bad"", ""position"": 13, ""duration_seconds"": 156.507, ""artist_credits"": [""Young Sudden"", ""Sepehr Khalse""]}, {""id"": ""6hRQDPjzNOvuMwRYJxmtFK"", ""title"": ""667"", ""position"": 14, ""duration_seconds"": 203.743, ""artist_credits"": [""Young Sudden""]}, {""id"": ""1XGfiQ2b2t9jzUhtSbUDtW"", ""title"": ""Ni Moodam"", ""position"": 15, ""duration_seconds"": 210.471, ""artist_credits"": [""Young Sudden"", ""Sinazza""]}, {""id"": ""4qvVaoPgrNDfTmQbABXZIu"", ""title"": ""Kafe T"", ""position"": 16, ""duration_seconds"": 154.0, ""artist_credits"": [""Young Sudden""]}, {""id"": ""14FKMhmKII6JOMzjtKly0o"", ""title"": ""Tequila"", ""position"": 17, ""duration_seconds"": 192.1, ""artist_credits"": [""Young Sudden"", ""Hoomaan""]}, {""id"": ""4faHBWYDMCLdZHNvk4o7B6"", ""title"": ""S.E.X"", ""position"": 18, ""duration_seconds"": 216.784, ""artist_credits"": [""Young Sudden"", ""Arown""]}, {""id"": ""1bqXp28ddMkXlGPKpfvFuc"", ""title"": ""808"", ""position"": 19, ""duration_seconds"": 173.224, ""artist_credits"": [""Young Sudden""]}, {""id"": ""1pyMxHJwZuixxnZHUvZFqF"", ""title"": ""Sarechi"", ""position"": 20, ""duration_seconds"": 219.326, ""artist_credits"": [""Young Sudden""]}, {""id"": ""2BYdMuls7tbefHp3OZREKB"", ""title"": ""Bebin Mano"", ""position"": 21, ""duration_seconds"": 156.879, ""artist_credits"": [""Young Sudden""]}, {""id"": ""07kdKv98wZPjCMhVzq0Bg1"", ""title"": ""KD"", ""position"": 22, ""duration_seconds"": 170.057, ""artist_credits"": [""Young Sudden"", ""Sepehr Khalse""]}, {""id"": ""3BLPPuk4hCy3I5PZDnGMuC"", ""title"": ""23"", ""position"": 23, ""duration_seconds"": 148.8, ""artist_credits"": [""Young Sudden""]}, {""id"": ""6VfevDrCmDgPWoRl1niTkZ"", ""title"": ""Shahrak (skit)"", ""position"": 24, ""duration_seconds"": 89.687, ""artist_credits"": [""Young Sudden""]}, {""id"": ""6Fy8IIF99uUTkOGmda9323"", ""title"": ""Live Like a Boss"", ""position"": 25, ""duration_seconds"": 142.962, ""artist_credits"": [""Young Sudden""]}, {""id"": ""4ki7tzIhO1yArTN900aj9f"", ""title"": ""Club"", ""position"": 26, ""duration_seconds"": 162.58, ""artist_credits"": [""Young Sudden"", ""Nigzed""]}, {""id"": ""0zn2i4wltWH1oVMJGdiYSZ"", ""title"": ""Purge"", ""position"": 27, ""duration_seconds"": 184.31, ""artist_credits"": [""Young Sudden"", ""Lai""]}, {""id"": ""1A6gcfXKaxHZ5hkPuUamy3"", ""title"": ""Moshkeli Ni"", ""position"": 28, ""duration_seconds"": 219.822, ""artist_credits"": [""Young Sudden"", ""AG"", ""Big Khaal""]}, {""id"": ""3DHvlDE2AKylRMzqUqtEKU"", ""title"": ""Family First"", ""position"": 29, ""duration_seconds"": 211.977, ""artist_credits"": [""Young Sudden"", ""Reza Odin""]}, {""id"": ""7mqgIv8yeUikHk4QsfeP85"", ""title"": ""No Mercy"", ""position"": 30, ""duration_seconds"": 166.73, ""artist_credits"": [""Young Sudden"", ""WestT""]}, {""id"": ""3whxnpFbE45erG0P7J1xW4"", ""title"": ""TV"", ""position"": 31, ""duration_seconds"": 148.587, ""artist_credits"": [""Young Sudden""]}, {""id"": ""5LY1VsQEAxg0z3O78QOOmN"", ""title"": ""Arezoom Ine"", ""position"": 32, ""duration_seconds"": 236.065, ""artist_credits"": [""Young Sudden""]}, {""id"": ""0GmksFYJGtoM6wQ5hNYgTh"", ""title"": ""Outro"", ""position"": 33, ""duration_seconds"": 204.215, ""artist_credits"": [""Young Sudden"", ""WestT""]}]",standard/unspecified,"{""id"": ""37BISa2SRxjs7FJX5lxWt3"", ""title"": ""Welcome to Gambron"", ""type"": ""ALBUM"", ""release_date"": ""2025-01-22T00:00:00Z"", ""date_precision"": ""DAY""}",null,,[],No matching source found: no verified SoundCloud candidate established; bounded full-audio probe not performed,,
115,Naaji,174,verified,suggested,STARBOY,7AkUbPht8NClY4sA78YAt8,2026-09-28T00:00:00Z,DAY,LP,8,https://open.spotify.com/album/7AkUbPht8NClY4sA78YAt8,"[""Naaji""]","[{""id"": ""4km0ZBjhyc6xnkHJ73xNEo"", ""title"": ""Amoonamo Bord"", ""position"": 1, ""duration_seconds"": 181.481, ""artist_credits"": [""Naaji""]}, {""id"": ""6BudSbyHcNw2GPFCJxV5xd"", ""title"": ""Plan B"", ""position"": 2, ""duration_seconds"": 133.636, ""artist_credits"": [""Naaji""]}, {""id"": ""7bW6xbCDYroKac1ekgmb8r"", ""title"": ""Didam"", ""position"": 3, ""duration_seconds"": 187.832, ""artist_credits"": [""Naaji""]}, {""id"": ""2JwlL6plQhdI9MxFtlGaiv"", ""title"": ""7AM"", ""position"": 4, ""duration_seconds"": 191.192, ""artist_credits"": [""Naaji""]}, {""id"": ""01FlJKkLb3zvF0AVx1jGYf"", ""title"": ""Heyfe"", ""position"": 5, ""duration_seconds"": 165.633, ""artist_credits"": [""Naaji""]}, {""id"": ""07aoUMj04ey7h0tCivOp7i"", ""title"": ""MF"", ""position"": 6, ""duration_seconds"": 207.157, ""artist_credits"": [""Naaji""]}, {""id"": ""1syowfsM6hRfzopDxy8pqG"", ""title"": ""Door Bemoon"", ""position"": 7, ""duration_seconds"": 219.2, ""artist_credits"": [""Naaji""]}, {""id"": ""3E08VnjqmXCDSUzF30vWVx"", ""title"": ""Dream"", ""position"": 8, ""duration_seconds"": 136.14, ""artist_credits"": [""Naaji""]}]",standard/unspecified,"{""id"": ""7AkUbPht8NClY4sA78YAt8"", ""title"": ""STARBOY"", ""type"": ""ALBUM"", ""release_date"": ""2026-09-28T00:00:00Z"", ""date_precision"": ""DAY""}","{""id"": ""6PXFzaXU9Zti0YWlLUiza6"", ""title"": ""Nowhere"", ""type"": ""EP"", ""release_date"": ""2026-07-09T00:00:00Z"", ""date_precision"": ""DAY""}",https://soundcloud.com/naajiofficial/sets/starboy,"[{""id"": ""2408674167"", ""title"": ""Amoonamo Bord"", ""url"": ""https://soundcloud.com/naajiofficial/01-amoonamo-bord-1"", ""duration"": 181.527, ""owner_match"": true, ""spotify_track_id"": ""4km0ZBjhyc6xnkHJ73xNEo"", ""formats_available"": true}, {""id"": ""2408674149"", ""title"": ""Plan B"", ""url"": ""https://soundcloud.com/naajiofficial/02-plan-b-2"", ""duration"": 133.682, ""owner_match"": true, ""spotify_track_id"": ""6BudSbyHcNw2GPFCJxV5xd"", ""formats_available"": true}, {""id"": ""2408674158"", ""title"": ""Didam"", ""url"": ""https://soundcloud.com/naajiofficial/03-didam-3"", ""duration"": 187.879, ""owner_match"": true, ""spotify_track_id"": ""7bW6xbCDYroKac1ekgmb8r"", ""formats_available"": true}, {""id"": ""2408674152"", ""title"": ""7AM"", ""url"": ""https://soundcloud.com/naajiofficial/04-7am-4"", ""duration"": 191.239, ""owner_match"": true, ""spotify_track_id"": ""2JwlL6plQhdI9MxFtlGaiv"", ""formats_available"": true}, {""id"": ""2408674164"", ""title"": ""Heyfe"", ""url"": ""https://soundcloud.com/naajiofficial/05-heyfe-5"", ""duration"": 165.68, ""owner_match"": true, ""spotify_track_id"": ""01FlJKkLb3zvF0AVx1jGYf"", ""formats_available"": true}, {""id"": ""2408674155"", ""title"": ""MF"", ""url"": ""https://soundcloud.com/naajiofficial/06-mf-6"", ""duration"": 207.204, ""owner_match"": true, ""spotify_track_id"": ""07aoUMj04ey7h0tCivOp7i"", ""formats_available"": true}, {""id"": ""2408674146"", ""title"": ""Door Bemoon"", ""url"": ""https://soundcloud.com/naajiofficial/07-door-bemoon-7"", ""duration"": 219.246, ""owner_match"": true, ""spotify_track_id"": ""1syowfsM6hRfzopDxy8pqG"", ""formats_available"": true}, {""id"": ""2408719551"", ""title"": ""Dream"", ""url"": ""https://soundcloud.com/naajiofficial/dream"", ""duration"": 136.186, ""owner_match"": true, ""spotify_track_id"": ""3E08VnjqmXCDSUzF30vWVx"", ""formats_available"": true}]",Provider probe indicates potentially supported full recording; acquisition and complete audio validation untested,,
116,Ali Geramy,176,verified,suggested,G,74pfaLWuj1ZIwTMTrVrotu,2025-09-26T00:00:00Z,DAY,LP,16,https://open.spotify.com/album/74pfaLWuj1ZIwTMTrVrotu,"[""Ali Geramy""]","[{""id"": ""45s2kQNIgnnqkY9nqVWnjL"", ""title"": ""G"", ""position"": 1, ""duration_seconds"": 212.951, ""artist_credits"": [""Ali Geramy""]}, {""id"": ""0amdNT1sXNEvNcsguoTHIJ"", ""title"": ""Fall In Drugs"", ""position"": 2, ""duration_seconds"": 205.298, ""artist_credits"": [""Ali Geramy""]}, {""id"": ""2hvwXm64uVFAG527K5HQ4L"", ""title"": ""Arizona"", ""position"": 3, ""duration_seconds"": 161.881, ""artist_credits"": [""Ali Geramy""]}, {""id"": ""78j3LDRu1p93t6y5mrSKFN"", ""title"": ""Heart Beat"", ""position"": 4, ""duration_seconds"": 126.692, ""artist_credits"": [""Ali Geramy""]}, {""id"": ""0fIakV9yDoVg33zLLJhwgE"", ""title"": ""NESCAFE+WEED"", ""position"": 5, ""duration_seconds"": 141.536, ""artist_credits"": [""Ali Geramy""]}, {""id"": ""3ShIY5SK5DewSawEajcW7V"", ""title"": ""Change"", ""position"": 6, ""duration_seconds"": 122.901, ""artist_credits"": [""Ali Geramy""]}, {""id"": ""46oepZFTYdLugR8oGpnJ1f"", ""title"": ""Dunk Flow 2"", ""position"": 7, ""duration_seconds"": 171.116, ""artist_credits"": [""Ali Geramy""]}, {""id"": ""4gVQXnDWkoxhAwiaRsgBeT"", ""title"": ""Gucci"", ""position"": 8, ""duration_seconds"": 147.933, ""artist_credits"": [""Ali Geramy""]}, {""id"": ""680I85OCWxOkMbbPrwxxej"", ""title"": ""No Case"", ""position"": 9, ""duration_seconds"": 165.298, ""artist_credits"": [""Ali Geramy""]}, {""id"": ""3aLxxje4pUaKpfKpd42zKh"", ""title"": ""Dawg"", ""position"": 10, ""duration_seconds"": 192.562, ""artist_credits"": [""Ali Geramy"", ""Sajad Shahi""]}, {""id"": ""0k0kFGfqSMlQIhhEVDPMCq"", ""title"": ""Feelings"", ""position"": 11, ""duration_seconds"": 140.293, ""artist_credits"": [""Ali Geramy""]}, {""id"": ""38VCu3gpu9EPpMiBcTtYiN"", ""title"": ""Overthink"", ""position"": 12, ""duration_seconds"": 231.15, ""artist_credits"": [""Ali Geramy""]}, {""id"": ""24Q21OMuBg9y9tQ5DPCrc8"", ""title"": ""KHELT"", ""position"": 13, ""duration_seconds"": 301.828, ""artist_credits"": [""Ali Geramy"", ""HesamTiem"", ""Tiem"", ""Sajad Shahi""]}, {""id"": ""3cWMg0wPFgXFjrv8XVZHHL"", ""title"": ""NiggaClone"", ""position"": 14, ""duration_seconds"": 134.741, ""artist_credits"": [""Ali Geramy""]}, {""id"": ""5N0QLmr5RcR5Cz5eylwYxP"", ""title"": ""Rapfarsi"", ""position"": 15, ""duration_seconds"": 222.53, ""artist_credits"": [""Ali Geramy"", ""Matin Fattahi""]}, {""id"": ""1kLqPDMLl6PXMGSgJp0W8h"", ""title"": ""Legend"", ""position"": 16, ""duration_seconds"": 198.002, ""artist_credits"": [""Ali Geramy""]}]",standard/unspecified,"{""id"": ""74pfaLWuj1ZIwTMTrVrotu"", ""title"": ""G"", ""type"": ""ALBUM"", ""release_date"": ""2025-09-26T00:00:00Z"", ""date_precision"": ""DAY""}","{""id"": ""21QeFYPOjVZwB2BgFyPCC9"", ""title"": ""Solitude"", ""type"": ""EP"", ""release_date"": ""2025-01-08T00:00:00Z"", ""date_precision"": ""DAY""}",,[],No matching source found: no verified SoundCloud candidate established; bounded full-audio probe not performed,,
117,XWHISKY,177,verified,suggested,"Virus, vol. 2",7InVsgJrA6VVLJFngsWC5h,2024-03-21T00:00:00Z,DAY,LP,15,https://open.spotify.com/album/7InVsgJrA6VVLJFngsWC5h,"[""XWHISKY"", ""Aroosak"", ""NXOAH""]","[{""id"": ""6qWTHyNj4pdqU2g4Xb3daN"", ""title"": ""AM I STUPID?"", ""position"": 1, ""duration_seconds"": 124.694, ""artist_credits"": [""XWHISKY""]}, {""id"": ""6ufS1UaZxugaz2coTAQ2Rk"", ""title"": ""Aroosake Shikaste"", ""position"": 2, ""duration_seconds"": 128.0, ""artist_credits"": [""XWHISKY"", ""Aroosak""]}, {""id"": ""1hKF8TX1G3BXQgZDUh2XNl"", ""title"": ""Unreal"", ""position"": 3, ""duration_seconds"": 182.87, ""artist_credits"": [""XWHISKY"", ""Aroosak""]}, {""id"": ""306zhDnocNzhb80jnuSh1h"", ""title"": ""Moonlight Diamonds"", ""position"": 4, ""duration_seconds"": 165.837, ""artist_credits"": [""XWHISKY""]}, {""id"": ""1KMQi9Q4FaB8o8d8exWKcu"", ""title"": ""PRIVATE"", ""position"": 5, ""duration_seconds"": 168.031, ""artist_credits"": [""XWHISKY"", ""NXOAH""]}, {""id"": ""3wFhE2Fas8nW4X54DuZ07j"", ""title"": ""OVERDOSE"", ""position"": 6, ""duration_seconds"": 162.885, ""artist_credits"": [""XWHISKY"", ""Aroosak""]}, {""id"": ""04yBEhagdUUq5BcUX2om9f"", ""title"": ""Modern OD"", ""position"": 7, ""duration_seconds"": 140.101, ""artist_credits"": [""XWHISKY""]}, {""id"": ""1Ap8bBzaNXawNUNxvighuM"", ""title"": ""ICON Living"", ""position"": 8, ""duration_seconds"": 173.438, ""artist_credits"": [""XWHISKY""]}, {""id"": ""1vHUxHHbhE8UyqNRX62YW0"", ""title"": ""Nagu Behtare"", ""position"": 9, ""duration_seconds"": 216.47, ""artist_credits"": [""XWHISKY""]}, {""id"": ""3KfXc03zWZFdZEpqP15uKO"", ""title"": ""MISS MY WRLD"", ""position"": 10, ""duration_seconds"": 153.6, ""artist_credits"": [""XWHISKY"", ""Aroosak""]}, {""id"": ""05xqsfPxoJDak7jgu2oxFE"", ""title"": ""DOKHTARE BAZIGAR"", ""position"": 11, ""duration_seconds"": 162.728, ""artist_credits"": [""XWHISKY""]}, {""id"": ""34W0NVge6kokHjKpLeOsvc"", ""title"": ""Sabeghe Nadare"", ""position"": 12, ""duration_seconds"": 168.482, ""artist_credits"": [""XWHISKY""]}, {""id"": ""51vWoyo2LrTfysrnkwfCkL"", ""title"": ""Yadam Naraft"", ""position"": 13, ""duration_seconds"": 174.562, ""artist_credits"": [""XWHISKY""]}, {""id"": ""5Q6cEideSs4YRPl5wTzU7W"", ""title"": ""Zemestoone Ghabli"", ""position"": 14, ""duration_seconds"": 142.352, ""artist_credits"": [""XWHISKY""]}, {""id"": ""0wWoRyIELY6Baw4FveEMrW"", ""title"": ""ANXIETY"", ""position"": 15, ""duration_seconds"": 160.0, ""artist_credits"": [""XWHISKY"", ""Aroosak""]}]",standard/unspecified,"{""id"": ""7InVsgJrA6VVLJFngsWC5h"", ""title"": ""Virus, vol. 2"", ""type"": ""ALBUM"", ""release_date"": ""2024-03-21T00:00:00Z"", ""date_precision"": ""DAY""}",null,,[],No matching source found: no verified SoundCloud candidate established; bounded full-audio probe not performed,,
118,Ashna,178,verified,no qualifying LP/EP in complete catalog,,,,,,,,[],[],,null,null,,[],No release selected; acquisition not assessed,,
119,Arman Miladi,180,verified,suggested,Paranoia,2Vj0WnvHmn3L0nza1Efk2d,2024-03-08T00:00:00Z,DAY,LP,17,https://open.spotify.com/album/2Vj0WnvHmn3L0nza1Efk2d,"[""Arman Miladi""]","[{""id"": ""5FaDR2VkVrZDH56mN4KQgT"", ""title"": ""Paranoia"", ""position"": 1, ""duration_seconds"": 219.629, ""artist_credits"": [""Arman Miladi"", ""Hoomaan"", ""Koorosh"", ""Arown""]}, {""id"": ""3Q2iwNnPG6GxdF98SJRWK9"", ""title"": ""Bijanbe"", ""position"": 2, ""duration_seconds"": 177.045, ""artist_credits"": [""Arman Miladi"", ""Hoomaan"", ""Arown""]}, {""id"": ""2eGwpOrqoFhi8jL1GBaSyH"", ""title"": ""Mahe Man"", ""position"": 3, ""duration_seconds"": 160.273, ""artist_credits"": [""Arman Miladi"", ""Hoomaan"", ""Isam"", ""Arown""]}, {""id"": ""5an914ReqXWpXqCRz8GYuI"", ""title"": ""Buddha"", ""position"": 4, ""duration_seconds"": 142.784, ""artist_credits"": [""Arman Miladi"", ""Koorosh"", ""Arown""]}, {""id"": ""1rVKUv7PpYwPBHqKXOgqdG"", ""title"": ""Delam Az Donya Gerefte"", ""position"": 5, ""duration_seconds"": 176.239, ""artist_credits"": [""Arman Miladi"", ""Sepehr Khalse"", ""Hoomaan""]}, {""id"": ""0gtz1PGAe3JwwqHWELxdo9"", ""title"": ""Chief Keef"", ""position"": 6, ""duration_seconds"": 134.909, ""artist_credits"": [""Arman Miladi"", ""Vinak""]}, {""id"": ""3QDCA3HwSd2BEmakds4UTq"", ""title"": ""24/7"", ""position"": 7, ""duration_seconds"": 168.25, ""artist_credits"": [""Arman Miladi"", ""Arta"", ""Arown""]}, {""id"": ""5BHCg2r1rfJlzbddxhFb3Y"", ""title"": ""Jenaaze"", ""position"": 8, ""duration_seconds"": 171.199, ""artist_credits"": [""Arman Miladi"", ""Hoomaan"", ""Arown"", ""Young Sudden""]}, {""id"": ""0zHZ0BmbeiUi6032Tw8uTD"", ""title"": ""Freakam"", ""position"": 9, ""duration_seconds"": 153.952, ""artist_credits"": [""Arman Miladi"", ""Hoomaan"", ""Koorosh"", ""Arown""]}, {""id"": ""0IxL4OmzGQ3Lo51qWhhuaO"", ""title"": ""Ankaboot"", ""position"": 10, ""duration_seconds"": 149.646, ""artist_credits"": [""Arman Miladi"", ""Hoomaan"", ""Erfan""]}, {""id"": ""2pSBjRDtlOIwvHUjM8qVIL"", ""title"": ""Friend Zone"", ""position"": 11, ""duration_seconds"": 215.545, ""artist_credits"": [""Arman Miladi"", ""Hoomaan"", ""Arown"", ""Sami Low"", ""Raha""]}, {""id"": ""5LYbbL7A6mRjPEv3Id9G7K"", ""title"": ""Akharin Shab"", ""position"": 12, ""duration_seconds"": 110.389, ""artist_credits"": [""Arman Miladi"", ""Hoomaan"", ""Ashkan Kagan""]}, {""id"": ""4I7wFUjqQsrADNnVx02l28"", ""title"": ""Hichvaght"", ""position"": 13, ""duration_seconds"": 150.422, ""artist_credits"": [""Arman Miladi"", ""Hoomaan"", ""Mamazi"", ""Arown""]}, {""id"": ""1oQJIr94QBuZxuqZlnaVX5"", ""title"": ""Taghsire Shahre"", ""position"": 14, ""duration_seconds"": 154.058, ""artist_credits"": [""Arman Miladi"", ""Hoomaan"", ""Arown""]}, {""id"": ""1T5pzZuRDIO2zLzLZ4Egvk"", ""title"": ""Kaboos"", ""position"": 15, ""duration_seconds"": 214.486, ""artist_credits"": [""Arman Miladi"", ""Saretan"", ""Arown"", ""Parsa""]}, {""id"": ""7Kg0eTJfvpT6YsKz7kXCDV"", ""title"": ""Gom o Goor"", ""position"": 16, ""duration_seconds"": 174.545, ""artist_credits"": [""Arman Miladi"", ""Abri"", ""Arown"", ""Raawdi""]}, {""id"": ""0QEAcOKVnR0ONngQGhQgl7"", ""title"": ""Mohem Ni Vasam"", ""position"": 17, ""duration_seconds"": 176.967, ""artist_credits"": [""Arman Miladi"", ""Hoomaan"", ""Arown""]}]",standard/unspecified,"{""id"": ""2Vj0WnvHmn3L0nza1Efk2d"", ""title"": ""Paranoia"", ""type"": ""ALBUM"", ""release_date"": ""2024-03-08T00:00:00Z"", ""date_precision"": ""DAY""}","{""id"": ""0o9v8IJGKVs8weHgbcqrbc"", ""title"": ""El Quatro"", ""type"": ""EP"", ""release_date"": ""2022-02-25T00:00:00Z"", ""date_precision"": ""DAY""}",,[],No matching source found: no verified SoundCloud candidate established; bounded full-audio probe not performed,,
120,Saaren,181,verified,no qualifying LP/EP in complete catalog,,,,,,,,[],[],,null,null,,[],No release selected; acquisition not assessed,,
121,Heliyom,182,verified,suggested,Jangale Arezooha,22PgFvBhpQ5gr17pJgrikU,2025-07-11T00:00:00Z,DAY,LP,9,https://open.spotify.com/album/22PgFvBhpQ5gr17pJgrikU,"[""Heliyom""]","[{""id"": ""37msPQsnEsws1NAT22Nl9C"", ""title"": ""Jangale Arezooha"", ""position"": 1, ""duration_seconds"": 132.0, ""artist_credits"": [""Heliyom""]}, {""id"": ""2vtvKj6xgVJ2DMOdUKFDvP"", ""title"": ""Man Delam Mikhad"", ""position"": 2, ""duration_seconds"": 152.181, ""artist_credits"": [""Heliyom"", ""Sijal"", ""Tahas""]}, {""id"": ""33fssXv1g9JYwUAFJU4eke"", ""title"": ""Koja Mikhay Beri?"", ""position"": 3, ""duration_seconds"": 148.0, ""artist_credits"": [""Heliyom"", ""Cnjim""]}, {""id"": ""7ruO6HssflK3lztlf1eo7T"", ""title"": ""Nemikham Beri Na"", ""position"": 4, ""duration_seconds"": 107.076, ""artist_credits"": [""Heliyom""]}, {""id"": ""2Qjz3Dm2BR3irBHkytUsqm"", ""title"": ""Secret Love"", ""position"": 5, ""duration_seconds"": 171.84, ""artist_credits"": [""Heliyom"", ""Behzad Leito""]}, {""id"": ""1hWAqZzPp2QDYnFc3NokSW"", ""title"": ""Age Bargardi"", ""position"": 6, ""duration_seconds"": 183.529, ""artist_credits"": [""Heliyom""]}, {""id"": ""18gH8TMAhyJLU2lisIvPmq"", ""title"": ""Ba Inke"", ""position"": 7, ""duration_seconds"": 225.0, ""artist_credits"": [""Heliyom"", ""Sijal"", ""Namito""]}, {""id"": ""3GHQnw5xoFW7auns13rqB0"", ""title"": ""Hofre"", ""position"": 8, ""duration_seconds"": 165.0, ""artist_credits"": [""Heliyom"", ""Sijal"", ""Sepehr Khalse""]}, {""id"": ""1YcCky9mAj5RwxEqNkhyao"", ""title"": ""Azam Nakha"", ""position"": 9, ""duration_seconds"": 136.0, ""artist_credits"": [""Heliyom""]}]",standard/unspecified,"{""id"": ""22PgFvBhpQ5gr17pJgrikU"", ""title"": ""Jangale Arezooha"", ""type"": ""ALBUM"", ""release_date"": ""2025-07-11T00:00:00Z"", ""date_precision"": ""DAY""}",null,,[],No matching source found: no verified SoundCloud candidate established; bounded full-audio probe not performed,,
122,The Don,183,verified,suggested,Prestige,7q0vI93TCn9NcpuzFC0eOC,2023-08-22T00:00:00Z,DAY,EP,6,https://open.spotify.com/album/7q0vI93TCn9NcpuzFC0eOC,"[""Sijal"", ""The Don""]","[{""id"": ""1OjAtS0kIVpzNDJwapbGMw"", ""title"": ""Ta Khode Farda"", ""position"": 1, ""duration_seconds"": 302.497, ""artist_credits"": [""Sijal"", ""The Don""]}, {""id"": ""33MZwasclgz4SCvWOZJVfN"", ""title"": ""Ba To High Taram"", ""position"": 2, ""duration_seconds"": 264.071, ""artist_credits"": [""Sijal"", ""The Don""]}, {""id"": ""642d0hjqQsPnPzMVI1WosG"", ""title"": ""Afsaneh"", ""position"": 3, ""duration_seconds"": 189.44, ""artist_credits"": [""Sijal"", ""The Don""]}, {""id"": ""4pBwbnfrfl5wkyGsHDOyzz"", ""title"": ""Eshgh O Vojdan"", ""position"": 4, ""duration_seconds"": 205.557, ""artist_credits"": [""Sijal"", ""The Don""]}, {""id"": ""3gvE0MjACwlPDz4YDx3pjw"", ""title"": ""Gangstere Tanha"", ""position"": 5, ""duration_seconds"": 222.667, ""artist_credits"": [""Sijal"", ""The Don""]}, {""id"": ""2bdCde0hpFNrC6xePlcum3"", ""title"": ""Avaze Ghoo"", ""position"": 6, ""duration_seconds"": 213.133, ""artist_credits"": [""Sijal"", ""The Don""]}]",standard/unspecified,"{""id"": ""7inL5NpBVlMhFeEy2Mtsnx"", ""title"": ""Az In Bala"", ""type"": ""ALBUM"", ""release_date"": ""2021-09-12T00:00:00Z"", ""date_precision"": ""DAY""}","{""id"": ""7q0vI93TCn9NcpuzFC0eOC"", ""title"": ""Prestige"", ""type"": ""EP"", ""release_date"": ""2023-08-22T00:00:00Z"", ""date_precision"": ""DAY""}",,[],No matching source found: no verified SoundCloud candidate established; bounded full-audio probe not performed,,
123,Isam,184,verified,suggested,GALLERY TALK,3pU4AWSi1ggkUCsXS2wQ6F,2025-07-08T00:00:00Z,DAY,EP,6,https://open.spotify.com/album/3pU4AWSi1ggkUCsXS2wQ6F,"[""Isam""]","[{""id"": ""27bU78QRrIJqNJj5TligI5"", ""title"": ""T A N G I E"", ""position"": 1, ""duration_seconds"": 144.0, ""artist_credits"": [""Isam""]}, {""id"": ""3VzrF39v9O23mP18vUdt7Z"", ""title"": ""A D A M A"", ""position"": 2, ""duration_seconds"": 210.729, ""artist_credits"": [""Isam"", ""JKC""]}, {""id"": ""065rByI85B4r3Pcp52znNp"", ""title"": ""B U T T E R F L Y . D O O R S"", ""position"": 3, ""duration_seconds"": 161.776, ""artist_credits"": [""Isam""]}, {""id"": ""5jjRs4leDcEBEww8ZwajTK"", ""title"": ""D O R O G H . B E G O O"", ""position"": 4, ""duration_seconds"": 180.76, ""artist_credits"": [""Isam""]}, {""id"": ""75P25yBODFhm1xG9EyoK50"", ""title"": ""L I S B O N"", ""position"": 5, ""duration_seconds"": 120.424, ""artist_credits"": [""Isam""]}, {""id"": ""7okDADbndTZfoV9OGFnOVa"", ""title"": ""A D A M A . - REMIX"", ""position"": 6, ""duration_seconds"": 191.268, ""artist_credits"": [""Isam""]}]",standard/unspecified,"{""id"": ""6ea467ahP6CYvaH3l79rRr"", ""title"": ""Fereshteye Bad"", ""type"": ""ALBUM"", ""release_date"": ""2024-08-02T00:00:00Z"", ""date_precision"": ""DAY""}","{""id"": ""3pU4AWSi1ggkUCsXS2wQ6F"", ""title"": ""GALLERY TALK"", ""type"": ""EP"", ""release_date"": ""2025-07-08T00:00:00Z"", ""date_precision"": ""DAY""}",,[],No matching source found: no verified SoundCloud candidate established; bounded full-audio probe not performed,,
124,Arown,185,verified,no qualifying LP/EP in complete catalog,,,,,,,,[],[],,null,null,,[],No release selected; acquisition not assessed,,
125,Octave,186,verified,suggested,Adam Bozorga,2W1pBaKkYDUXKyd8NHtCcb,2023-08-23T00:00:00Z,DAY,LP,8,https://open.spotify.com/album/2W1pBaKkYDUXKyd8NHtCcb,"[""Octave""]","[{""id"": ""3YBXqLrP2fLY33GClFl0ij"", ""title"": ""Akhare Hafte"", ""position"": 1, ""duration_seconds"": 259.114, ""artist_credits"": [""Octave""]}, {""id"": ""0MEuuw88aL4kGcODCv9J7R"", ""title"": ""Mishkane Delam"", ""position"": 2, ""duration_seconds"": 269.019, ""artist_credits"": [""Octave""]}, {""id"": ""0oJrGbRMFGsfJ7bLpeXSQq"", ""title"": ""Adam Bozorga"", ""position"": 3, ""duration_seconds"": 292.34, ""artist_credits"": [""Octave""]}, {""id"": ""4VgL0PmQS2B3c7W8tDjEb7"", ""title"": ""Baby Bebin Baroone"", ""position"": 4, ""duration_seconds"": 209.777, ""artist_credits"": [""Octave""]}, {""id"": ""4arhphrz1IRqJRuDVnjtcm"", ""title"": ""Doori o Doosti"", ""position"": 5, ""duration_seconds"": 224.0, ""artist_credits"": [""Octave""]}, {""id"": ""5aotAYVgW4l17Bo5GIl9PY"", ""title"": ""Nadare Mazze"", ""position"": 6, ""duration_seconds"": 219.652, ""artist_credits"": [""Octave""]}, {""id"": ""6loMrErSemha26myONmral"", ""title"": ""Gheyre Addi"", ""position"": 7, ""duration_seconds"": 273.559, ""artist_credits"": [""Octave""]}, {""id"": ""2clHoVWuWaket1LrCLY2jj"", ""title"": ""Aroom Aroom Aroom"", ""position"": 8, ""duration_seconds"": 277.548, ""artist_credits"": [""Octave""]}]",standard/unspecified,"{""id"": ""2W1pBaKkYDUXKyd8NHtCcb"", ""title"": ""Adam Bozorga"", ""type"": ""ALBUM"", ""release_date"": ""2023-08-23T00:00:00Z"", ""date_precision"": ""DAY""}",null,,[],No matching source found: no verified SoundCloud candidate established; bounded full-audio probe not performed,,
126,Maslak,188,verified,suggested,Khato Neshoun,1Osk6KhD2Hyix5VGZMLFaA,2022-03-21T00:00:00Z,DAY,EP,5,https://open.spotify.com/album/1Osk6KhD2Hyix5VGZMLFaA,"[""Merzhak"", ""Maslak""]","[{""id"": ""1NGZhQii831KL01zn92blU"", ""title"": ""Quarantine"", ""position"": 1, ""duration_seconds"": 219.813, ""artist_credits"": [""Merzhak"", ""Maslak"", ""Nassim""]}, {""id"": ""6lnpLvvk1Uf0Ena4mJ87mP"", ""title"": ""Dast Bala Dast"", ""position"": 2, ""duration_seconds"": 192.0, ""artist_credits"": [""Merzhak"", ""Maslak""]}, {""id"": ""4hHqcUn3kI7p73jxEdJ7ku"", ""title"": ""Ki Midoone"", ""position"": 3, ""duration_seconds"": 213.433, ""artist_credits"": [""Merzhak"", ""Maslak"", ""Aariel""]}, {""id"": ""0pRId4UqGKSDOR1yupaezN"", ""title"": ""Doosta Mian Doshmana Miran"", ""position"": 4, ""duration_seconds"": 205.613, ""artist_credits"": [""Merzhak"", ""Maslak""]}, {""id"": ""0SY28cHqMjOSX8oQ6r3RE2"", ""title"": ""Khato Neshoun"", ""position"": 5, ""duration_seconds"": 122.186, ""artist_credits"": [""Merzhak"", ""Maslak""]}]",standard/unspecified,null,"{""id"": ""1Osk6KhD2Hyix5VGZMLFaA"", ""title"": ""Khato Neshoun"", ""type"": ""EP"", ""release_date"": ""2022-03-21T00:00:00Z"", ""date_precision"": ""DAY""}",,[],No matching source found: no verified SoundCloud candidate established; bounded full-audio probe not performed,,
127,Shayan Yo,189,verified,suggested,6,0nSfDYxx7FWSUZwsYnY3KW,2025-04-27T00:00:00Z,DAY,EP,6,https://open.spotify.com/album/0nSfDYxx7FWSUZwsYnY3KW,"[""Shayan Yo"", ""Hassan Baba""]","[{""id"": ""4bFWN0MnkXcR1Yu6j8F9Db"", ""title"": ""Dastamo Vel Nakon"", ""position"": 1, ""duration_seconds"": 168.837, ""artist_credits"": [""Shayan Yo"", ""Hassan Baba""]}, {""id"": ""4ilhelYjYp4DoyqLYtmy4e"", ""title"": ""Chand Mahe"", ""position"": 2, ""duration_seconds"": 142.857, ""artist_credits"": [""Shayan Yo"", ""Hassan Baba""]}, {""id"": ""3SWkwRbK55lARWJZpHXzNX"", ""title"": ""Bejoz To"", ""position"": 3, ""duration_seconds"": 222.105, ""artist_credits"": [""Shayan Yo""]}, {""id"": ""25qRdwpIWQwIzUfYXYKxAt"", ""title"": ""Zadam Ziresh"", ""position"": 4, ""duration_seconds"": 184.999, ""artist_credits"": [""Shayan Yo"", ""Hassan Baba""]}, {""id"": ""13RsRSBszcDcOxFUZjUvs8"", ""title"": ""Mano in Bi Halie"", ""position"": 5, ""duration_seconds"": 188.0, ""artist_credits"": [""Shayan Yo"", ""Hassan Baba""]}, {""id"": ""5AJNefIpDDcQLEBdumFLC5"", ""title"": ""Nemikham Bargardi"", ""position"": 6, ""duration_seconds"": 201.745, ""artist_credits"": [""Shayan Yo"", ""Hassan Baba""]}]",standard/unspecified,null,"{""id"": ""0nSfDYxx7FWSUZwsYnY3KW"", ""title"": ""6"", ""type"": ""EP"", ""release_date"": ""2025-04-27T00:00:00Z"", ""date_precision"": ""DAY""}",,[],No matching source found: no verified SoundCloud candidate established; bounded full-audio probe not performed,,
128,Parsa,191,verified,suggested,MERCURY ANGEL,0tQeLVlLahdphQDgs5V5ai,2026-08-25T00:00:00Z,DAY,EP,4,https://open.spotify.com/album/0tQeLVlLahdphQDgs5V5ai,"[""Parsa""]","[{""id"": ""4BMvmop5jaYmkgdBUkhCYa"", ""title"": ""Voices"", ""position"": 1, ""duration_seconds"": 193.714, ""artist_credits"": [""Parsa"", ""Arta""]}, {""id"": ""1n8aUylfld7Myvz1yjTTxp"", ""title"": ""Destination"", ""position"": 2, ""duration_seconds"": 151.0, ""artist_credits"": [""Parsa""]}, {""id"": ""2ejdb3nnmDErXqdSXmjxZs"", ""title"": ""Confession"", ""position"": 3, ""duration_seconds"": 202.718, ""artist_credits"": [""Parsa""]}, {""id"": ""5MJmNELSYIg2lYct6s0xzm"", ""title"": ""Peace, I Need"", ""position"": 4, ""duration_seconds"": 166.829, ""artist_credits"": [""Parsa"", ""Afta Hill""]}]",standard/unspecified,"{""id"": ""5vH3jpuAk6X4C2KYtlBee5"", ""title"": ""Beauty in the City 2"", ""type"": ""ALBUM"", ""release_date"": ""2020-12-11T00:00:00Z"", ""date_precision"": ""DAY""}","{""id"": ""0tQeLVlLahdphQDgs5V5ai"", ""title"": ""MERCURY ANGEL"", ""type"": ""EP"", ""release_date"": ""2026-08-25T00:00:00Z"", ""date_precision"": ""DAY""}",,[],No matching source found: no verified SoundCloud candidate established; bounded full-audio probe not performed,,
129,Nazli Mcfian,192,verified,no qualifying LP/EP in complete catalog,,,,,,,,[],[],,null,null,,[],No release selected; acquisition not assessed,,
130,Raha,193,verified,suggested,Revival,1z1UIWoOBhNLXn6MQMGMab,2025-12-16T00:00:00Z,DAY,LP,8,https://open.spotify.com/album/1z1UIWoOBhNLXn6MQMGMab,"[""Raha""]","[{""id"": ""4kMiVqWKBdvKMeKRQwUUkI"", ""title"": ""Raha"", ""position"": 1, ""duration_seconds"": 194.634, ""artist_credits"": [""Raha""]}, {""id"": ""68LkMGM10TLduMB0jMkrdl"", ""title"": ""Jaded"", ""position"": 2, ""duration_seconds"": 170.0, ""artist_credits"": [""Raha"", ""Parsa""]}, {""id"": ""5q2u6eqQOjyCHstIqsYVWA"", ""title"": ""SinCity"", ""position"": 3, ""duration_seconds"": 183.058, ""artist_credits"": [""Raha"", ""Freddy""]}, {""id"": ""6rA2rgOblviBoSZ9W32jKd"", ""title"": ""Gharibe"", ""position"": 4, ""duration_seconds"": 191.773, ""artist_credits"": [""Raha"", ""Koorosh""]}, {""id"": ""5MSAPLd0T3RzXlACOr3GvE"", ""title"": ""Heyf"", ""position"": 5, ""duration_seconds"": 201.784, ""artist_credits"": [""Raha""]}, {""id"": ""5Dz1plMZgt9rg2R6bUsDpQ"", ""title"": ""Better to skip"", ""position"": 6, ""duration_seconds"": 173.0, ""artist_credits"": [""Raha""]}, {""id"": ""78gmIbHfgfoTrEVFJxy5l7"", ""title"": ""Kill for you"", ""position"": 7, ""duration_seconds"": 193.608, ""artist_credits"": [""Raha"", ""Parsa""]}, {""id"": ""0yQ6F20360APmcA7Gwslej"", ""title"": ""Tamoom"", ""position"": 8, ""duration_seconds"": 142.608, ""artist_credits"": [""Raha""]}]",standard/unspecified,"{""id"": ""1z1UIWoOBhNLXn6MQMGMab"", ""title"": ""Revival"", ""type"": ""ALBUM"", ""release_date"": ""2025-12-16T00:00:00Z"", ""date_precision"": ""DAY""}",null,,[],No matching source found: no verified SoundCloud candidate established; bounded full-audio probe not performed,,
131,Matin Fattahi,194,verified,no qualifying LP/EP in complete catalog,,,,,,,,[],[],,null,null,,[],No release selected; acquisition not assessed,,
132,021kid,196,verified,suggested,C4,7qyawsVb9eOJoIysyHLQ1B,2025-02-21T00:00:00Z,DAY,EP,4,https://open.spotify.com/album/7qyawsVb9eOJoIysyHLQ1B,"[""021kid""]","[{""id"": ""3XXX9y02fWn9hcGGUQQPyG"", ""title"": ""MARDE TANHA"", ""position"": 1, ""duration_seconds"": 162.0, ""artist_credits"": [""021kid""]}, {""id"": ""28hXq3dUDmOUng8o8EkZ6h"", ""title"": ""TRAP ZAKHAR"", ""position"": 2, ""duration_seconds"": 153.975, ""artist_credits"": [""021kid""]}, {""id"": ""7aEfePWhi9MkRrGtZ8MQWK"", ""title"": ""PACK SEFID"", ""position"": 3, ""duration_seconds"": 144.319, ""artist_credits"": [""021kid""]}, {""id"": ""7G3L59S2LEKr9hoPN4F0Mk"", ""title"": ""NO TRUST"", ""position"": 4, ""duration_seconds"": 140.526, ""artist_credits"": [""021kid""]}]",standard/unspecified,null,"{""id"": ""7qyawsVb9eOJoIysyHLQ1B"", ""title"": ""C4"", ""type"": ""EP"", ""release_date"": ""2025-02-21T00:00:00Z"", ""date_precision"": ""DAY""}",,[],No matching source found: no verified SoundCloud candidate established; bounded full-audio probe not performed,,
133,Mehyad,198,verified,suggested,Credit,37NEdEKaw2KCPbee1cq1ua,2025-03-11T00:00:00Z,DAY,LP,8,https://open.spotify.com/album/37NEdEKaw2KCPbee1cq1ua,"[""Mehyad""]","[{""id"": ""13bF4xhAuhjpa8F3k6Y5r4"", ""title"": ""Cheshat Migad"", ""position"": 1, ""duration_seconds"": 194.454, ""artist_credits"": [""Mehyad""]}, {""id"": ""61Eer6bQbLBJLVIVepBEHi"", ""title"": ""Ki Nemimone II"", ""position"": 2, ""duration_seconds"": 159.895, ""artist_credits"": [""Mehyad""]}, {""id"": ""4wI6gN7BkbKGd5fY2bUJqu"", ""title"": ""Fasele"", ""position"": 3, ""duration_seconds"": 211.382, ""artist_credits"": [""Mehyad"", ""Pidar"", ""Soby""]}, {""id"": ""6xH27A8esEzsAL5JMhTWRK"", ""title"": ""Tariki - Acoustic Version"", ""position"": 4, ""duration_seconds"": 165.955, ""artist_credits"": [""Mehyad""]}, {""id"": ""7ybqik7FevndqSxLKyP7ko"", ""title"": ""Credit"", ""position"": 5, ""duration_seconds"": 154.827, ""artist_credits"": [""Mehyad""]}, {""id"": ""6vOcuevMHKKirAWihRSgqE"", ""title"": ""Sefr O Sad"", ""position"": 6, ""duration_seconds"": 147.121, ""artist_credits"": [""Mehyad""]}, {""id"": ""3wU1iSPKC9zFEVo2EOn0uZ"", ""title"": ""Cartier"", ""position"": 7, ""duration_seconds"": 159.869, ""artist_credits"": [""Mehyad"", ""Alireza AG""]}, {""id"": ""3XMngsY5BlyluZlvV4juSz"", ""title"": ""Shak Daram - Outro"", ""position"": 8, ""duration_seconds"": 109.792, ""artist_credits"": [""Mehyad""]}]",standard/unspecified,"{""id"": ""37NEdEKaw2KCPbee1cq1ua"", ""title"": ""Credit"", ""type"": ""ALBUM"", ""release_date"": ""2025-03-11T00:00:00Z"", ""date_precision"": ""DAY""}",null,,[],No matching source found: no verified SoundCloud candidate established; bounded full-audio probe not performed,,
134,Alipasha,199,verified,suggested,Siah Sefid,64jQOx8sk364oFOEIHOd75,2026-06-17T00:00:00Z,DAY,LP,18,https://open.spotify.com/album/64jQOx8sk364oFOEIHOd75,"[""Alipasha""]","[{""id"": ""68L9Bg6fIfAvjjYTMh0gbm"", ""title"": ""Siasefid"", ""position"": 1, ""duration_seconds"": 178.599, ""artist_credits"": [""Alipasha"", ""Sara Peyrovan""]}, {""id"": ""47vLyKoQcSfB2wUzw53fu2"", ""title"": ""Nagoo Ye Lahze Sabr Kon"", ""position"": 2, ""duration_seconds"": 175.951, ""artist_credits"": [""Alipasha"", ""Shayan Roohi""]}, {""id"": ""2dsoigyQueIWUulNs9rpn7"", ""title"": ""Mage Zore"", ""position"": 3, ""duration_seconds"": 173.348, ""artist_credits"": [""Alipasha"", ""Sahel""]}, {""id"": ""0tQO7TIp2kWlofvjdPKIWt"", ""title"": ""Panic"", ""position"": 4, ""duration_seconds"": 190.223, ""artist_credits"": [""Alipasha"", ""Shayan Yo"", ""Hassan Baba""]}, {""id"": ""7r03oUiIDJFoS36MWX3vu1"", ""title"": ""Na Refigh"", ""position"": 5, ""duration_seconds"": 169.049, ""artist_credits"": [""Alipasha"", ""Pidar""]}, {""id"": ""6dlzOArlFyE3LErtJyImkW"", ""title"": ""Violet"", ""position"": 6, ""duration_seconds"": 128.888, ""artist_credits"": [""Alipasha"", ""CIA""]}, {""id"": ""7odPAHDote6gWQ1tYoI1Pq"", ""title"": ""Betoche"", ""position"": 7, ""duration_seconds"": 167.279, ""artist_credits"": [""Alipasha"", ""Saretan""]}, {""id"": ""4cgksDquG4IKd2dEJMR6hY"", ""title"": ""Abri"", ""position"": 8, ""duration_seconds"": 185.06, ""artist_credits"": [""Alipasha"", ""Lenna"", ""Mamazi""]}, {""id"": ""5Bn4fykfcW94ZD0s8fv5gX"", ""title"": ""Nistam Flex"", ""position"": 9, ""duration_seconds"": 155.832, ""artist_credits"": [""Alipasha"", ""Pooke""]}, {""id"": ""5p9PyKW03RlOhlburJmUKN"", ""title"": ""Yebar"", ""position"": 10, ""duration_seconds"": 170.942, ""artist_credits"": [""Alipasha""]}, {""id"": ""6cINUZGnnQdXDo1RGcBIk2"", ""title"": ""HOTEL"", ""position"": 11, ""duration_seconds"": 183.04, ""artist_credits"": [""Alipasha"", ""CIA"", ""Shayan Roohi""]}, {""id"": ""15zivZxZhaI9LUQgC245MS"", ""title"": ""Partgah"", ""position"": 12, ""duration_seconds"": 183.84, ""artist_credits"": [""Alipasha"", ""Ali T""]}, {""id"": ""4paHVHVPeMMKgnN9Ay3Hca"", ""title"": ""Tahe Khat"", ""position"": 13, ""duration_seconds"": 149.48, ""artist_credits"": [""Alipasha"", ""Tber""]}, {""id"": ""01m37Q1eMDk8XmCbYMfonq"", ""title"": ""MINECRAFT"", ""position"": 14, ""duration_seconds"": 164.2, ""artist_credits"": [""Alipasha"", ""PDC""]}, {""id"": ""0ufwKRvbVSBKQ5dqNzgAU7"", ""title"": ""Noghte Sare Khat"", ""position"": 15, ""duration_seconds"": 184.254, ""artist_credits"": [""Alipasha"", ""PDC""]}, {""id"": ""49NaAS3dV0Jc8HGNqk63ur"", ""title"": ""Ghasedak"", ""position"": 16, ""duration_seconds"": 154.285, ""artist_credits"": [""Alipasha"", ""XWHISKY""]}, {""id"": ""4wM0wq3pfPjJmjI8uWjx5a"", ""title"": ""Winter Coming"", ""position"": 17, ""duration_seconds"": 137.0, ""artist_credits"": [""Alipasha"", ""Parsa""]}, {""id"": ""5iOIIxLFxDzeNwxhcl5IKW"", ""title"": ""Guardrail"", ""position"": 18, ""duration_seconds"": 83.121, ""artist_credits"": [""Alipasha""]}]",standard/unspecified,"{""id"": ""64jQOx8sk364oFOEIHOd75"", ""title"": ""Siah Sefid"", ""type"": ""ALBUM"", ""release_date"": ""2026-06-17T00:00:00Z"", ""date_precision"": ""DAY""}",null,,[],No matching source found: no verified SoundCloud candidate established; bounded full-audio probe not performed,,
135,Tlkhoon,201,verified,no qualifying LP/EP in complete catalog,,,,,,,,[],[],,null,null,,[],No release selected; acquisition not assessed,,
136,Pouriya Adroit,202,verified,suggested,Cheqer Mood 2,2VlSXTzPnjjQOpIfoBEdpQ,2024-08-19T00:00:00Z,DAY,LP,18,https://open.spotify.com/album/2VlSXTzPnjjQOpIfoBEdpQ,"[""Pouriya Adroit"", ""LiderBeatz""]","[{""id"": ""3ff3WViUh5hZUZ9Dyo5YxX"", ""title"": ""Jijiya"", ""position"": 1, ""duration_seconds"": 204.0, ""artist_credits"": [""Pouriya Adroit"", ""LiderBeatz"", ""Catchybeatz""]}, {""id"": ""6b4utFqTUjdRS4batRQMge"", ""title"": ""Baste Pool"", ""position"": 2, ""duration_seconds"": 177.162, ""artist_credits"": [""Pouriya Adroit"", ""LiderBeatz""]}, {""id"": ""16YRajpxbceAQ7cpbGBsrE"", ""title"": ""Arshavin"", ""position"": 3, ""duration_seconds"": 145.511, ""artist_credits"": [""Pouriya Adroit"", ""LiderBeatz"", ""Mamazi""]}, {""id"": ""0MNdl6rQVlYK1iFSz6ojaM"", ""title"": ""Dale"", ""position"": 4, ""duration_seconds"": 206.0, ""artist_credits"": [""Pouriya Adroit"", ""LiderBeatz"", ""Amin Tijay""]}, {""id"": ""25b8hpH1Rv4CbpQGcHFJA9"", ""title"": ""Head Shot"", ""position"": 5, ""duration_seconds"": 143.513, ""artist_credits"": [""Pouriya Adroit"", ""LiderBeatz"", ""Sajad Shahi""]}, {""id"": ""1eEavnjDCb3raU5FyYafbi"", ""title"": ""Mirizan"", ""position"": 6, ""duration_seconds"": 187.555, ""artist_credits"": [""Pouriya Adroit"", ""LiderBeatz"", ""Cnjim""]}, {""id"": ""57HzT627NvyVEpUG1u1gQU"", ""title"": ""Business Kush"", ""position"": 7, ""duration_seconds"": 140.16, ""artist_credits"": [""Pouriya Adroit"", ""LiderBeatz""]}, {""id"": ""2rhLszapTCQEjyqCY5ofSF"", ""title"": ""Ye Taraf"", ""position"": 8, ""duration_seconds"": 144.661, ""artist_credits"": [""Pouriya Adroit"", ""LiderBeatz"", ""Saretan""]}, {""id"": ""25aGdph0xOcFhupo4g8EZ7"", ""title"": ""Trap Money"", ""position"": 9, ""duration_seconds"": 137.088, ""artist_credits"": [""Pouriya Adroit"", ""LiderBeatz"", ""Kaveh""]}, {""id"": ""7zRDUblbYlmeWEKBDPJybI"", ""title"": ""Candy"", ""position"": 10, ""duration_seconds"": 286.105, ""artist_credits"": [""Pouriya Adroit"", ""LiderBeatz"", ""Catchybeatz"", ""Kusha"", ""Siohash"", ""Mandassan""]}, {""id"": ""50d0fQx3ewxfDOFhAvJpO5"", ""title"": ""Vojdan"", ""position"": 11, ""duration_seconds"": 156.377, ""artist_credits"": [""Pouriya Adroit"", ""LiderBeatz"", ""Lili""]}, {""id"": ""5OTVHllOizoWeKLzYV9R7p"", ""title"": ""10X"", ""position"": 12, ""duration_seconds"": 146.548, ""artist_credits"": [""Pouriya Adroit"", ""LiderBeatz"", ""Shahemoon""]}, {""id"": ""46vr0BKHmsdl0pLRZ7vwLf"", ""title"": ""Madrese Mousha"", ""position"": 13, ""duration_seconds"": 191.803, ""artist_credits"": [""Pouriya Adroit"", ""LiderBeatz"", ""Kueen Shax""]}, {""id"": ""2c81pDty2ZfugwlMX1vXha"", ""title"": ""Dada"", ""position"": 14, ""duration_seconds"": 172.391, ""artist_credits"": [""Pouriya Adroit"", ""LiderBeatz"", ""AshExo"", ""6ehtash""]}, {""id"": ""29Hv4laGFt3sI4BebpvzqJ"", ""title"": ""Pepsi Man"", ""position"": 15, ""duration_seconds"": 154.285, ""artist_credits"": [""Pouriya Adroit"", ""LiderBeatz""]}, {""id"": ""1lbXa9C33i8bSlSkehTCCF"", ""title"": ""Hale Kharab"", ""position"": 16, ""duration_seconds"": 135.0, ""artist_credits"": [""Pouriya Adroit"", ""LiderBeatz""]}, {""id"": ""2dtUmj0WPp75tStHxJVReL"", ""title"": ""Garme"", ""position"": 17, ""duration_seconds"": 183.829, ""artist_credits"": [""Pouriya Adroit"", ""LiderBeatz""]}, {""id"": ""4C41NNQDoEwYYYN3j8OH54"", ""title"": ""Baroon"", ""position"": 18, ""duration_seconds"": 159.183, ""artist_credits"": [""Pouriya Adroit"", ""LiderBeatz""]}]",standard/unspecified,"{""id"": ""2VlSXTzPnjjQOpIfoBEdpQ"", ""title"": ""Cheqer Mood 2"", ""type"": ""ALBUM"", ""release_date"": ""2024-08-19T00:00:00Z"", ""date_precision"": ""DAY""}","{""id"": ""5MfaXKJCSniRjPgUeNS07f"", ""title"": ""Cheqer Mood"", ""type"": ""EP"", ""release_date"": ""2024-02-06T00:00:00Z"", ""date_precision"": ""DAY""}",,[],No matching source found: no verified SoundCloud candidate established; bounded full-audio probe not performed,,
