generation_timestamp,application_sha,release_selection_key,platform,native_release_id,release_title,spotify_url,classification,classification_status,selection_kinds,selecting_artist_ids_json,alternative_artist_ids_json,associated_approved_artists_json,official_release_date,track_count,release_level_artist_credits_json,primary_artist_candidates_json,featured_artist_candidates_json,track_artist_coverage_json,attribution_basis,ordered_tracks_json,release_detail_observed_at,review_reasons,media_availability_current,media_evidence_summary,historical_audio_validation,ready_to_publish
2026-10-04T14:47:54.222104+00:00,5d89fcedcc1c01d5f9f00b533242e6d9045fbb0f,spotify:album:0oi0AO9zZGcqRRS5nd3fvd,spotify,0oi0AO9zZGcqRRS5nd3fvd,Colonel,https://open.spotify.com/album/0oi0AO9zZGcqRRS5nd3fvd,LP,explicit_spotify_type,latest_candidate,[1],[],"[{""artist_id"": 1, ""artist"": ""Hossein Tiem""}, {""artist_id"": 2, ""artist"": ""Hesam Tiem""}, {""artist_id"": 5, ""artist"": ""Sajad Shahi""}, {""artist_id"": 24, ""artist"": ""Reza Pishro""}]",2025-02-03T00:00:00Z,10,"[{""id"": ""2ZgLpNVB2qQTifvz3l8xIY"", ""name"": ""Tiem""}]","[""Tiem""]","[""Sajad Shahi"", ""Reza Pishro"", ""HesamTiem"", ""Salii""]","[{""name"": ""Tiem"", ""credited_track_positions"": [1, 2, 3, 4, 5, 6, 7, 8, 9, 10], ""credited_track_count"": 10, ""leading_track_positions"": [1, 2, 3, 4, 5, 6, 7, 8, 9, 10]}, {""name"": ""Sajad Shahi"", ""credited_track_positions"": [1], ""credited_track_count"": 1, ""leading_track_positions"": []}, {""name"": ""Reza Pishro"", ""credited_track_positions"": [3, 4], ""credited_track_count"": 2, ""leading_track_positions"": []}, {""name"": ""HesamTiem"", ""credited_track_positions"": [3], ""credited_track_count"": 1, ""leading_track_positions"": []}, {""name"": ""Salii"", ""credited_track_positions"": [7], ""credited_track_count"": 1, ""leading_track_positions"": []}]",All-track credit intersection plus exact per-track coverage; roles require owner review where ambiguous,"[{""id"": ""3Jf8WMC7fGBnXHePatwWqY"", ""position"": 1, ""title"": ""+18"", ""duration_seconds"": 199.291, ""artist_credits"": [{""id"": """", ""name"": ""Tiem""}, {""id"": """", ""name"": ""Sajad Shahi""}]}, {""id"": ""67IEJK2HtO14tRQn8XGnDd"", ""position"": 2, ""title"": ""Petros"", ""duration_seconds"": 166.743, ""artist_credits"": [{""id"": """", ""name"": ""Tiem""}]}, {""id"": ""63NOdaDw5k38Z3GBmRwVOJ"", ""position"": 3, ""title"": ""UFO"", ""duration_seconds"": 208.0, ""artist_credits"": [{""id"": """", ""name"": ""Tiem""}, {""id"": """", ""name"": ""Reza Pishro""}, {""id"": """", ""name"": ""HesamTiem""}]}, {""id"": ""6qI1tJl0WcmYx5Pxm4erIt"", ""position"": 4, ""title"": ""Jengir"", ""duration_seconds"": 166.131, ""artist_credits"": [{""id"": """", ""name"": ""Tiem""}, {""id"": """", ""name"": ""Reza Pishro""}]}, {""id"": ""0gmZ849L7k7aH8Z2kKbXgX"", ""position"": 5, ""title"": ""Colonel"", ""duration_seconds"": 166.404, ""artist_credits"": [{""id"": """", ""name"": ""Tiem""}]}, {""id"": ""2isDWL9wUwE92Tv0gQ4lms"", ""position"": 6, ""title"": ""Atousa"", ""duration_seconds"": 172.003, ""artist_credits"": [{""id"": """", ""name"": ""Tiem""}]}, {""id"": ""0dLssY38u2W74EifOG3oil"", ""position"": 7, ""title"": ""Mahvare"", ""duration_seconds"": 176.083, ""artist_credits"": [{""id"": """", ""name"": ""Tiem""}, {""id"": """", ""name"": ""Salii""}]}, {""id"": ""61kHlAuBW4DSm1VnQuZdUU"", ""position"": 8, ""title"": ""Toofan"", ""duration_seconds"": 156.521, ""artist_credits"": [{""id"": """", ""name"": ""Tiem""}]}, {""id"": ""3Z8deAzQ8uGWCSR4zPizl7"", ""position"": 9, ""title"": ""Trapstar"", ""duration_seconds"": 201.025, ""artist_credits"": [{""id"": """", ""name"": ""Tiem""}]}, {""id"": ""38Z925Z9CYb3IYvNbmdpJW"", ""position"": 10, ""title"": ""Dele Sir"", ""duration_seconds"": 184.615, ""artist_credits"": [{""id"": """", ""name"": ""Tiem""}]}]",2026-10-04T14:26:22.069890+00:00,,not_rechecked,No matching media source established by the earlier bounded metadata checks; full recording untested,No full-acquisition evidence attached,False
2026-10-04T14:47:54.222104+00:00,5d89fcedcc1c01d5f9f00b533242e6d9045fbb0f,spotify:album:6RlbbqO6RIjqLyvuKajnUV,spotify,6RlbbqO6RIjqLyvuKajnUV,Ay,https://open.spotify.com/album/6RlbbqO6RIjqLyvuKajnUV,LP,explicit_spotify_type,latest_candidate,[2],[],"[{""artist_id"": 1, ""artist"": ""Hossein Tiem""}, {""artist_id"": 2, ""artist"": ""Hesam Tiem""}, {""artist_id"": 116, ""artist"": ""Ali Geramy""}, {""artist_id"": 127, ""artist"": ""Shayan Yo""}, {""artist_id"": 136, ""artist"": ""Pouriya Adroit""}]",2026-08-11T00:00:00Z,12,"[{""id"": ""6XsyaCX2jJLaS82vJoiiWi"", ""name"": ""HesamTiem""}]","[""HesamTiem""]","[""Salii"", ""Tiem"", ""Danzzy"", ""Ali Geramy"", ""6ehtash"", ""Shayan Yo"", ""TrapSahand"", ""Big Shaggy"", ""Ayzun"", ""Pouriya Adroit"", ""Moreshahin""]","[{""name"": ""HesamTiem"", ""credited_track_positions"": [1, 2, 3, 4, 5, 6, 7, 8, 9, 10, 11, 12], ""credited_track_count"": 12, ""leading_track_positions"": [1, 2, 3, 4, 5, 6, 7, 8, 9, 10, 11, 12]}, {""name"": ""Salii"", ""credited_track_positions"": [1], ""credited_track_count"": 1, ""leading_track_positions"": []}, {""name"": ""Tiem"", ""credited_track_positions"": [2, 10], ""credited_track_count"": 2, ""leading_track_positions"": []}, {""name"": ""Danzzy"", ""credited_track_positions"": [2], ""credited_track_count"": 1, ""leading_track_positions"": []}, {""name"": ""Ali Geramy"", ""credited_track_positions"": [3], ""credited_track_count"": 1, ""leading_track_positions"": []}, {""name"": ""6ehtash"", ""credited_track_positions"": [5], ""credited_track_count"": 1, ""leading_track_positions"": []}, {""name"": ""Shayan Yo"", ""credited_track_positions"": [6], ""credited_track_count"": 1, ""leading_track_positions"": []}, {""name"": ""TrapSahand"", ""credited_track_positions"": [8], ""credited_track_count"": 1, ""leading_track_positions"": []}, {""name"": ""Big Shaggy"", ""credited_track_positions"": [9], ""credited_track_count"": 1, ""leading_track_positions"": []}, {""name"": ""Ayzun"", ""credited_track_positions"": [9], ""credited_track_count"": 1, ""leading_track_positions"": []}, {""name"": ""Pouriya Adroit"", ""credited_track_positions"": [11], ""credited_track_count"": 1, ""leading_track_positions"": []}, {""name"": ""Moreshahin"", ""credited_track_positions"": [12], ""credited_track_count"": 1, ""leading_track_positions"": []}]",All-track credit intersection plus exact per-track coverage; roles require owner review where ambiguous,"[{""id"": ""21Ugn0GBFiMVSfKrnJXcfF"", ""position"": 1, ""title"": ""#1"", ""duration_seconds"": 157.495, ""artist_credits"": [{""id"": """", ""name"": ""HesamTiem""}, {""id"": """", ""name"": ""Salii""}]}, {""id"": ""5edwUptW7mfDcQVSoPZ9lp"", ""position"": 2, ""title"": ""DollaraM"", ""duration_seconds"": 178.605, ""artist_credits"": [{""id"": """", ""name"": ""HesamTiem""}, {""id"": """", ""name"": ""Tiem""}, {""id"": """", ""name"": ""Danzzy""}]}, {""id"": ""4wtQKqpcWRPy4aGC7xbb8j"", ""position"": 3, ""title"": ""LosT"", ""duration_seconds"": 123.868, ""artist_credits"": [{""id"": """", ""name"": ""HesamTiem""}, {""id"": """", ""name"": ""Ali Geramy""}]}, {""id"": ""1Jtc9y8VpMWGwAZWYLsCcn"", ""position"": 4, ""title"": ""AY"", ""duration_seconds"": 158.826, ""artist_credits"": [{""id"": """", ""name"": ""HesamTiem""}]}, {""id"": ""466xbTLcbGHRywEcGczZcT"", ""position"": 5, ""title"": ""Joone TO"", ""duration_seconds"": 141.434, ""artist_credits"": [{""id"": """", ""name"": ""HesamTiem""}, {""id"": """", ""name"": ""6ehtash""}]}, {""id"": ""0uqSq5fAKLDtaUTgIV4apz"", ""position"": 6, ""title"": ""ZakhM"", ""duration_seconds"": 209.454, ""artist_credits"": [{""id"": """", ""name"": ""HesamTiem""}, {""id"": """", ""name"": ""Shayan Yo""}]}, {""id"": ""3UKHYSQytQPKx4l9bI08Vq"", ""position"": 7, ""title"": ""I Told U"", ""duration_seconds"": 138.55, ""artist_credits"": [{""id"": """", ""name"": ""HesamTiem""}]}, {""id"": ""45fHGmoUogm7gyxIqVnvAr"", ""position"": 8, ""title"": ""KhaeN"", ""duration_seconds"": 144.359, ""artist_credits"": [{""id"": """", ""name"": ""HesamTiem""}, {""id"": """", ""name"": ""TrapSahand""}]}, {""id"": ""3JseHNDqiSm2k7nVEqMvcS"", ""position"": 9, ""title"": ""IgnorE"", ""duration_seconds"": 204.152, ""artist_credits"": [{""id"": """", ""name"": ""HesamTiem""}, {""id"": """", ""name"": ""Big Shaggy""}, {""id"": """", ""name"": ""Ayzun""}]}, {""id"": ""0IrFAuYmzjMY3pwEwifk7S"", ""position"": 10, ""title"": ""West SidE"", ""duration_seconds"": 187.8, ""artist_credits"": [{""id"": """", ""name"": ""HesamTiem""}, {""id"": """", ""name"": ""Tiem""}]}, {""id"": ""1GNse1r9ARVzclDpFyfK8a"", ""position"": 11, ""title"": ""BekooB"", ""duration_seconds"": 192.771, ""artist_credits"": [{""id"": """", ""name"": ""HesamTiem""}, {""id"": """", ""name"": ""Pouriya Adroit""}]}, {""id"": ""1TJR1XCWkWYVW2ZFS1QqGs"", ""position"": 12, ""title"": ""BoghZ"", ""duration_seconds"": 161.401, ""artist_credits"": [{""id"": """", ""name"": ""HesamTiem""}, {""id"": """", ""name"": ""Moreshahin""}]}]",2026-10-04T14:26:27.084069+00:00,,not_rechecked,No matching media source established by the earlier bounded metadata checks; full recording untested,No full-acquisition evidence attached,False
2026-10-04T14:47:54.222104+00:00,5d89fcedcc1c01d5f9f00b533242e6d9045fbb0f,spotify:album:2YU2B2VwnmKFezMe0KCYWF,spotify,2YU2B2VwnmKFezMe0KCYWF,RIP Underratedbo!,https://open.spotify.com/album/2YU2B2VwnmKFezMe0KCYWF,LP,explicit_spotify_type,latest_candidate,[3],[],"[{""artist_id"": 3, ""artist"": ""Amin Tijay""}]",2025-08-04T00:00:00Z,13,"[{""id"": ""3JS9sHeI06RtolBR5s5O0L"", ""name"": ""Amin Tijay""}]","[""Amin Tijay""]","[""Lil Deafo"", ""!Leo"", ""Neemski"", ""Gucciflame"", ""rayan"", ""Ashkan Kagan"", ""traptee""]","[{""name"": ""Amin Tijay"", ""credited_track_positions"": [1, 2, 3, 4, 5, 6, 7, 8, 9, 10, 11, 12, 13], ""credited_track_count"": 13, ""leading_track_positions"": [1, 2, 3, 4, 5, 6, 7, 8, 9, 10, 11, 12, 13]}, {""name"": ""Lil Deafo"", ""credited_track_positions"": [1, 2, 3, 4, 5, 6, 7, 8, 9, 10, 11, 13], ""credited_track_count"": 12, ""leading_track_positions"": []}, {""name"": ""!Leo"", ""credited_track_positions"": [1, 2, 3, 4, 5, 6, 7, 8, 9, 10, 11, 13], ""credited_track_count"": 12, ""leading_track_positions"": []}, {""name"": ""Neemski"", ""credited_track_positions"": [2, 3, 9, 10, 11], ""credited_track_count"": 5, ""leading_track_positions"": []}, {""name"": ""Gucciflame"", ""credited_track_positions"": [4, 8, 10], ""credited_track_count"": 3, ""leading_track_positions"": []}, {""name"": ""rayan"", ""credited_track_positions"": [6, 10], ""credited_track_count"": 2, ""leading_track_positions"": []}, {""name"": ""Ashkan Kagan"", ""credited_track_positions"": [11, 12, 13], ""credited_track_count"": 3, ""leading_track_positions"": []}, {""name"": ""traptee"", ""credited_track_positions"": [11], ""credited_track_count"": 1, ""leading_track_positions"": []}]",All-track credit intersection plus exact per-track coverage; roles require owner review where ambiguous,"[{""id"": ""1HJDODAmzxWJcgVLewSpRt"", ""position"": 1, ""title"": ""Shabie Ma"", ""duration_seconds"": 138.671, ""artist_credits"": [{""id"": """", ""name"": ""Amin Tijay""}, {""id"": """", ""name"": ""Lil Deafo""}, {""id"": """", ""name"": ""!Leo""}]}, {""id"": ""0rXCgEvj9Sc3qWQlqXqjQJ"", ""position"": 2, ""title"": ""Bia Yadet Bedam Gang"", ""duration_seconds"": 187.448, ""artist_credits"": [{""id"": """", ""name"": ""Amin Tijay""}, {""id"": """", ""name"": ""Neemski""}, {""id"": """", ""name"": ""!Leo""}, {""id"": """", ""name"": ""Lil Deafo""}]}, {""id"": ""43dkVwRF4e9IdoVtLaxeVH"", ""position"": 3, ""title"": ""Swage Khodame"", ""duration_seconds"": 147.692, ""artist_credits"": [{""id"": """", ""name"": ""Amin Tijay""}, {""id"": """", ""name"": ""Neemski""}, {""id"": """", ""name"": ""Lil Deafo""}, {""id"": """", ""name"": ""!Leo""}]}, {""id"": ""53EVdZ5iYWbfL2e2BqPF3k"", ""position"": 4, ""title"": ""Haal Naram"", ""duration_seconds"": 171.2, ""artist_credits"": [{""id"": """", ""name"": ""Amin Tijay""}, {""id"": """", ""name"": ""!Leo""}, {""id"": """", ""name"": ""Lil Deafo""}, {""id"": """", ""name"": ""Gucciflame""}]}, {""id"": ""7D6l3O7vYW3GKo3tA5RzBk"", ""position"": 5, ""title"": ""Khomari"", ""duration_seconds"": 120.713, ""artist_credits"": [{""id"": """", ""name"": ""Amin Tijay""}, {""id"": """", ""name"": ""Lil Deafo""}, {""id"": """", ""name"": ""!Leo""}]}, {""id"": ""7tL45Gs5V5qcZ59YBHr8Xz"", ""position"": 6, ""title"": ""L1F3STYLE"", ""duration_seconds"": 187.307, ""artist_credits"": [{""id"": """", ""name"": ""Amin Tijay""}, {""id"": """", ""name"": ""Lil Deafo""}, {""id"": """", ""name"": ""!Leo""}, {""id"": """", ""name"": ""rayan""}]}, {""id"": ""3oy6ursNoqZW1p7BT9GbaQ"", ""position"": 7, ""title"": ""Underrated Freestyle"", ""duration_seconds"": 133.714, ""artist_credits"": [{""id"": """", ""name"": ""Amin Tijay""}, {""id"": """", ""name"": ""Lil Deafo""}, {""id"": """", ""name"": ""!Leo""}]}, {""id"": ""3QoTNBSIrNr8o0mJo6CTjL"", ""position"": 8, ""title"": ""Jason Freddy"", ""duration_seconds"": 226.053, ""artist_credits"": [{""id"": """", ""name"": ""Amin Tijay""}, {""id"": """", ""name"": ""!Leo""}, {""id"": """", ""name"": ""Lil Deafo""}, {""id"": """", ""name"": ""Gucciflame""}]}, {""id"": ""1d77Xx1dVUp5380LeJTzb8"", ""position"": 9, ""title"": ""TL"", ""duration_seconds"": 165.449, ""artist_credits"": [{""id"": """", ""name"": ""Amin Tijay""}, {""id"": """", ""name"": ""Neemski""}, {""id"": """", ""name"": ""Lil Deafo""}, {""id"": """", ""name"": ""!Leo""}]}, {""id"": ""48DSI7z14KSuLXzGJc8vti"", ""position"": 10, ""title"": ""1504"", ""duration_seconds"": 288.0, ""artist_credits"": [{""id"": """", ""name"": ""Amin Tijay""}, {""id"": """", ""name"": ""Neemski""}, {""id"": """", ""name"": ""rayan""}, {""id"": """", ""name"": ""Gucciflame""}, {""id"": """", ""name"": ""Lil Deafo""}, {""id"": """", ""name"": ""!Leo""}]}, {""id"": ""25f6AGLAh9uIG3seEimfjw"", ""position"": 11, ""title"": ""Fu**"", ""duration_seconds"": 179.586, ""artist_credits"": [{""id"": """", ""name"": ""Amin Tijay""}, {""id"": """", ""name"": ""Neemski""}, {""id"": """", ""name"": ""Ashkan Kagan""}, {""id"": """", ""name"": ""!Leo""}, {""id"": """", ""name"": ""Lil Deafo""}, {""id"": """", ""name"": ""traptee""}]}, {""id"": ""0y7BSn0EsJCGGeYASXp1WX"", ""position"": 12, ""title"": ""Doodi"", ""duration_seconds"": 187.687, ""artist_credits"": [{""id"": """", ""name"": ""Amin Tijay""}, {""id"": """", ""name"": ""Ashkan Kagan""}]}, {""id"": ""3eEsLsVPwMk3drY3ZPt1Mq"", ""position"": 13, ""title"": ""Tobeye Gorg"", ""duration_seconds"": 150.62, ""artist_credits"": [{""id"": """", ""name"": ""Amin Tijay""}, {""id"": """", ""name"": ""Ashkan Kagan""}, {""id"": """", ""name"": ""Lil Deafo""}, {""id"": """", ""name"": ""!Leo""}]}]",2026-10-04T14:26:30.202684+00:00,,not_rechecked,No matching media source established by the earlier bounded metadata checks; full recording untested,No full-acquisition evidence attached,False
2026-10-04T14:47:54.222104+00:00,5d89fcedcc1c01d5f9f00b533242e6d9045fbb0f,spotify:album:2ZmZaj0f8KSFdSiStWiHRr,spotify,2ZmZaj0f8KSFdSiStWiHRr,Devil May Cry (D.M.C),https://open.spotify.com/album/2ZmZaj0f8KSFdSiStWiHRr,LP,explicit_spotify_type,latest_candidate,[4],[],"[{""artist_id"": 4, ""artist"": ""Mamazi""}, {""artist_id"": 15, ""artist"": ""Canis""}, {""artist_id"": 29, ""artist"": ""Sohrab Mj""}, {""artist_id"": 99, ""artist"": ""Catchybeatz""}, {""artist_id"": 134, ""artist"": ""Alipasha""}, {""artist_id"": 136, ""artist"": ""Pouriya Adroit""}]",2025-04-15T00:00:00Z,19,"[{""id"": ""4L42EENVSu2ZE8cwhVVeh8"", ""name"": ""Mamazi""}]","[""Mamazi""]","[""Shayan Roohi"", ""Sohrab Mj"", ""Canis"", ""Pouriya Adroit"", ""Diata"", ""MJoobi"", ""Catchybeatz"", ""Pooyan JC"", ""Helma"", ""Alipasha"", ""Youngmili"", ""Imanemun"", ""Kambalad"", ""Ezza""]","[{""name"": ""Mamazi"", ""credited_track_positions"": [1, 2, 3, 4, 5, 6, 7, 8, 9, 10, 11, 12, 13, 14, 15, 16, 17, 18, 19], ""credited_track_count"": 19, ""leading_track_positions"": [1, 2, 3, 4, 5, 6, 7, 8, 9, 10, 11, 12, 13, 14, 15, 16, 17, 18, 19]}, {""name"": ""Shayan Roohi"", ""credited_track_positions"": [1, 2, 3, 4, 5, 7, 9, 10, 11, 12, 13, 14, 15, 16, 17, 18, 19], ""credited_track_count"": 17, ""leading_track_positions"": []}, {""name"": ""Sohrab Mj"", ""credited_track_positions"": [2], ""credited_track_count"": 1, ""leading_track_positions"": []}, {""name"": ""Canis"", ""credited_track_positions"": [3], ""credited_track_count"": 1, ""leading_track_positions"": []}, {""name"": ""Pouriya Adroit"", ""credited_track_positions"": [4], ""credited_track_count"": 1, ""leading_track_positions"": []}, {""name"": ""Diata"", ""credited_track_positions"": [6], ""credited_track_count"": 1, ""leading_track_positions"": []}, {""name"": ""MJoobi"", ""credited_track_positions"": [6], ""credited_track_count"": 1, ""leading_track_positions"": []}, {""name"": ""Catchybeatz"", ""credited_track_positions"": [8], ""credited_track_count"": 1, ""leading_track_positions"": []}, {""name"": ""Pooyan JC"", ""credited_track_positions"": [9], ""credited_track_count"": 1, ""leading_track_positions"": []}, {""name"": ""Helma"", ""credited_track_positions"": [10], ""credited_track_count"": 1, ""leading_track_positions"": []}, {""name"": ""Alipasha"", ""credited_track_positions"": [12], ""credited_track_count"": 1, ""leading_track_positions"": []}, {""name"": ""Youngmili"", ""credited_track_positions"": [13], ""credited_track_count"": 1, ""leading_track_positions"": []}, {""name"": ""Imanemun"", ""credited_track_positions"": [14], ""credited_track_count"": 1, ""leading_track_positions"": []}, {""name"": ""Kambalad"", ""credited_track_positions"": [15], ""credited_track_count"": 1, ""leading_track_positions"": []}, {""name"": ""Ezza"", ""credited_track_positions"": [18], ""credited_track_count"": 1, ""leading_track_positions"": []}]",All-track credit intersection plus exact per-track coverage; roles require owner review where ambiguous,"[{""id"": ""7zbbNS9rooXYUNWhZy3QnZ"", ""position"": 1, ""title"": ""Haminja"", ""duration_seconds"": 209.397, ""artist_credits"": [{""id"": """", ""name"": ""Mamazi""}, {""id"": """", ""name"": ""Shayan Roohi""}]}, {""id"": ""6OjoGeMmZ1SrzCXNoAlS8E"", ""position"": 2, ""title"": ""Faseleh"", ""duration_seconds"": 211.432, ""artist_credits"": [{""id"": """", ""name"": ""Mamazi""}, {""id"": """", ""name"": ""Sohrab Mj""}, {""id"": """", ""name"": ""Shayan Roohi""}]}, {""id"": ""3TRf2CN5PrE9OaLhCETa1Z"", ""position"": 3, ""title"": ""Hate Me Now"", ""duration_seconds"": 149.368, ""artist_credits"": [{""id"": """", ""name"": ""Mamazi""}, {""id"": """", ""name"": ""Canis""}, {""id"": """", ""name"": ""Shayan Roohi""}]}, {""id"": ""3yfaUqBpv3iuPhv8cmIqMz"", ""position"": 4, ""title"": ""Streets"", ""duration_seconds"": 132.466, ""artist_credits"": [{""id"": """", ""name"": ""Mamazi""}, {""id"": """", ""name"": ""Pouriya Adroit""}, {""id"": """", ""name"": ""Shayan Roohi""}]}, {""id"": ""2iie5hNA846r44VIOKwuMD"", ""position"": 5, ""title"": ""Ghoroob"", ""duration_seconds"": 148.558, ""artist_credits"": [{""id"": """", ""name"": ""Mamazi""}, {""id"": """", ""name"": ""Shayan Roohi""}]}, {""id"": ""5pl7tVFpKSiqh4wHS7afzS"", ""position"": 6, ""title"": ""Khodaye Asemoona"", ""duration_seconds"": 290.742, ""artist_credits"": [{""id"": """", ""name"": ""Mamazi""}, {""id"": """", ""name"": ""Diata""}, {""id"": """", ""name"": ""MJoobi""}]}, {""id"": ""7erGj8uVslYTKgNEHtGVjs"", ""position"": 7, ""title"": ""Sargijeh"", ""duration_seconds"": 192.47, ""artist_credits"": [{""id"": """", ""name"": ""Mamazi""}, {""id"": """", ""name"": ""Shayan Roohi""}]}, {""id"": ""1kXm5ixWj0mV9080ZuezAb"", ""position"": 8, ""title"": ""Fucked Up"", ""duration_seconds"": 183.902, ""artist_credits"": [{""id"": """", ""name"": ""Mamazi""}, {""id"": """", ""name"": ""Catchybeatz""}]}, {""id"": ""1LapVtB4h32dkPgv4mut7n"", ""position"": 9, ""title"": ""Adame Khoob Adame Bad"", ""duration_seconds"": 143.36, ""artist_credits"": [{""id"": """", ""name"": ""Mamazi""}, {""id"": """", ""name"": ""Pooyan JC""}, {""id"": """", ""name"": ""Shayan Roohi""}]}, {""id"": ""0fmKebpoQxCkaHsjcMwBvR"", ""position"": 10, ""title"": ""Mage Mishe?!"", ""duration_seconds"": 196.205, ""artist_credits"": [{""id"": """", ""name"": ""Mamazi""}, {""id"": """", ""name"": ""Helma""}, {""id"": """", ""name"": ""Shayan Roohi""}]}, {""id"": ""5QibH4OfPB7au4i79JPsLp"", ""position"": 11, ""title"": ""Hale Khoob"", ""duration_seconds"": 141.426, ""artist_credits"": [{""id"": """", ""name"": ""Mamazi""}, {""id"": """", ""name"": ""Shayan Roohi""}]}, {""id"": ""418lC61LXzhrfATJtldSLW"", ""position"": 12, ""title"": ""To Chikar Kardi"", ""duration_seconds"": 211.147, ""artist_credits"": [{""id"": """", ""name"": ""Mamazi""}, {""id"": """", ""name"": ""Alipasha""}, {""id"": """", ""name"": ""Shayan Roohi""}]}, {""id"": ""1ekYe1spHCG7s5hCujBjU9"", ""position"": 13, ""title"": ""Chale"", ""duration_seconds"": 136.907, ""artist_credits"": [{""id"": """", ""name"": ""Mamazi""}, {""id"": """", ""name"": ""Youngmili""}, {""id"": """", ""name"": ""Shayan Roohi""}]}, {""id"": ""4DTGREbdf11s55OPPjWOFz"", ""position"": 14, ""title"": ""Tasvir"", ""duration_seconds"": 139.206, ""artist_credits"": [{""id"": """", ""name"": ""Mamazi""}, {""id"": """", ""name"": ""Imanemun""}, {""id"": """", ""name"": ""Shayan Roohi""}]}, {""id"": ""7L5Tl52tmwwWA3lnryUwKe"", ""position"": 15, ""title"": ""Jahan"", ""duration_seconds"": 175.229, ""artist_credits"": [{""id"": """", ""name"": ""Mamazi""}, {""id"": """", ""name"": ""Kambalad""}, {""id"": """", ""name"": ""Shayan Roohi""}]}, {""id"": ""7u1FFHKEf2qGWv1z7yrNg9"", ""position"": 16, ""title"": ""Yadegari"", ""duration_seconds"": 162.063, ""artist_credits"": [{""id"": """", ""name"": ""Mamazi""}, {""id"": """", ""name"": ""Shayan Roohi""}]}, {""id"": ""26OFJ4QtjicCUcvmKIDEIE"", ""position"": 17, ""title"": ""Ex - Remix"", ""duration_seconds"": 173.348, ""artist_credits"": [{""id"": """", ""name"": ""Mamazi""}, {""id"": """", ""name"": ""Shayan Roohi""}]}, {""id"": ""3JBgBkJyW3aDEM9MPQzrXA"", ""position"": 18, ""title"": ""Ghobar"", ""duration_seconds"": 165.381, ""artist_credits"": [{""id"": """", ""name"": ""Mamazi""}, {""id"": """", ""name"": ""Ezza""}, {""id"": """", ""name"": ""Shayan Roohi""}]}, {""id"": ""6Olt7E84fPBDDEQb7PwvKf"", ""position"": 19, ""title"": ""Kasebaye (L.O.C)"", ""duration_seconds"": 128.0, ""artist_credits"": [{""id"": """", ""name"": ""Mamazi""}, {""id"": """", ""name"": ""Shayan Roohi""}]}]",2026-10-04T14:26:35.099363+00:00,,not_rechecked,No matching media source established by the earlier bounded metadata checks; full recording untested,No full-acquisition evidence attached,False
2026-10-04T14:47:54.222104+00:00,5d89fcedcc1c01d5f9f00b533242e6d9045fbb0f,spotify:album:7nbBAMwJArumwlmp2AM2SR,spotify,7nbBAMwJArumwlmp2AM2SR,MIRAS,https://open.spotify.com/album/7nbBAMwJArumwlmp2AM2SR,LP,explicit_spotify_type,latest_candidate,[5],[],"[{""artist_id"": 5, ""artist"": ""Sajad Shahi""}, {""artist_id"": 103, ""artist"": ""Dariu$h""}, {""artist_id"": 116, ""artist"": ""Ali Geramy""}, {""artist_id"": 131, ""artist"": ""Matin Fattahi""}]",2025-08-01T00:00:00Z,10,"[{""id"": ""3VzZOmXc8pZRfNxoiliE1A"", ""name"": ""Sajad Shahi""}]","[""Sajad Shahi""]","[""Dariu$h"", ""6ehtash"", ""Moreshahin"", ""Danzzy"", ""Matin Fattahi"", ""NoTsH"", ""Ali Geramy""]","[{""name"": ""Sajad Shahi"", ""credited_track_positions"": [1, 2, 3, 4, 5, 6, 7, 8, 9, 10], ""credited_track_count"": 10, ""leading_track_positions"": [1, 2, 3, 4, 5, 6, 7, 8, 9, 10]}, {""name"": ""Dariu$h"", ""credited_track_positions"": [3], ""credited_track_count"": 1, ""leading_track_positions"": []}, {""name"": ""6ehtash"", ""credited_track_positions"": [3], ""credited_track_count"": 1, ""leading_track_positions"": []}, {""name"": ""Moreshahin"", ""credited_track_positions"": [4], ""credited_track_count"": 1, ""leading_track_positions"": []}, {""name"": ""Danzzy"", ""credited_track_positions"": [5, 7], ""credited_track_count"": 2, ""leading_track_positions"": []}, {""name"": ""Matin Fattahi"", ""credited_track_positions"": [6], ""credited_track_count"": 1, ""leading_track_positions"": []}, {""name"": ""NoTsH"", ""credited_track_positions"": [6], ""credited_track_count"": 1, ""leading_track_positions"": []}, {""name"": ""Ali Geramy"", ""credited_track_positions"": [7], ""credited_track_count"": 1, ""leading_track_positions"": []}]",All-track credit intersection plus exact per-track coverage; roles require owner review where ambiguous,"[{""id"": ""5CWYJmnCJCP3C0BKDIzGeO"", ""position"": 1, ""title"": ""MIRAS"", ""duration_seconds"": 165.007, ""artist_credits"": [{""id"": """", ""name"": ""Sajad Shahi""}]}, {""id"": ""44H6Qek39H1FKr0ETDEz7D"", ""position"": 2, ""title"": ""POP"", ""duration_seconds"": 170.009, ""artist_credits"": [{""id"": """", ""name"": ""Sajad Shahi""}]}, {""id"": ""3En0pgUFX5CGbKFrQZetKr"", ""position"": 3, ""title"": ""TASLIAT"", ""duration_seconds"": 254.006, ""artist_credits"": [{""id"": """", ""name"": ""Sajad Shahi""}, {""id"": """", ""name"": ""Dariu$h""}, {""id"": """", ""name"": ""6ehtash""}]}, {""id"": ""4IKHUkWOn1fUXiInN8qZk0"", ""position"": 4, ""title"": ""FALL"", ""duration_seconds"": 201.005, ""artist_credits"": [{""id"": """", ""name"": ""Sajad Shahi""}, {""id"": """", ""name"": ""Moreshahin""}]}, {""id"": ""1BGrRTshaXwRCIPJXHAGky"", ""position"": 5, ""title"": ""HARIFAM NI"", ""duration_seconds"": 183.006, ""artist_credits"": [{""id"": """", ""name"": ""Sajad Shahi""}, {""id"": """", ""name"": ""Danzzy""}]}, {""id"": ""5I0KbH9YUAZcf6E9N7or1F"", ""position"": 6, ""title"": ""TRAGEDY"", ""duration_seconds"": 180.005, ""artist_credits"": [{""id"": """", ""name"": ""Sajad Shahi""}, {""id"": """", ""name"": ""Matin Fattahi""}, {""id"": """", ""name"": ""NoTsH""}]}, {""id"": ""3mLs36ekebXa7xAx6JqEtW"", ""position"": 7, ""title"": ""UPSET"", ""duration_seconds"": 162.005, ""artist_credits"": [{""id"": """", ""name"": ""Sajad Shahi""}, {""id"": """", ""name"": ""Ali Geramy""}, {""id"": """", ""name"": ""Danzzy""}]}, {""id"": ""01pc8ZwNeOPDcHjc3voTnL"", ""position"": 8, ""title"": ""RAKAB"", ""duration_seconds"": 172.006, ""artist_credits"": [{""id"": """", ""name"": ""Sajad Shahi""}]}, {""id"": ""6QhbQYahD65bx532OgYvF8"", ""position"": 9, ""title"": ""MORD"", ""duration_seconds"": 155.0, ""artist_credits"": [{""id"": """", ""name"": ""Sajad Shahi""}]}, {""id"": ""1uvg54m4pmp2ja1OqkWx3a"", ""position"": 10, ""title"": ""BORO"", ""duration_seconds"": 140.208, ""artist_credits"": [{""id"": """", ""name"": ""Sajad Shahi""}]}]",2026-10-04T14:26:37.814337+00:00,,not_rechecked,No matching media source established by the earlier bounded metadata checks; full recording untested,No full-acquisition evidence attached,False
2026-10-04T14:47:54.222104+00:00,5d89fcedcc1c01d5f9f00b533242e6d9045fbb0f,spotify:album:34Th2FiVSnbZbUxsop0PBo,spotify,34Th2FiVSnbZbUxsop0PBo,Shahre Moon,https://open.spotify.com/album/34Th2FiVSnbZbUxsop0PBo,LP,explicit_spotify_type,latest_candidate,[7],[],"[{""artist_id"": 6, ""artist"": ""Sinazza""}, {""artist_id"": 7, ""artist"": ""Hoomaan""}, {""artist_id"": 16, ""artist"": ""Sijal""}, {""artist_id"": 114, ""artist"": ""Young Sudden""}, {""artist_id"": 119, ""artist"": ""Arman Miladi""}, {""artist_id"": 124, ""artist"": ""Arown""}, {""artist_id"": 132, ""artist"": ""021kid""}]",2023-06-09T00:00:00Z,13,"[{""id"": ""6UJS43T8NPhmWmmpFY0hzP"", ""name"": ""Hoomaan""}]","[""Hoomaan""]","[""Arman Miladi"", ""Arown"", ""Sijal"", ""Young Sudden"", ""Sinazza"", ""021Kid""]","[{""name"": ""Hoomaan"", ""credited_track_positions"": [1, 2, 3, 4, 5, 6, 7, 8, 9, 10, 11, 12, 13], ""credited_track_count"": 13, ""leading_track_positions"": [1, 2, 3, 4, 5, 6, 7, 8, 9, 10, 11, 12, 13]}, {""name"": ""Arman Miladi"", ""credited_track_positions"": [1, 2, 3, 9], ""credited_track_count"": 4, ""leading_track_positions"": []}, {""name"": ""Arown"", ""credited_track_positions"": [3], ""credited_track_count"": 1, ""leading_track_positions"": []}, {""name"": ""Sijal"", ""credited_track_positions"": [5], ""credited_track_count"": 1, ""leading_track_positions"": []}, {""name"": ""Young Sudden"", ""credited_track_positions"": [7], ""credited_track_count"": 1, ""leading_track_positions"": []}, {""name"": ""Sinazza"", ""credited_track_positions"": [7], ""credited_track_count"": 1, ""leading_track_positions"": []}, {""name"": ""021Kid"", ""credited_track_positions"": [11], ""credited_track_count"": 1, ""leading_track_positions"": []}]",All-track credit intersection plus exact per-track coverage; roles require owner review where ambiguous,"[{""id"": ""14iFHM2RfBZqpyfi9AKdtl"", ""position"": 1, ""title"": ""Shahre Moon"", ""duration_seconds"": 164.179, ""artist_credits"": [{""id"": """", ""name"": ""Hoomaan""}, {""id"": """", ""name"": ""Arman Miladi""}]}, {""id"": ""6H9sPxi5D7IYcOQgq7bBeL"", ""position"": 2, ""title"": ""Zire Aftabe Tabestoon"", ""duration_seconds"": 147.147, ""artist_credits"": [{""id"": """", ""name"": ""Hoomaan""}, {""id"": """", ""name"": ""Arman Miladi""}]}, {""id"": ""76sJWeHtyg4LCVuJzy2JjS"", ""position"": 3, ""title"": ""ShakheGol"", ""duration_seconds"": 172.251, ""artist_credits"": [{""id"": """", ""name"": ""Hoomaan""}, {""id"": """", ""name"": ""Arman Miladi""}, {""id"": """", ""name"": ""Arown""}]}, {""id"": ""19ylPYl53F6TAbSlK8WTZ4"", ""position"": 4, ""title"": ""Parvaneha"", ""duration_seconds"": 174.524, ""artist_credits"": [{""id"": """", ""name"": ""Hoomaan""}]}, {""id"": ""08sfRx1LwATblMBU5dqcx6"", ""position"": 5, ""title"": ""Dare Mire"", ""duration_seconds"": 226.312, ""artist_credits"": [{""id"": """", ""name"": ""Hoomaan""}, {""id"": """", ""name"": ""Sijal""}]}, {""id"": ""3EV4Pkn9hh2p81urg4XjCl"", ""position"": 6, ""title"": ""Bebinam Khandato"", ""duration_seconds"": 127.895, ""artist_credits"": [{""id"": """", ""name"": ""Hoomaan""}]}, {""id"": ""2C857idcSp8fhSk0KFGUMp"", ""position"": 7, ""title"": ""Alaki Khoshim"", ""duration_seconds"": 213.655, ""artist_credits"": [{""id"": """", ""name"": ""Hoomaan""}, {""id"": """", ""name"": ""Young Sudden""}, {""id"": """", ""name"": ""Sinazza""}]}, {""id"": ""4KBYl44uM2giZf7mSlMKQ5"", ""position"": 8, ""title"": ""Donyaye Siah"", ""duration_seconds"": 156.055, ""artist_credits"": [{""id"": """", ""name"": ""Hoomaan""}]}, {""id"": ""5MqFl58hDVIkWohEV3mdry"", ""position"": 9, ""title"": ""Oghyanus"", ""duration_seconds"": 236.303, ""artist_credits"": [{""id"": """", ""name"": ""Hoomaan""}, {""id"": """", ""name"": ""Arman Miladi""}]}, {""id"": ""5B1VwCMIXE0wz49hkOwwxi"", ""position"": 10, ""title"": ""In Shahre Mane"", ""duration_seconds"": 171.833, ""artist_credits"": [{""id"": """", ""name"": ""Hoomaan""}]}, {""id"": ""1Y1XzhyBm77KljUAxDu6FS"", ""position"": 11, ""title"": ""Baby"", ""duration_seconds"": 179.67, ""artist_credits"": [{""id"": """", ""name"": ""Hoomaan""}, {""id"": """", ""name"": ""021Kid""}]}, {""id"": ""3xu4WEOnzBtENrIWFWOvy3"", ""position"": 12, ""title"": ""Fekr Mikone Tanhast"", ""duration_seconds"": 194.377, ""artist_credits"": [{""id"": """", ""name"": ""Hoomaan""}]}, {""id"": ""6UnRM2BbtVrPpOmMwpZdzj"", ""position"": 13, ""title"": ""Outro (Zire Asemoone Shahre Moon)"", ""duration_seconds"": 178.808, ""artist_credits"": [{""id"": """", ""name"": ""Hoomaan""}]}]",2026-10-04T14:26:39.665041+00:00,,not_rechecked,No matching media source established by the earlier bounded metadata checks; full recording untested,No full-acquisition evidence attached,False
2026-10-04T14:47:54.222104+00:00,5d89fcedcc1c01d5f9f00b533242e6d9045fbb0f,spotify:album:3ElC9tdBi3mZJDNtJsktSt,spotify,3ElC9tdBi3mZJDNtJsktSt,Concert Type (Vol. 1),https://open.spotify.com/album/3ElC9tdBi3mZJDNtJsktSt,LP,explicit_spotify_type,latest_candidate,[8],[],"[{""artist_id"": 8, ""artist"": ""Vinak""}]",2026-08-27T00:00:00Z,7,"[{""id"": ""1sKlyO3CCEvjeTN6Uck39S"", ""name"": ""Vinak""}]","[""Vinak""]",[],"[{""name"": ""Vinak"", ""credited_track_positions"": [1, 2, 3, 4, 5, 6, 7], ""credited_track_count"": 7, ""leading_track_positions"": [1, 2, 3, 4, 5, 6, 7]}]",All-track credit intersection plus exact per-track coverage; roles require owner review where ambiguous,"[{""id"": ""673wb5QW6XKrOGVRWTX8vq"", ""position"": 1, ""title"": ""Mi Vida Loca"", ""duration_seconds"": 250.867, ""artist_credits"": [{""id"": """", ""name"": ""Vinak""}]}, {""id"": ""6iRRw4O5nVSSBMdoy1qSnw"", ""position"": 2, ""title"": ""Baila Conmigo"", ""duration_seconds"": 214.453, ""artist_credits"": [{""id"": """", ""name"": ""Vinak""}]}, {""id"": ""0OdLuRVn8bScvOXgYHRVus"", ""position"": 3, ""title"": ""Yadetam"", ""duration_seconds"": 208.43, ""artist_credits"": [{""id"": """", ""name"": ""Vinak""}]}, {""id"": ""2bodOoTI6jKxiInL45kGxw"", ""position"": 4, ""title"": ""Shot Biriz"", ""duration_seconds"": 229.777, ""artist_credits"": [{""id"": """", ""name"": ""Vinak""}]}, {""id"": ""4JzmApZ4FYHUD6D35DTCju"", ""position"": 5, ""title"": ""Delgire"", ""duration_seconds"": 269.549, ""artist_credits"": [{""id"": """", ""name"": ""Vinak""}]}, {""id"": ""4zREf5jL8aO9OqqXEpUDmE"", ""position"": 6, ""title"": ""Bi Setare"", ""duration_seconds"": 220.853, ""artist_credits"": [{""id"": """", ""name"": ""Vinak""}]}, {""id"": ""2aOd3ApORBUlarcJ2zsbVg"", ""position"": 7, ""title"": ""Candy"", ""duration_seconds"": 207.2, ""artist_credits"": [{""id"": """", ""name"": ""Vinak""}]}]",2026-10-04T14:26:40.538622+00:00,,not_rechecked,No matching media source established by the earlier bounded metadata checks; full recording untested,No full-acquisition evidence attached,False
2026-10-04T14:47:54.222104+00:00,5d89fcedcc1c01d5f9f00b533242e6d9045fbb0f,spotify:album:52qjd27T8RrB5vIvqIMKnE,spotify,52qjd27T8RrB5vIvqIMKnE,YOUNG MORVARID,https://open.spotify.com/album/52qjd27T8RrB5vIvqIMKnE,LP,explicit_spotify_type,latest_candidate,[9],[],"[{""artist_id"": 9, ""artist"": ""Dorcci""}]",2025-02-21T00:00:00Z,12,"[{""id"": ""6jj9lOTeZC28LkPoXK9hiT"", ""name"": ""Dorcci""}]","[""Dorcci""]",[],"[{""name"": ""Dorcci"", ""credited_track_positions"": [1, 2, 3, 4, 5, 6, 7, 8, 9, 10, 11, 12], ""credited_track_count"": 12, ""leading_track_positions"": [1, 2, 3, 4, 5, 6, 7, 8, 9, 10, 11, 12]}]",All-track credit intersection plus exact per-track coverage; roles require owner review where ambiguous,"[{""id"": ""4CGtflVJcUQ7QNAis0f9NJ"", ""position"": 1, ""title"": ""GONAH"", ""duration_seconds"": 232.25, ""artist_credits"": [{""id"": """", ""name"": ""Dorcci""}]}, {""id"": ""28iQJT2zxEawZAHv654v2L"", ""position"": 2, ""title"": ""BE KOJA RESIDI"", ""duration_seconds"": 216.137, ""artist_credits"": [{""id"": """", ""name"": ""Dorcci""}]}, {""id"": ""4ZWRgik6RivKSPpKupcq0G"", ""position"": 3, ""title"": ""H2CO3"", ""duration_seconds"": 136.744, ""artist_credits"": [{""id"": """", ""name"": ""Dorcci""}]}, {""id"": ""0MTom2UEtLbyZT38xJcdzd"", ""position"": 4, ""title"": ""YELLOW"", ""duration_seconds"": 192.25, ""artist_credits"": [{""id"": """", ""name"": ""Dorcci""}]}, {""id"": ""1zI22UXrPBomUrHob9GmpB"", ""position"": 5, ""title"": ""BAD FREESTYLE"", ""duration_seconds"": 208.369, ""artist_credits"": [{""id"": """", ""name"": ""Dorcci""}]}, {""id"": ""0PKPZT6GXvkDFsbERiSO1w"", ""position"": 6, ""title"": ""BAD MAST"", ""duration_seconds"": 203.3, ""artist_credits"": [{""id"": """", ""name"": ""Dorcci""}]}, {""id"": ""1ehcLnEqpvS2pSJ1VmsRJR"", ""position"": 7, ""title"": ""RED"", ""duration_seconds"": 176.024, ""artist_credits"": [{""id"": """", ""name"": ""Dorcci""}]}, {""id"": ""71gsLbf8iQV7M5JhU0WOI1"", ""position"": 8, ""title"": ""TOO LATE"", ""duration_seconds"": 139.156, ""artist_credits"": [{""id"": """", ""name"": ""Dorcci""}]}, {""id"": ""10MsfNE6w1kaQGGbOvG3cw"", ""position"": 9, ""title"": ""DIVOONE"", ""duration_seconds"": 133.86, ""artist_credits"": [{""id"": """", ""name"": ""Dorcci""}]}, {""id"": ""1YFAi3Mxuofp5tOUao2oaJ"", ""position"": 10, ""title"": ""ADDI"", ""duration_seconds"": 233.6, ""artist_credits"": [{""id"": """", ""name"": ""Dorcci""}]}, {""id"": ""0Gy6zmPCoE9m9gdjIm06Uo"", ""position"": 11, ""title"": ""YOUNG MORVARID"", ""duration_seconds"": 168.333, ""artist_credits"": [{""id"": """", ""name"": ""Dorcci""}]}, {""id"": ""0ji24AgGsswuWz6JyQeRAq"", ""position"": 12, ""title"": ""BOY"", ""duration_seconds"": 167.327, ""artist_credits"": [{""id"": """", ""name"": ""Dorcci""}]}]",2026-10-04T14:26:43.550903+00:00,,not_rechecked,No matching media source established by the earlier bounded metadata checks; full recording untested,No full-acquisition evidence attached,False
2026-10-04T14:47:54.222104+00:00,5d89fcedcc1c01d5f9f00b533242e6d9045fbb0f,spotify:album:3FyXcxmpYzwXy0ZE76Oy7P,spotify,3FyXcxmpYzwXy0ZE76Oy7P,Enhelale Label,https://open.spotify.com/album/3FyXcxmpYzwXy0ZE76Oy7P,EP,classification_review,latest_candidate,[10],[],"[{""artist_id"": 10, ""artist"": ""Hiphopologist""}]",2026-07-11T00:00:00Z,1,"[{""id"": ""45YMrIBH74j8e2wNlRSSdK"", ""name"": ""Hiphopologist""}]","[""Hiphopologist""]",[],"[{""name"": ""Hiphopologist"", ""credited_track_positions"": [1], ""credited_track_count"": 1, ""leading_track_positions"": [1]}]",All-track credit intersection plus exact per-track coverage; roles require owner review where ambiguous,"[{""id"": ""6iyO2x78b3X7TdnilJPtCE"", ""position"": 1, ""title"": ""Enhelale Label"", ""duration_seconds"": 522.937, ""artist_credits"": [{""id"": """", ""name"": ""Hiphopologist""}]}]",2026-10-04T14:26:44.492328+00:00,Spotify explicitly labels an extended one-track release EP; independent explicit release classification was not corroborated; do not infer Single from track count,not_rechecked,No matching media source established by the earlier bounded metadata checks; full recording untested,No full-acquisition evidence attached,False
2026-10-04T14:47:54.222104+00:00,5d89fcedcc1c01d5f9f00b533242e6d9045fbb0f,spotify:album:6fNHYJD6cQh0U5bMW6ArBj,spotify,6fNHYJD6cQh0U5bMW6ArBj,Heart Attack,https://open.spotify.com/album/6fNHYJD6cQh0U5bMW6ArBj,LP,explicit_spotify_type,unambiguous_alternative,[],[10],"[{""artist_id"": 10, ""artist"": ""Hiphopologist""}]",2025-11-12T00:00:00Z,10,"[{""id"": ""45YMrIBH74j8e2wNlRSSdK"", ""name"": ""Hiphopologist""}]","[""Hiphopologist""]","[""Sorrybahar""]","[{""name"": ""Hiphopologist"", ""credited_track_positions"": [1, 2, 3, 4, 5, 6, 7, 8, 9, 10], ""credited_track_count"": 10, ""leading_track_positions"": [1, 2, 3, 4, 5, 6, 7, 8, 9, 10]}, {""name"": ""Sorrybahar"", ""credited_track_positions"": [1], ""credited_track_count"": 1, ""leading_track_positions"": []}]",All-track credit intersection plus exact per-track coverage; roles require owner review where ambiguous,"[{""id"": ""00iMQNXdhdWRV8loL5Mtvj"", ""position"": 1, ""title"": ""Heart Attack"", ""duration_seconds"": 216.666, ""artist_credits"": [{""id"": """", ""name"": ""Hiphopologist""}, {""id"": """", ""name"": ""Sorrybahar""}]}, {""id"": ""0ci6yIrRv0KBa9a3A2VKuh"", ""position"": 2, ""title"": ""Gharibe"", ""duration_seconds"": 227.368, ""artist_credits"": [{""id"": """", ""name"": ""Hiphopologist""}]}, {""id"": ""4N4384bHdmtpYfovoKSYJw"", ""position"": 3, ""title"": ""Darya"", ""duration_seconds"": 213.333, ""artist_credits"": [{""id"": """", ""name"": ""Hiphopologist""}]}, {""id"": ""41YC4CY2aNvUOfseJPXtfl"", ""position"": 4, ""title"": ""Xanax Pfizer"", ""duration_seconds"": 301.5, ""artist_credits"": [{""id"": """", ""name"": ""Hiphopologist""}]}, {""id"": ""5ezTJtkQHfnbI2c2jDG3Va"", ""position"": 5, ""title"": ""Sareto Bala Begir - Interlude"", ""duration_seconds"": 195.348, ""artist_credits"": [{""id"": """", ""name"": ""Hiphopologist""}]}, {""id"": ""7mFSM2JZ6DAxfJiwmmowEL"", ""position"": 6, ""title"": ""Ex"", ""duration_seconds"": 171.089, ""artist_credits"": [{""id"": """", ""name"": ""Hiphopologist""}]}, {""id"": ""6uA5z4fBPjo28BZPqeQWHU"", ""position"": 7, ""title"": ""2 Dasty"", ""duration_seconds"": 185.806, ""artist_credits"": [{""id"": """", ""name"": ""Hiphopologist""}]}, {""id"": ""5zonGL0NsnMgO1Capw9eSE"", ""position"": 8, ""title"": ""Kenarie Ranande"", ""duration_seconds"": 157.772, ""artist_credits"": [{""id"": """", ""name"": ""Hiphopologist""}]}, {""id"": ""0sqAyvqlhlzbFBH5ZKSHXc"", ""position"": 9, ""title"": ""Arum Bekhab"", ""duration_seconds"": 195.254, ""artist_credits"": [{""id"": """", ""name"": ""Hiphopologist""}]}, {""id"": ""3cMxbYmdwf10ZgvH5Cy4Ss"", ""position"": 10, ""title"": ""Pishgoo"", ""duration_seconds"": 278.696, ""artist_credits"": [{""id"": """", ""name"": ""Hiphopologist""}]}]",2026-10-04T14:26:45.402047+00:00,,not_rechecked,Not probed; metadata-only alternative,No attached acquisition evidence,False
2026-10-04T14:47:54.222104+00:00,5d89fcedcc1c01d5f9f00b533242e6d9045fbb0f,spotify:album:00lH6uNeOKJfwyckC9toxJ,spotify,00lH6uNeOKJfwyckC9toxJ,Mochale,https://open.spotify.com/album/00lH6uNeOKJfwyckC9toxJ,EP,explicit_spotify_type,latest_candidate,[11],[],"[{""artist_id"": 11, ""artist"": ""Chvrsi""}]",2026-06-13T00:00:00Z,6,"[{""id"": ""7Hj58arwOvp6exTny9r5Ie"", ""name"": ""Chvrsi""}, {""id"": ""3M0JTKdBIakKzhlULiqBKT"", ""name"": ""Mors""}]","[""Chvrsi"", ""Mors""]","[""EyeNaz""]","[{""name"": ""Chvrsi"", ""credited_track_positions"": [1, 2, 3, 4, 5, 6], ""credited_track_count"": 6, ""leading_track_positions"": [1, 2, 3, 4, 5, 6]}, {""name"": ""Mors"", ""credited_track_positions"": [1, 2, 3, 4, 5, 6], ""credited_track_count"": 6, ""leading_track_positions"": []}, {""name"": ""EyeNaz"", ""credited_track_positions"": [2], ""credited_track_count"": 1, ""leading_track_positions"": []}]",All-track credit intersection plus exact per-track coverage; roles require owner review where ambiguous,"[{""id"": ""6fV7tVlDkDxgpKGEKMBNTM"", ""position"": 1, ""title"": ""Pak O Pare"", ""duration_seconds"": 119.942, ""artist_credits"": [{""id"": """", ""name"": ""Chvrsi""}, {""id"": """", ""name"": ""Mors""}]}, {""id"": ""1FzL8nS5ksjSRYtEXDTkjv"", ""position"": 2, ""title"": ""Paeiz"", ""duration_seconds"": 172.805, ""artist_credits"": [{""id"": """", ""name"": ""Chvrsi""}, {""id"": """", ""name"": ""Mors""}, {""id"": """", ""name"": ""EyeNaz""}]}, {""id"": ""7sqEBzuyO96tHUkhh5brFN"", ""position"": 3, ""title"": ""10 Salegi"", ""duration_seconds"": 133.268, ""artist_credits"": [{""id"": """", ""name"": ""Chvrsi""}, {""id"": """", ""name"": ""Mors""}]}, {""id"": ""6y9s4WRKuLfYNqVk7S6ow2"", ""position"": 4, ""title"": ""Digital"", ""duration_seconds"": 195.003, ""artist_credits"": [{""id"": """", ""name"": ""Chvrsi""}, {""id"": """", ""name"": ""Mors""}]}, {""id"": ""5z8gMqGfcmpt5S2sDetYbH"", ""position"": 5, ""title"": ""Rade Pa"", ""duration_seconds"": 120.636, ""artist_credits"": [{""id"": """", ""name"": ""Chvrsi""}, {""id"": """", ""name"": ""Mors""}]}, {""id"": ""2sjhMVgf0uEoWFaMnWnUN5"", ""position"": 6, ""title"": ""Chapter"", ""duration_seconds"": 137.722, ""artist_credits"": [{""id"": """", ""name"": ""Chvrsi""}, {""id"": """", ""name"": ""Mors""}]}]",2026-10-04T14:26:47.337000+00:00,,not_rechecked,No matching media source established by the earlier bounded metadata checks; full recording untested,No full-acquisition evidence attached,False
2026-10-04T14:47:54.222104+00:00,5d89fcedcc1c01d5f9f00b533242e6d9045fbb0f,spotify:album:4kusQzCYYlUcIgZnL3bH36,spotify,4kusQzCYYlUcIgZnL3bH36,Az Khoda Betars,https://open.spotify.com/album/4kusQzCYYlUcIgZnL3bH36,LP,explicit_spotify_type,latest_candidate,[12],[],"[{""artist_id"": 12, ""artist"": ""Poori""}]",2025-06-04T00:00:00Z,12,"[{""id"": ""5uEEhLt2ETeApnvs40MOxk"", ""name"": ""Poori""}]","[""Poori""]",[],"[{""name"": ""Poori"", ""credited_track_positions"": [1, 2, 3, 4, 5, 6, 7, 8, 9, 10, 11, 12], ""credited_track_count"": 12, ""leading_track_positions"": [1, 2, 3, 4, 5, 6, 7, 8, 9, 10, 11, 12]}]",All-track credit intersection plus exact per-track coverage; roles require owner review where ambiguous,"[{""id"": ""0uOdEHCym5uRsgsijyfE3M"", ""position"": 1, ""title"": ""Made in God"", ""duration_seconds"": 129.186, ""artist_credits"": [{""id"": """", ""name"": ""Poori""}]}, {""id"": ""20oMxtjK9hRD9xkpZLq0bf"", ""position"": 2, ""title"": ""Ya Ali"", ""duration_seconds"": 180.0, ""artist_credits"": [{""id"": """", ""name"": ""Poori""}]}, {""id"": ""1XD96qgphnJqx4OKAHxYTS"", ""position"": 3, ""title"": ""June Cheshaat"", ""duration_seconds"": 201.5, ""artist_credits"": [{""id"": """", ""name"": ""Poori""}]}, {""id"": ""2qcKJdlahJH6sUZ22rOwwV"", ""position"": 4, ""title"": ""Hamin Havaali"", ""duration_seconds"": 166.0, ""artist_credits"": [{""id"": """", ""name"": ""Poori""}]}, {""id"": ""62pXUn0xX1ssbFtsvERAdN"", ""position"": 5, ""title"": ""Nis Kaar"", ""duration_seconds"": 131.506, ""artist_credits"": [{""id"": """", ""name"": ""Poori""}]}, {""id"": ""1ZDcJc0meH9dGshy7SB2Ae"", ""position"": 6, ""title"": ""Say Allah"", ""duration_seconds"": 205.714, ""artist_credits"": [{""id"": """", ""name"": ""Poori""}]}, {""id"": ""5qwv4bscugEPKHoROhGihs"", ""position"": 7, ""title"": ""Hichjaam Ni"", ""duration_seconds"": 131.0, ""artist_credits"": [{""id"": """", ""name"": ""Poori""}]}, {""id"": ""6THssarSp3QmtttFVMnjSP"", ""position"": 8, ""title"": ""97"", ""duration_seconds"": 223.44, ""artist_credits"": [{""id"": """", ""name"": ""Poori""}]}, {""id"": ""3MF7DfaEgge8txRNDw86ZK"", ""position"": 9, ""title"": ""Beki"", ""duration_seconds"": 137.616, ""artist_credits"": [{""id"": """", ""name"": ""Poori""}]}, {""id"": ""5ujmuBtcUb9MC2ZxjzcF5l"", ""position"": 10, ""title"": ""Rasht Trap"", ""duration_seconds"": 185.306, ""artist_credits"": [{""id"": """", ""name"": ""Poori""}]}, {""id"": ""1GvKsxq8I87F6iLPfC2VlK"", ""position"": 11, ""title"": ""Haa (Freestyle)"", ""duration_seconds"": 133.67, ""artist_credits"": [{""id"": """", ""name"": ""Poori""}]}, {""id"": ""1OBaBVCmjab2ziBzOu4UHS"", ""position"": 12, ""title"": ""Khaar Ko***"", ""duration_seconds"": 162.25, ""artist_credits"": [{""id"": """", ""name"": ""Poori""}]}]",2026-10-04T14:26:51.047967+00:00,,not_rechecked,No matching media source established by the earlier bounded metadata checks; full recording untested,No full-acquisition evidence attached,False
2026-10-04T14:47:54.222104+00:00,5d89fcedcc1c01d5f9f00b533242e6d9045fbb0f,spotify:album:643tLZ4wQii7WcMnjTmPdL,spotify,643tLZ4wQii7WcMnjTmPdL,HITMAN,https://open.spotify.com/album/643tLZ4wQii7WcMnjTmPdL,LP,explicit_spotify_type,latest_candidate,[13],[],"[{""artist_id"": 7, ""artist"": ""Hoomaan""}, {""artist_id"": 8, ""artist"": ""Vinak""}, {""artist_id"": 13, ""artist"": ""Arta""}, {""artist_id"": 14, ""artist"": ""Koorosh Wantons""}, {""artist_id"": 17, ""artist"": ""Behzad Leito""}, {""artist_id"": 18, ""artist"": ""Sepehr Khalse""}, {""artist_id"": 27, ""artist"": ""Erfan""}, {""artist_id"": 95, ""artist"": ""poobon""}, {""artist_id"": 99, ""artist"": ""Catchybeatz""}, {""artist_id"": 107, ""artist"": ""Sami Low""}, {""artist_id"": 119, ""artist"": ""Arman Miladi""}, {""artist_id"": 128, ""artist"": ""Parsa""}, {""artist_id"": 134, ""artist"": ""Alipasha""}]",2024-12-28T00:00:00Z,21,"[{""id"": ""6gPKjPIXbBBnuLyLEq79Sz"", ""name"": ""Arta""}]","[""Arta""]","[""Arman Miladi"", ""Hoomaan"", ""Koorosh"", ""Ashkan Kagan"", ""poobon"", ""Yung Bans"", ""Vinak"", ""Saretan"", ""Parsa"", ""Erfan"", ""Behzad Leito"", ""Catchybeatz"", ""Sepehr Khalse"", ""PDC"", ""Shayan Roohi"", ""Ayzun"", ""Alipasha"", ""Abri"", ""Sami Low"", ""Saade"", ""88NOIZ"", ""Drei"", ""Rick Ross"", ""Gucci Mane"", ""It's Different""]","[{""name"": ""Arta"", ""credited_track_positions"": [1, 2, 3, 4, 5, 6, 7, 8, 9, 10, 11, 12, 13, 14, 15, 16, 17, 18, 19, 20, 21], ""credited_track_count"": 21, ""leading_track_positions"": [1, 2, 3, 4, 5, 6, 7, 8, 9, 10, 11, 12, 13, 14, 15, 16, 17, 18, 19, 20, 21]}, {""name"": ""Arman Miladi"", ""credited_track_positions"": [1, 2, 3, 4, 7, 12, 13, 14, 15, 18], ""credited_track_count"": 10, ""leading_track_positions"": []}, {""name"": ""Hoomaan"", ""credited_track_positions"": [3, 18], ""credited_track_count"": 2, ""leading_track_positions"": []}, {""name"": ""Koorosh"", ""credited_track_positions"": [5, 10, 21], ""credited_track_count"": 3, ""leading_track_positions"": []}, {""name"": ""Ashkan Kagan"", ""credited_track_positions"": [5], ""credited_track_count"": 1, ""leading_track_positions"": []}, {""name"": ""poobon"", ""credited_track_positions"": [6], ""credited_track_count"": 1, ""leading_track_positions"": []}, {""name"": ""Yung Bans"", ""credited_track_positions"": [7], ""credited_track_count"": 1, ""leading_track_positions"": []}, {""name"": ""Vinak"", ""credited_track_positions"": [8], ""credited_track_count"": 1, ""leading_track_positions"": []}, {""name"": ""Saretan"", ""credited_track_positions"": [9, 12], ""credited_track_count"": 2, ""leading_track_positions"": []}, {""name"": ""Parsa"", ""credited_track_positions"": [9, 19], ""credited_track_count"": 2, ""leading_track_positions"": []}, {""name"": ""Erfan"", ""credited_track_positions"": [10], ""credited_track_count"": 1, ""leading_track_positions"": []}, {""name"": ""Behzad Leito"", ""credited_track_positions"": [10], ""credited_track_count"": 1, ""leading_track_positions"": []}, {""name"": ""Catchybeatz"", ""credited_track_positions"": [10, 11], ""credited_track_count"": 2, ""leading_track_positions"": []}, {""name"": ""Sepehr Khalse"", ""credited_track_positions"": [10, 11], ""credited_track_count"": 2, ""leading_track_positions"": []}, {""name"": ""PDC"", ""credited_track_positions"": [10], ""credited_track_count"": 1, ""leading_track_positions"": []}, {""name"": ""Shayan Roohi"", ""credited_track_positions"": [10], ""credited_track_count"": 1, ""leading_track_positions"": []}, {""name"": ""Ayzun"", ""credited_track_positions"": [15], ""credited_track_count"": 1, ""leading_track_positions"": []}, {""name"": ""Alipasha"", ""credited_track_positions"": [16], ""credited_track_count"": 1, ""leading_track_positions"": []}, {""name"": ""Abri"", ""credited_track_positions"": [16], ""credited_track_count"": 1, ""leading_track_positions"": []}, {""name"": ""Sami Low"", ""credited_track_positions"": [17], ""credited_track_count"": 1, ""leading_track_positions"": []}, {""name"": ""Saade"", ""credited_track_positions"": [17], ""credited_track_count"": 1, ""leading_track_positions"": []}, {""name"": ""88NOIZ"", ""credited_track_positions"": [20], ""credited_track_count"": 1, ""leading_track_positions"": []}, {""name"": ""Drei"", ""credited_track_positions"": [21], ""credited_track_count"": 1, ""leading_track_positions"": []}, {""name"": ""Rick Ross"", ""credited_track_positions"": [21], ""credited_track_count"": 1, ""leading_track_positions"": []}, {""name"": ""Gucci Mane"", ""credited_track_positions"": [21], ""credited_track_count"": 1, ""leading_track_positions"": []}, {""name"": ""It's Different"", ""credited_track_positions"": [21], ""credited_track_count"": 1, ""leading_track_positions"": []}]",All-track credit intersection plus exact per-track coverage; roles require owner review where ambiguous,"[{""id"": ""10qDfPAM4xXmRiuPYL1BBM"", ""position"": 1, ""title"": ""HITMAN"", ""duration_seconds"": 131.02, ""artist_credits"": [{""id"": """", ""name"": ""Arta""}, {""id"": """", ""name"": ""Arman Miladi""}]}, {""id"": ""48C7HcDwF5suV8cZ8AsUR0"", ""position"": 2, ""title"": ""Midunam"", ""duration_seconds"": 138.666, ""artist_credits"": [{""id"": """", ""name"": ""Arta""}, {""id"": """", ""name"": ""Arman Miladi""}]}, {""id"": ""3ahYEr2mXxhTjIFSG1G18M"", ""position"": 3, ""title"": ""Andaze Man"", ""duration_seconds"": 148.085, ""artist_credits"": [{""id"": """", ""name"": ""Arta""}, {""id"": """", ""name"": ""Hoomaan""}, {""id"": """", ""name"": ""Arman Miladi""}]}, {""id"": ""1qeW5lxEjKNlUaRLyOxttq"", ""position"": 4, ""title"": ""Yadet Ni"", ""duration_seconds"": 148.846, ""artist_credits"": [{""id"": """", ""name"": ""Arta""}, {""id"": """", ""name"": ""Arman Miladi""}]}, {""id"": ""6z8JSWmmRupasg6Oj7pNGj"", ""position"": 5, ""title"": ""ARE"", ""duration_seconds"": 204.618, ""artist_credits"": [{""id"": """", ""name"": ""Arta""}, {""id"": """", ""name"": ""Koorosh""}, {""id"": """", ""name"": ""Ashkan Kagan""}]}, {""id"": ""4lDICTC6N3zuGxOfNpH2tV"", ""position"": 6, ""title"": ""NGK"", ""duration_seconds"": 126.651, ""artist_credits"": [{""id"": """", ""name"": ""Arta""}, {""id"": """", ""name"": ""poobon""}]}, {""id"": ""0txoiUGZzUO5GlgtR6Tq6x"", ""position"": 7, ""title"": ""No Cap"", ""duration_seconds"": 181.5, ""artist_credits"": [{""id"": """", ""name"": ""Arta""}, {""id"": """", ""name"": ""Arman Miladi""}, {""id"": """", ""name"": ""Yung Bans""}]}, {""id"": ""6b2Sx5aKI8377WCRuwEivJ"", ""position"": 8, ""title"": ""Keshidam Biroon"", ""duration_seconds"": 189.587, ""artist_credits"": [{""id"": """", ""name"": ""Arta""}, {""id"": """", ""name"": ""Vinak""}]}, {""id"": ""5Y5zfo4j4fXhlFsv4DcS2H"", ""position"": 9, ""title"": ""Daily"", ""duration_seconds"": 168.046, ""artist_credits"": [{""id"": """", ""name"": ""Arta""}, {""id"": """", ""name"": ""Saretan""}, {""id"": """", ""name"": ""Parsa""}]}, {""id"": ""6CKWRof7WSNU4AvEaAygof"", ""position"": 10, ""title"": ""CANCELE"", ""duration_seconds"": 330.947, ""artist_credits"": [{""id"": """", ""name"": ""Arta""}, {""id"": """", ""name"": ""Koorosh""}, {""id"": """", ""name"": ""Erfan""}, {""id"": """", ""name"": ""Behzad Leito""}, {""id"": """", ""name"": ""Catchybeatz""}, {""id"": """", ""name"": ""Sepehr Khalse""}, {""id"": """", ""name"": ""PDC""}, {""id"": """", ""name"": ""Shayan Roohi""}]}, {""id"": ""7y8YyMSffPhpbjzNFExdT9"", ""position"": 11, ""title"": ""U"", ""duration_seconds"": 177.391, ""artist_credits"": [{""id"": """", ""name"": ""Arta""}, {""id"": """", ""name"": ""Sepehr Khalse""}, {""id"": """", ""name"": ""Catchybeatz""}]}, {""id"": ""6F4s7kTf5xnx9XO8hDLgkM"", ""position"": 12, ""title"": ""Bitch"", ""duration_seconds"": 167.596, ""artist_credits"": [{""id"": """", ""name"": ""Arta""}, {""id"": """", ""name"": ""Saretan""}, {""id"": """", ""name"": ""Arman Miladi""}]}, {""id"": ""0fJmIQQQZ9qpp2AKzYKfeP"", ""position"": 13, ""title"": ""Dige Na"", ""duration_seconds"": 145.573, ""artist_credits"": [{""id"": """", ""name"": ""Arta""}, {""id"": """", ""name"": ""Arman Miladi""}]}, {""id"": ""3iz2uomBzESI1iyOCRK8Wa"", ""position"": 14, ""title"": ""Mano To"", ""duration_seconds"": 210.989, ""artist_credits"": [{""id"": """", ""name"": ""Arta""}, {""id"": """", ""name"": ""Arman Miladi""}]}, {""id"": ""7o8H2mJWGEMAKw8VJdz1gm"", ""position"": 15, ""title"": ""Yadame"", ""duration_seconds"": 90.461, ""artist_credits"": [{""id"": """", ""name"": ""Arta""}, {""id"": """", ""name"": ""Ayzun""}, {""id"": """", ""name"": ""Arman Miladi""}]}, {""id"": ""4hnLclXe4gzJsnWvSgnYuQ"", ""position"": 16, ""title"": ""Kojayi"", ""duration_seconds"": 196.793, ""artist_credits"": [{""id"": """", ""name"": ""Arta""}, {""id"": """", ""name"": ""Alipasha""}, {""id"": """", ""name"": ""Abri""}]}, {""id"": ""4Rw7mD5PUxWHQGygJ8YHcf"", ""position"": 17, ""title"": ""Mano To - Acoustic Version"", ""duration_seconds"": 168.791, ""artist_credits"": [{""id"": """", ""name"": ""Arta""}, {""id"": """", ""name"": ""Sami Low""}, {""id"": """", ""name"": ""Saade""}]}, {""id"": ""7wxjoKLE8djjwf5BWlD6Hc"", ""position"": 18, ""title"": ""Age Bere"", ""duration_seconds"": 132.315, ""artist_credits"": [{""id"": """", ""name"": ""Arta""}, {""id"": """", ""name"": ""Hoomaan""}, {""id"": """", ""name"": ""Arman Miladi""}]}, {""id"": ""6ssjUKaEysA7RfSA7xrbtP"", ""position"": 19, ""title"": ""Dead Inside"", ""duration_seconds"": 156.75, ""artist_credits"": [{""id"": """", ""name"": ""Arta""}, {""id"": """", ""name"": ""Parsa""}]}, {""id"": ""7jjN0BxuijZDcercikx4Ok"", ""position"": 20, ""title"": ""LASHI"", ""duration_seconds"": 189.677, ""artist_credits"": [{""id"": """", ""name"": ""Arta""}, {""id"": """", ""name"": ""88NOIZ""}]}, {""id"": ""67jO1YYJaNx3Y180RjPw3k"", ""position"": 21, ""title"": ""Arab Bricks"", ""duration_seconds"": 238.153, ""artist_credits"": [{""id"": """", ""name"": ""Arta""}, {""id"": """", ""name"": ""Koorosh""}, {""id"": """", ""name"": ""Drei""}, {""id"": """", ""name"": ""Rick Ross""}, {""id"": """", ""name"": ""Gucci Mane""}, {""id"": """", ""name"": ""It's Different""}]}]",2026-10-04T14:26:54.122230+00:00,,not_rechecked,No matching media source established by the earlier bounded metadata checks; full recording untested,No full-acquisition evidence attached,False
2026-10-04T14:47:54.222104+00:00,5d89fcedcc1c01d5f9f00b533242e6d9045fbb0f,spotify:album:1zoub0zRSL76zkkDsrwipt,spotify,1zoub0zRSL76zkkDsrwipt,TEHRAN 2585,https://open.spotify.com/album/1zoub0zRSL76zkkDsrwipt,EP,explicit_spotify_type,latest_candidate,[14],[],"[{""artist_id"": 13, ""artist"": ""Arta""}, {""artist_id"": 14, ""artist"": ""Koorosh Wantons""}, {""artist_id"": 107, ""artist"": ""Sami Low""}, {""artist_id"": 120, ""artist"": ""Saaren""}, {""artist_id"": 130, ""artist"": ""Raha""}]",2026-06-08T00:00:00Z,5,"[{""id"": ""1UjD9VWeqDDlDSvNlnFTdl"", ""name"": ""Koorosh""}]","[""Koorosh""]","[""Sami Low"", ""Arta"", ""Raha"", ""Saaren""]","[{""name"": ""Koorosh"", ""credited_track_positions"": [1, 2, 3, 4, 5], ""credited_track_count"": 5, ""leading_track_positions"": [1, 2, 3, 4, 5]}, {""name"": ""Sami Low"", ""credited_track_positions"": [2], ""credited_track_count"": 1, ""leading_track_positions"": []}, {""name"": ""Arta"", ""credited_track_positions"": [3], ""credited_track_count"": 1, ""leading_track_positions"": []}, {""name"": ""Raha"", ""credited_track_positions"": [4], ""credited_track_count"": 1, ""leading_track_positions"": []}, {""name"": ""Saaren"", ""credited_track_positions"": [5], ""credited_track_count"": 1, ""leading_track_positions"": []}]",All-track credit intersection plus exact per-track coverage; roles require owner review where ambiguous,"[{""id"": ""4eBxyJSCImHw30pzEijNqj"", ""position"": 1, ""title"": ""Nobahar"", ""duration_seconds"": 151.415, ""artist_credits"": [{""id"": """", ""name"": ""Koorosh""}]}, {""id"": ""5s6mXrcSzJA0Psa03ECWff"", ""position"": 2, ""title"": ""Baghalet"", ""duration_seconds"": 231.999, ""artist_credits"": [{""id"": """", ""name"": ""Koorosh""}, {""id"": """", ""name"": ""Sami Low""}]}, {""id"": ""1TObrO0jdGdHZ18c2hnDsW"", ""position"": 3, ""title"": ""Khooneye Man"", ""duration_seconds"": 226.115, ""artist_credits"": [{""id"": """", ""name"": ""Koorosh""}, {""id"": """", ""name"": ""Arta""}]}, {""id"": ""2DWMnhB35lEIzt2ijcUlfj"", ""position"": 4, ""title"": ""To Faghat Bash"", ""duration_seconds"": 212.333, ""artist_credits"": [{""id"": """", ""name"": ""Koorosh""}, {""id"": """", ""name"": ""Raha""}]}, {""id"": ""49LxCjluzlLSKmsIpcaWFf"", ""position"": 5, ""title"": ""Ba Man Beraghs"", ""duration_seconds"": 213.357, ""artist_credits"": [{""id"": """", ""name"": ""Koorosh""}, {""id"": """", ""name"": ""Saaren""}]}]",2026-10-04T14:26:56.633233+00:00,,not_rechecked,No matching media source established by the earlier bounded metadata checks; full recording untested,No full-acquisition evidence attached,False
2026-10-04T14:47:54.222104+00:00,5d89fcedcc1c01d5f9f00b533242e6d9045fbb0f,spotify:album:4rY8LwQfjEUPZEk7T6m5k1,spotify,4rY8LwQfjEUPZEk7T6m5k1,AKA,https://open.spotify.com/album/4rY8LwQfjEUPZEk7T6m5k1,LP,explicit_spotify_type,latest_candidate,[15],[],"[{""artist_id"": 11, ""artist"": ""Chvrsi""}, {""artist_id"": 15, ""artist"": ""Canis""}, {""artist_id"": 16, ""artist"": ""Sijal""}, {""artist_id"": 17, ""artist"": ""Behzad Leito""}, {""artist_id"": 19, ""artist"": ""Shayea""}, {""artist_id"": 30, ""artist"": ""Mehrad Hidden""}]",2024-10-12T00:00:00Z,11,"[{""id"": ""6OPdGHW0QD6WknWX2tlzJm"", ""name"": ""Canis""}]","[""Canis""]","[""Mehrad Hidden"", ""Shayea"", ""Chvrsi"", ""Sijal"", ""Behzad Leito"", ""Mahyar"", ""Sargijeh""]","[{""name"": ""Canis"", ""credited_track_positions"": [1, 2, 3, 4, 5, 6, 7, 8, 9, 10, 11], ""credited_track_count"": 11, ""leading_track_positions"": [1, 2, 3, 4, 5, 6, 7, 8, 9, 10, 11]}, {""name"": ""Mehrad Hidden"", ""credited_track_positions"": [2], ""credited_track_count"": 1, ""leading_track_positions"": []}, {""name"": ""Shayea"", ""credited_track_positions"": [4], ""credited_track_count"": 1, ""leading_track_positions"": []}, {""name"": ""Chvrsi"", ""credited_track_positions"": [5], ""credited_track_count"": 1, ""leading_track_positions"": []}, {""name"": ""Sijal"", ""credited_track_positions"": [6], ""credited_track_count"": 1, ""leading_track_positions"": []}, {""name"": ""Behzad Leito"", ""credited_track_positions"": [8], ""credited_track_count"": 1, ""leading_track_positions"": []}, {""name"": ""Mahyar"", ""credited_track_positions"": [9], ""credited_track_count"": 1, ""leading_track_positions"": []}, {""name"": ""Sargijeh"", ""credited_track_positions"": [11], ""credited_track_count"": 1, ""leading_track_positions"": []}]",All-track credit intersection plus exact per-track coverage; roles require owner review where ambiguous,"[{""id"": ""7Me42lP2FbjJSGUxvxWtpB"", ""position"": 1, ""title"": ""Nemiarzidi"", ""duration_seconds"": 227.95, ""artist_credits"": [{""id"": """", ""name"": ""Canis""}]}, {""id"": ""6sfCFsIMHYomdvo3pSnJZE"", ""position"": 2, ""title"": ""Dele Man"", ""duration_seconds"": 183.931, ""artist_credits"": [{""id"": """", ""name"": ""Canis""}, {""id"": """", ""name"": ""Mehrad Hidden""}]}, {""id"": ""49LfzBQcrptKgxGln7Vpov"", ""position"": 3, ""title"": ""Khodafezi"", ""duration_seconds"": 224.25, ""artist_credits"": [{""id"": """", ""name"": ""Canis""}]}, {""id"": ""0F2LTUswwK8LVb0hDCLg1J"", ""position"": 4, ""title"": ""Chikar Daram"", ""duration_seconds"": 210.525, ""artist_credits"": [{""id"": """", ""name"": ""Canis""}, {""id"": """", ""name"": ""Shayea""}]}, {""id"": ""4yXmxbNyDfSeVRoRf1QK9L"", ""position"": 5, ""title"": ""Fargh Mikardim"", ""duration_seconds"": 285.757, ""artist_credits"": [{""id"": """", ""name"": ""Canis""}, {""id"": """", ""name"": ""Chvrsi""}]}, {""id"": ""73zLUHBVszFdCUSASB0WPe"", ""position"": 6, ""title"": ""Vaghti Tanha Misham"", ""duration_seconds"": 304.0, ""artist_credits"": [{""id"": """", ""name"": ""Canis""}, {""id"": """", ""name"": ""Sijal""}]}, {""id"": ""5TJ7qyHSA53qohv4x2p7EV"", ""position"": 7, ""title"": ""Bi To"", ""duration_seconds"": 185.0, ""artist_credits"": [{""id"": """", ""name"": ""Canis""}]}, {""id"": ""3Y4ZCka7IIlRoJ6gpviBtG"", ""position"": 8, ""title"": ""Romance"", ""duration_seconds"": 257.0, ""artist_credits"": [{""id"": """", ""name"": ""Canis""}, {""id"": """", ""name"": ""Behzad Leito""}]}, {""id"": ""6seimNZDVTNAjYVlspObVT"", ""position"": 9, ""title"": ""Decori"", ""duration_seconds"": 214.283, ""artist_credits"": [{""id"": """", ""name"": ""Canis""}, {""id"": """", ""name"": ""Mahyar""}]}, {""id"": ""5RcR9QeuNe9FgU1IqbUPM9"", ""position"": 10, ""title"": ""Hasood"", ""duration_seconds"": 217.0, ""artist_credits"": [{""id"": """", ""name"": ""Canis""}]}, {""id"": ""1q5RlonXNMDw71uu4Juyua"", ""position"": 11, ""title"": ""Shaskhin"", ""duration_seconds"": 229.499, ""artist_credits"": [{""id"": """", ""name"": ""Canis""}, {""id"": """", ""name"": ""Sargijeh""}]}]",2026-10-04T14:26:59.826203+00:00,,not_rechecked,No matching media source established by the earlier bounded metadata checks; full recording untested,No full-acquisition evidence attached,False
2026-10-04T14:47:54.222104+00:00,5d89fcedcc1c01d5f9f00b533242e6d9045fbb0f,spotify:album:2yHJfINmVWOpGLymx3JxaW,spotify,2yHJfINmVWOpGLymx3JxaW,OCD,https://open.spotify.com/album/2yHJfINmVWOpGLymx3JxaW,LP,explicit_spotify_type,latest_candidate,[16],[],"[{""artist_id"": 16, ""artist"": ""Sijal""}, {""artist_id"": 18, ""artist"": ""Sepehr Khalse""}, {""artist_id"": 29, ""artist"": ""Sohrab Mj""}, {""artist_id"": 99, ""artist"": ""Catchybeatz""}, {""artist_id"": 121, ""artist"": ""Heliyom""}, {""artist_id"": 126, ""artist"": ""Maslak""}]",2025-11-28T00:00:00Z,9,"[{""id"": ""5F0BGBdSL945Bzxrq8aGbn"", ""name"": ""Sijal""}, {""id"": ""2SFwcduI9cdZsG6UxnBm3C"", ""name"": ""Sepehr Khalse""}]","[""Sijal"", ""Sepehr Khalse""]","[""Catchybeatz"", ""Heliyom"", ""Maslak"", ""Darab"", ""Milanium"", ""AHU"", ""Sohrab Mj""]","[{""name"": ""Sijal"", ""credited_track_positions"": [1, 2, 3, 4, 5, 6, 7, 8, 9], ""credited_track_count"": 9, ""leading_track_positions"": [1, 2, 3, 4, 5, 6, 7, 8, 9]}, {""name"": ""Sepehr Khalse"", ""credited_track_positions"": [1, 2, 3, 4, 5, 6, 7, 8, 9], ""credited_track_count"": 9, ""leading_track_positions"": []}, {""name"": ""Catchybeatz"", ""credited_track_positions"": [2], ""credited_track_count"": 1, ""leading_track_positions"": []}, {""name"": ""Heliyom"", ""credited_track_positions"": [3, 4, 7, 8], ""credited_track_count"": 4, ""leading_track_positions"": []}, {""name"": ""Maslak"", ""credited_track_positions"": [5], ""credited_track_count"": 1, ""leading_track_positions"": []}, {""name"": ""Darab"", ""credited_track_positions"": [5], ""credited_track_count"": 1, ""leading_track_positions"": []}, {""name"": ""Milanium"", ""credited_track_positions"": [6, 9], ""credited_track_count"": 2, ""leading_track_positions"": []}, {""name"": ""AHU"", ""credited_track_positions"": [6], ""credited_track_count"": 1, ""leading_track_positions"": []}, {""name"": ""Sohrab Mj"", ""credited_track_positions"": [7], ""credited_track_count"": 1, ""leading_track_positions"": []}]",All-track credit intersection plus exact per-track coverage; roles require owner review where ambiguous,"[{""id"": ""6LMxAhRtBWlTJ2xY4vFJ03"", ""position"": 1, ""title"": ""Hichki Mese Man"", ""duration_seconds"": 166.363, ""artist_credits"": [{""id"": """", ""name"": ""Sijal""}, {""id"": """", ""name"": ""Sepehr Khalse""}]}, {""id"": ""39PlrBsUlInc8JdQPn3eJL"", ""position"": 2, ""title"": ""2 Ace"", ""duration_seconds"": 175.939, ""artist_credits"": [{""id"": """", ""name"": ""Sijal""}, {""id"": """", ""name"": ""Sepehr Khalse""}, {""id"": """", ""name"": ""Catchybeatz""}]}, {""id"": ""5mMqelfeaQ2pOWSVOzDh8k"", ""position"": 3, ""title"": ""Dele Man"", ""duration_seconds"": 186.545, ""artist_credits"": [{""id"": """", ""name"": ""Sijal""}, {""id"": """", ""name"": ""Sepehr Khalse""}, {""id"": """", ""name"": ""Heliyom""}]}, {""id"": ""01bFSZDBEyKT3cjdX1lU4o"", ""position"": 4, ""title"": ""Bekhatere To"", ""duration_seconds"": 211.862, ""artist_credits"": [{""id"": """", ""name"": ""Sijal""}, {""id"": """", ""name"": ""Sepehr Khalse""}, {""id"": """", ""name"": ""Heliyom""}]}, {""id"": ""71YooyJQqjL83XPXf7JpvF"", ""position"": 5, ""title"": ""Kabol"", ""duration_seconds"": 213.818, ""artist_credits"": [{""id"": """", ""name"": ""Sijal""}, {""id"": """", ""name"": ""Sepehr Khalse""}, {""id"": """", ""name"": ""Maslak""}, {""id"": """", ""name"": ""Darab""}]}, {""id"": ""5yY5VLB66WYD7oPksAxUqh"", ""position"": 6, ""title"": ""Seda"", ""duration_seconds"": 236.923, ""artist_credits"": [{""id"": """", ""name"": ""Sijal""}, {""id"": """", ""name"": ""Sepehr Khalse""}, {""id"": """", ""name"": ""Milanium""}, {""id"": """", ""name"": ""AHU""}]}, {""id"": ""0e5rlph0Dvah0O07QaaiB1"", ""position"": 7, ""title"": ""Eshghe Alaki"", ""duration_seconds"": 213.559, ""artist_credits"": [{""id"": """", ""name"": ""Sijal""}, {""id"": """", ""name"": ""Sepehr Khalse""}, {""id"": """", ""name"": ""Sohrab Mj""}, {""id"": """", ""name"": ""Heliyom""}]}, {""id"": ""6CMvrhNia97MKIjgMEpbKn"", ""position"": 8, ""title"": ""Greece"", ""duration_seconds"": 164.217, ""artist_credits"": [{""id"": """", ""name"": ""Sijal""}, {""id"": """", ""name"": ""Sepehr Khalse""}, {""id"": """", ""name"": ""Heliyom""}]}, {""id"": ""5uPfsABbV2x3yPyzHEATAQ"", ""position"": 9, ""title"": ""Azadi"", ""duration_seconds"": 139.838, ""artist_credits"": [{""id"": """", ""name"": ""Sijal""}, {""id"": """", ""name"": ""Sepehr Khalse""}, {""id"": """", ""name"": ""Milanium""}]}]",2026-10-04T14:27:01.636924+00:00,,not_rechecked,Current full-audio availability NOT rechecked. Historical E2E success is dated evidence; later metadata retry returned 403. Not ready to publish.,"Historical OCD server E2E passed complete real acquisition, full decode/validation, embedded tags/artwork, whole-album staging, ordered Telegram test publication, prior-single reuse and byte/decode readback; test posts/media were deleted",False
2026-10-04T14:47:54.222104+00:00,5d89fcedcc1c01d5f9f00b533242e6d9045fbb0f,spotify:album:2fgQ1CW4NipK8HCe4Gobn5,spotify,2fgQ1CW4NipK8HCe4Gobn5,Late Night Drive,https://open.spotify.com/album/2fgQ1CW4NipK8HCe4Gobn5,LP,explicit_spotify_type,latest_candidate,[17],[],"[{""artist_id"": 11, ""artist"": ""Chvrsi""}, {""artist_id"": 17, ""artist"": ""Behzad Leito""}, {""artist_id"": 18, ""artist"": ""Sepehr Khalse""}, {""artist_id"": 123, ""artist"": ""Isam""}]",2026-06-19T00:00:00Z,10,"[{""id"": ""4zNEj5bkHE0kNSpfIwgdvu"", ""name"": ""Behzad Leito""}]","[""Behzad Leito""]","[""Tamara"", ""Isam"", ""Sepehr Khalse"", ""Chvrsi"", ""IcyMoon""]","[{""name"": ""Behzad Leito"", ""credited_track_positions"": [1, 2, 3, 4, 5, 6, 7, 8, 9, 10], ""credited_track_count"": 10, ""leading_track_positions"": [1, 2, 3, 4, 5, 6, 7, 8, 9, 10]}, {""name"": ""Tamara"", ""credited_track_positions"": [1, 2, 7], ""credited_track_count"": 3, ""leading_track_positions"": []}, {""name"": ""Isam"", ""credited_track_positions"": [2], ""credited_track_count"": 1, ""leading_track_positions"": []}, {""name"": ""Sepehr Khalse"", ""credited_track_positions"": [3], ""credited_track_count"": 1, ""leading_track_positions"": []}, {""name"": ""Chvrsi"", ""credited_track_positions"": [6, 9], ""credited_track_count"": 2, ""leading_track_positions"": []}, {""name"": ""IcyMoon"", ""credited_track_positions"": [8], ""credited_track_count"": 1, ""leading_track_positions"": []}]",All-track credit intersection plus exact per-track coverage; roles require owner review where ambiguous,"[{""id"": ""5IHCdcMufQrfrXJCLRjYlG"", ""position"": 1, ""title"": ""Ba Man Harf Bezan"", ""duration_seconds"": 183.529, ""artist_credits"": [{""id"": """", ""name"": ""Behzad Leito""}, {""id"": """", ""name"": ""Tamara""}]}, {""id"": ""5IlhdUHCCbWCwRaUKE47Q7"", ""position"": 2, ""title"": ""Mesle Ghablan"", ""duration_seconds"": 240.0, ""artist_credits"": [{""id"": """", ""name"": ""Behzad Leito""}, {""id"": """", ""name"": ""Isam""}, {""id"": """", ""name"": ""Tamara""}]}, {""id"": ""3TbLJtJiuaTdRWMc6pl14h"", ""position"": 3, ""title"": ""Doost Daram Hamishe"", ""duration_seconds"": 174.736, ""artist_credits"": [{""id"": """", ""name"": ""Behzad Leito""}, {""id"": """", ""name"": ""Sepehr Khalse""}]}, {""id"": ""18qxLOaGrJaJOJAGpTiK1c"", ""position"": 4, ""title"": ""Be Goosham Resid"", ""duration_seconds"": 164.363, ""artist_credits"": [{""id"": """", ""name"": ""Behzad Leito""}]}, {""id"": ""2jIVjV2IIVT33jyDq4pmLa"", ""position"": 5, ""title"": ""Bi To"", ""duration_seconds"": 185.333, ""artist_credits"": [{""id"": """", ""name"": ""Behzad Leito""}]}, {""id"": ""1IkGrC3bwlE05xiKnDcmZ9"", ""position"": 6, ""title"": ""Chera Rafti"", ""duration_seconds"": 257.142, ""artist_credits"": [{""id"": """", ""name"": ""Behzad Leito""}, {""id"": """", ""name"": ""Chvrsi""}]}, {""id"": ""62ADA06wvoW4evH0UsANhG"", ""position"": 7, ""title"": ""Bezar Beri Yadam"", ""duration_seconds"": 186.136, ""artist_credits"": [{""id"": """", ""name"": ""Behzad Leito""}, {""id"": """", ""name"": ""Tamara""}]}, {""id"": ""63QYo0oDxqIW5fiIxDH8uW"", ""position"": 8, ""title"": ""Bazam Ke Hichi"", ""duration_seconds"": 177.272, ""artist_credits"": [{""id"": """", ""name"": ""Behzad Leito""}, {""id"": """", ""name"": ""IcyMoon""}]}, {""id"": ""4xIizaICHq9E4orJyj6Rtr"", ""position"": 9, ""title"": ""Boodi Bedehkar"", ""duration_seconds"": 173.503, ""artist_credits"": [{""id"": """", ""name"": ""Behzad Leito""}, {""id"": """", ""name"": ""Chvrsi""}]}, {""id"": ""1wBT5AXJm5EBSqB77p3ar9"", ""position"": 10, ""title"": ""Faaze Khalse"", ""duration_seconds"": 181.333, ""artist_credits"": [{""id"": """", ""name"": ""Behzad Leito""}]}]",2026-10-04T14:27:07.040418+00:00,,not_rechecked,No matching media source established by the earlier bounded metadata checks; full recording untested,No full-acquisition evidence attached,False
2026-10-04T14:47:54.222104+00:00,5d89fcedcc1c01d5f9f00b533242e6d9045fbb0f,spotify:album:6YbfLFtFRkIO1YEvx4n9rz,spotify,6YbfLFtFRkIO1YEvx4n9rz,Margo Zendegi,https://open.spotify.com/album/6YbfLFtFRkIO1YEvx4n9rz,LP,explicit_spotify_type,latest_candidate,[18],[],"[{""artist_id"": 10, ""artist"": ""Hiphopologist""}, {""artist_id"": 18, ""artist"": ""Sepehr Khalse""}, {""artist_id"": 99, ""artist"": ""Catchybeatz""}, {""artist_id"": 114, ""artist"": ""Young Sudden""}, {""artist_id"": 124, ""artist"": ""Arown""}]",2026-08-11T00:00:00Z,9,"[{""id"": ""2SFwcduI9cdZsG6UxnBm3C"", ""name"": ""Sepehr Khalse""}]","[""Sepehr Khalse""]","[""Ashkan Kagan"", ""Catchybeatz"", ""Young Sudden"", ""Hiphopologist"", ""Arown""]","[{""name"": ""Sepehr Khalse"", ""credited_track_positions"": [1, 2, 3, 4, 5, 6, 7, 8, 9], ""credited_track_count"": 9, ""leading_track_positions"": [1, 2, 3, 4, 5, 6, 7, 8, 9]}, {""name"": ""Ashkan Kagan"", ""credited_track_positions"": [1, 2, 3, 4, 5, 6], ""credited_track_count"": 6, ""leading_track_positions"": []}, {""name"": ""Catchybeatz"", ""credited_track_positions"": [2], ""credited_track_count"": 1, ""leading_track_positions"": []}, {""name"": ""Young Sudden"", ""credited_track_positions"": [2], ""credited_track_count"": 1, ""leading_track_positions"": []}, {""name"": ""Hiphopologist"", ""credited_track_positions"": [4], ""credited_track_count"": 1, ""leading_track_positions"": []}, {""name"": ""Arown"", ""credited_track_positions"": [6], ""credited_track_count"": 1, ""leading_track_positions"": []}]",All-track credit intersection plus exact per-track coverage; roles require owner review where ambiguous,"[{""id"": ""6uD1I7nzgtV2i5PETHwB9e"", ""position"": 1, ""title"": ""Number One"", ""duration_seconds"": 162.887, ""artist_credits"": [{""id"": """", ""name"": ""Sepehr Khalse""}, {""id"": """", ""name"": ""Ashkan Kagan""}]}, {""id"": ""0opQSqp250Yx0swOGWtapz"", ""position"": 2, ""title"": ""Dozdi Ni"", ""duration_seconds"": 252.67, ""artist_credits"": [{""id"": """", ""name"": ""Sepehr Khalse""}, {""id"": """", ""name"": ""Catchybeatz""}, {""id"": """", ""name"": ""Young Sudden""}, {""id"": """", ""name"": ""Ashkan Kagan""}]}, {""id"": ""3neTrarwieQnqh7rMCVcn1"", ""position"": 3, ""title"": ""Dooset Daram"", ""duration_seconds"": 210.639, ""artist_credits"": [{""id"": """", ""name"": ""Sepehr Khalse""}, {""id"": """", ""name"": ""Ashkan Kagan""}]}, {""id"": ""4taCIRKzSWm1w4SKYNrFNd"", ""position"": 4, ""title"": ""Prada"", ""duration_seconds"": 230.424, ""artist_credits"": [{""id"": """", ""name"": ""Sepehr Khalse""}, {""id"": """", ""name"": ""Hiphopologist""}, {""id"": """", ""name"": ""Ashkan Kagan""}]}, {""id"": ""5uAADSZiwriedGsfRQAGs9"", ""position"": 5, ""title"": ""Buggy"", ""duration_seconds"": 121.326, ""artist_credits"": [{""id"": """", ""name"": ""Sepehr Khalse""}, {""id"": """", ""name"": ""Ashkan Kagan""}]}, {""id"": ""7705RRMaUalURgri7gyFtD"", ""position"": 6, ""title"": ""Day One"", ""duration_seconds"": 163.436, ""artist_credits"": [{""id"": """", ""name"": ""Sepehr Khalse""}, {""id"": """", ""name"": ""Arown""}, {""id"": """", ""name"": ""Ashkan Kagan""}]}, {""id"": ""1vvZZtNvLWiS3adpUSdgdy"", ""position"": 7, ""title"": ""Marde Sal"", ""duration_seconds"": 148.806, ""artist_credits"": [{""id"": """", ""name"": ""Sepehr Khalse""}]}, {""id"": ""1H8ndm3XxrZjMbiiTo72IT"", ""position"": 8, ""title"": ""Tool Keshid"", ""duration_seconds"": 223.846, ""artist_credits"": [{""id"": """", ""name"": ""Sepehr Khalse""}]}, {""id"": ""45ZMdHEsvL35wsr1dhmBIl"", ""position"": 9, ""title"": ""R.I.P"", ""duration_seconds"": 174.492, ""artist_credits"": [{""id"": """", ""name"": ""Sepehr Khalse""}]}]",2026-10-04T14:27:09.974720+00:00,,not_rechecked,No matching media source established by the earlier bounded metadata checks; full recording untested,No full-acquisition evidence attached,False
2026-10-04T14:47:54.222104+00:00,5d89fcedcc1c01d5f9f00b533242e6d9045fbb0f,spotify:album:4xuR2xJ1C6kltAQPLFoggI,spotify,4xuR2xJ1C6kltAQPLFoggI,Asli Mix 001,https://open.spotify.com/album/4xuR2xJ1C6kltAQPLFoggI,EP,EP_confirmed_Spotify_and_Apple,latest_candidate,[19],[],"[{""artist_id"": 19, ""artist"": ""Shayea""}]",2026-08-10T00:00:00Z,1,"[{""id"": ""3QNGoF6VzVNnkpjJDT3NHq"", ""name"": ""Shayea""}]","[""Shayea""]",[],"[{""name"": ""Shayea"", ""credited_track_positions"": [1], ""credited_track_count"": 1, ""leading_track_positions"": [1]}]",All-track credit intersection plus exact per-track coverage; roles require owner review where ambiguous,"[{""id"": ""5kVRCCgECg1Si85E8RLWIb"", ""position"": 1, ""title"": ""Asli Mix 001"", ""duration_seconds"": 630.296, ""artist_credits"": [{""id"": """", ""name"": ""Shayea""}]}]",2026-10-04T14:27:11.714471+00:00,,not_rechecked,No matching media source established by the earlier bounded metadata checks; full recording untested,No full-acquisition evidence attached,False
2026-10-04T14:47:54.222104+00:00,5d89fcedcc1c01d5f9f00b533242e6d9045fbb0f,spotify:album:1LbPKdJfPK1vPdwZqdNgEq,spotify,1LbPKdJfPK1vPdwZqdNgEq,Pizza,https://open.spotify.com/album/1LbPKdJfPK1vPdwZqdNgEq,EP,explicit_spotify_type,unambiguous_alternative,[],[19],"[{""artist_id"": 19, ""artist"": ""Shayea""}, {""artist_id"": 30, ""artist"": ""Mehrad Hidden""}]",2024-06-02T00:00:00Z,6,"[{""id"": ""0jCVTRvQkILbJvpviTpvd1"", ""name"": ""Mehrad Hidden""}, {""id"": ""3QNGoF6VzVNnkpjJDT3NHq"", ""name"": ""Shayea""}]","[""Mehrad Hidden"", ""Shayea""]",[],"[{""name"": ""Mehrad Hidden"", ""credited_track_positions"": [1, 2, 3, 4, 5, 6], ""credited_track_count"": 6, ""leading_track_positions"": [1, 2, 3, 4, 5, 6]}, {""name"": ""Shayea"", ""credited_track_positions"": [1, 2, 3, 4, 5, 6], ""credited_track_count"": 6, ""leading_track_positions"": []}]",All-track credit intersection plus exact per-track coverage; roles require owner review where ambiguous,"[{""id"": ""7E95QRrP49nm2FSPj62T7V"", ""position"": 1, ""title"": ""Pizza"", ""duration_seconds"": 237.426, ""artist_credits"": [{""id"": """", ""name"": ""Mehrad Hidden""}, {""id"": """", ""name"": ""Shayea""}]}, {""id"": ""4wGfbRYiGIzqwXTtYPnE5S"", ""position"": 2, ""title"": ""Romania"", ""duration_seconds"": 257.933, ""artist_credits"": [{""id"": """", ""name"": ""Mehrad Hidden""}, {""id"": """", ""name"": ""Shayea""}]}, {""id"": ""3k0jsybir94gFhZrmjYaAs"", ""position"": 3, ""title"": ""Bala Dastim"", ""duration_seconds"": 215.719, ""artist_credits"": [{""id"": """", ""name"": ""Mehrad Hidden""}, {""id"": """", ""name"": ""Shayea""}]}, {""id"": ""153ZvMNn4aNuKsB567Ze5y"", ""position"": 4, ""title"": ""Be Name Khoda"", ""duration_seconds"": 198.948, ""artist_credits"": [{""id"": """", ""name"": ""Mehrad Hidden""}, {""id"": """", ""name"": ""Shayea""}]}, {""id"": ""2DrdUReQUQYZ0UoANnVy5t"", ""position"": 5, ""title"": ""Bekhand"", ""duration_seconds"": 274.834, ""artist_credits"": [{""id"": """", ""name"": ""Mehrad Hidden""}, {""id"": """", ""name"": ""Shayea""}]}, {""id"": ""2E9Mg4hUr2pWKbVIy5pIGo"", ""position"": 6, ""title"": ""Seyl 2"", ""duration_seconds"": 317.231, ""artist_credits"": [{""id"": """", ""name"": ""Mehrad Hidden""}, {""id"": """", ""name"": ""Shayea""}]}]",2026-10-04T14:27:13.004579+00:00,,not_rechecked,Not probed; metadata-only alternative,No attached acquisition evidence,False
2026-10-04T14:47:54.222104+00:00,5d89fcedcc1c01d5f9f00b533242e6d9045fbb0f,spotify:album:6H2dUgWnssEDFFYGOxRlcK,spotify,6H2dUgWnssEDFFYGOxRlcK,Rend,https://open.spotify.com/album/6H2dUgWnssEDFFYGOxRlcK,LP,explicit_spotify_type,latest_candidate,[20],[],"[{""artist_id"": 20, ""artist"": ""Fadaei""}, {""artist_id"": 112, ""artist"": ""Shapur""}]",2026-01-05T00:00:00Z,8,"[{""id"": ""5aWL79DpD45MzDMwCTZqsN"", ""name"": ""Fadaei""}]","[""Fadaei""]","[""Shapur""]","[{""name"": ""Fadaei"", ""credited_track_positions"": [1, 2, 3, 4, 5, 6, 7, 8], ""credited_track_count"": 8, ""leading_track_positions"": [1, 2, 3, 4, 5, 6, 7, 8]}, {""name"": ""Shapur"", ""credited_track_positions"": [6], ""credited_track_count"": 1, ""leading_track_positions"": []}]",All-track credit intersection plus exact per-track coverage; roles require owner review where ambiguous,"[{""id"": ""1Z9RAL9hc6UmNiloW07Gp6"", ""position"": 1, ""title"": ""Iran Iran 2"", ""duration_seconds"": 182.433, ""artist_credits"": [{""id"": """", ""name"": ""Fadaei""}]}, {""id"": ""22ggCD7PmMhQLIibG0FTu8"", ""position"": 2, ""title"": ""Azadi"", ""duration_seconds"": 180.338, ""artist_credits"": [{""id"": """", ""name"": ""Fadaei""}]}, {""id"": ""66i8Hxu90LCS1nSold5zqG"", ""position"": 3, ""title"": ""Tehran Paris"", ""duration_seconds"": 192.525, ""artist_credits"": [{""id"": """", ""name"": ""Fadaei""}]}, {""id"": ""459wFW06xztMi54j9LSK4w"", ""position"": 4, ""title"": ""Beppa"", ""duration_seconds"": 133.366, ""artist_credits"": [{""id"": """", ""name"": ""Fadaei""}]}, {""id"": ""5nciUo4h10ZFKoqyTNcXL0"", ""position"": 5, ""title"": ""Perspolis"", ""duration_seconds"": 186.133, ""artist_credits"": [{""id"": """", ""name"": ""Fadaei""}]}, {""id"": ""4IMTOwiW6M1fUo3TgmQzJy"", ""position"": 6, ""title"": ""Menare"", ""duration_seconds"": 264.6, ""artist_credits"": [{""id"": """", ""name"": ""Fadaei""}, {""id"": """", ""name"": ""Shapur""}]}, {""id"": ""6Xuafwna4JhaPR0zlR1Min"", ""position"": 7, ""title"": ""Mahal"", ""duration_seconds"": 196.262, ""artist_credits"": [{""id"": """", ""name"": ""Fadaei""}]}, {""id"": ""1OEw3za5CYE8a8tO7UuQBS"", ""position"": 8, ""title"": ""Madar"", ""duration_seconds"": 145.966, ""artist_credits"": [{""id"": """", ""name"": ""Fadaei""}]}]",2026-10-04T14:27:14.982670+00:00,,not_rechecked,No matching media source established by the earlier bounded metadata checks; full recording untested,No full-acquisition evidence attached,False
2026-10-04T14:47:54.222104+00:00,5d89fcedcc1c01d5f9f00b533242e6d9045fbb0f,spotify:album:2kA0wiTt80o0Rq8TPtWZxa,spotify,2kA0wiTt80o0Rq8TPtWZxa,Carnival Series Episode 1,https://open.spotify.com/album/2kA0wiTt80o0Rq8TPtWZxa,EP,EP_confirmed_Spotify_and_Apple,latest_candidate,[21],[],"[{""artist_id"": 21, ""artist"": ""Sina Sae""}]",2025-11-07T00:00:00Z,1,"[{""id"": ""5er043agmHdVZkWTxL0Lpk"", ""name"": ""Sina Sae""}]","[""Sina Sae""]",[],"[{""name"": ""Sina Sae"", ""credited_track_positions"": [1], ""credited_track_count"": 1, ""leading_track_positions"": [1]}]",All-track credit intersection plus exact per-track coverage; roles require owner review where ambiguous,"[{""id"": ""2QJRCpVrpkhaOzhmwB7chW"", ""position"": 1, ""title"": ""Carnival Series Episode 1"", ""duration_seconds"": 778.98, ""artist_credits"": [{""id"": """", ""name"": ""Sina Sae""}]}]",2026-10-04T14:27:17.745117+00:00,,not_rechecked,No matching media source established by the earlier bounded metadata checks; full recording untested,No full-acquisition evidence attached,False
2026-10-04T14:47:54.222104+00:00,5d89fcedcc1c01d5f9f00b533242e6d9045fbb0f,spotify:album:3Wb9GGGGiEidDo0RntlSLq,spotify,3Wb9GGGGiEidDo0RntlSLq,Deja vu,https://open.spotify.com/album/3Wb9GGGGiEidDo0RntlSLq,EP,explicit_spotify_type,unambiguous_alternative,[],[21],"[{""artist_id"": 21, ""artist"": ""Sina Sae""}]",2025-05-21T00:00:00Z,4,"[{""id"": ""5er043agmHdVZkWTxL0Lpk"", ""name"": ""Sina Sae""}]","[""Sina Sae""]",[],"[{""name"": ""Sina Sae"", ""credited_track_positions"": [1, 2, 3, 4], ""credited_track_count"": 4, ""leading_track_positions"": [1, 2, 3, 4]}]",All-track credit intersection plus exact per-track coverage; roles require owner review where ambiguous,"[{""id"": ""5UOmxN0r3u8oe4UgwOYHwJ"", ""position"": 1, ""title"": ""Deja vu"", ""duration_seconds"": 226.363, ""artist_credits"": [{""id"": """", ""name"": ""Sina Sae""}]}, {""id"": ""7vKUoxnL5kkywKHv9YxfHc"", ""position"": 2, ""title"": ""Rose"", ""duration_seconds"": 274.029, ""artist_credits"": [{""id"": """", ""name"": ""Sina Sae""}]}, {""id"": ""6ePaILXTsxGms2N8KyEe14"", ""position"": 3, ""title"": ""Yademoon Namoone"", ""duration_seconds"": 289.993, ""artist_credits"": [{""id"": """", ""name"": ""Sina Sae""}]}, {""id"": ""46bECY5wjOyAU17hbhUSqX"", ""position"": 4, ""title"": ""Khabarat"", ""duration_seconds"": 217.955, ""artist_credits"": [{""id"": """", ""name"": ""Sina Sae""}]}]",2026-10-04T14:27:18.730281+00:00,,not_rechecked,Not probed; metadata-only alternative,No attached acquisition evidence,False
2026-10-04T14:47:54.222104+00:00,5d89fcedcc1c01d5f9f00b533242e6d9045fbb0f,spotify:album:7oQ2HPJmaoE8PZlGDAnkgG,spotify,7oQ2HPJmaoE8PZlGDAnkgG,Old of YAS,https://open.spotify.com/album/7oQ2HPJmaoE8PZlGDAnkgG,LP,explicit_spotify_type,latest_candidate,[23],[],"[{""artist_id"": 23, ""artist"": ""Yas""}]",2008-06-05T00:00:00Z,18,"[{""id"": ""7b8pXheEOc28fyFJnQzqmL"", ""name"": ""Yas""}]","[""Yas""]","[""Sara Naeini"", ""AaMin"", ""Rastin Zabihi"", ""Nima Allameh""]","[{""name"": ""Yas"", ""credited_track_positions"": [1, 2, 3, 4, 5, 6, 7, 8, 9, 10, 11, 12, 13, 14, 15, 16, 17, 18], ""credited_track_count"": 18, ""leading_track_positions"": [1, 2, 3, 4, 5, 6, 7, 8, 9, 10, 11, 12, 13, 14, 15, 16, 17, 18]}, {""name"": ""Sara Naeini"", ""credited_track_positions"": [2], ""credited_track_count"": 1, ""leading_track_positions"": []}, {""name"": ""AaMin"", ""credited_track_positions"": [3, 6], ""credited_track_count"": 2, ""leading_track_positions"": []}, {""name"": ""Rastin Zabihi"", ""credited_track_positions"": [7], ""credited_track_count"": 1, ""leading_track_positions"": []}, {""name"": ""Nima Allameh"", ""credited_track_positions"": [11], ""credited_track_count"": 1, ""leading_track_positions"": []}]",All-track credit intersection plus exact per-track coverage; roles require owner review where ambiguous,"[{""id"": ""1uwhtb1xSRjMlsNXMWo0JZ"", ""position"": 1, ""title"": ""Dard E Del"", ""duration_seconds"": 243.983, ""artist_credits"": [{""id"": """", ""name"": ""Yas""}]}, {""id"": ""1Vxri9CXy9ozuo8og0kDGX"", ""position"": 2, ""title"": ""Zehi Eshgh"", ""duration_seconds"": 158.004, ""artist_credits"": [{""id"": """", ""name"": ""Yas""}, {""id"": """", ""name"": ""Sara Naeini""}]}, {""id"": ""1wg6b5TjxvZnsTbKGlKGoc"", ""position"": 3, ""title"": ""CD Ro Beshkan"", ""duration_seconds"": 240.016, ""artist_credits"": [{""id"": """", ""name"": ""Yas""}, {""id"": """", ""name"": ""AaMin""}]}, {""id"": ""6lHNQe4qFGvqPyh7dy0Qgo"", ""position"": 4, ""title"": ""Bayad Betoonim"", ""duration_seconds"": 305.0, ""artist_credits"": [{""id"": """", ""name"": ""Yas""}]}, {""id"": ""3sk67l1bdzmHBwu93M4V4j"", ""position"": 5, ""title"": ""Na Aslan"", ""duration_seconds"": 155.002, ""artist_credits"": [{""id"": """", ""name"": ""Yas""}]}, {""id"": ""2ZzonLUrSLSnZ39m0cWY4m"", ""position"": 6, ""title"": ""Hoviate Man"", ""duration_seconds"": 229.011, ""artist_credits"": [{""id"": """", ""name"": ""Yas""}, {""id"": """", ""name"": ""AaMin""}]}, {""id"": ""2dO7FMU2GZDjVYpatJSjx2"", ""position"": 7, ""title"": ""Be Omide Iran"", ""duration_seconds"": 266.009, ""artist_credits"": [{""id"": """", ""name"": ""Yas""}, {""id"": """", ""name"": ""Rastin Zabihi""}]}, {""id"": ""7f2gGeV7I1sSRTPm4ucyzq"", ""position"": 8, ""title"": ""Solh Toei"", ""duration_seconds"": 231.992, ""artist_credits"": [{""id"": """", ""name"": ""Yas""}]}, {""id"": ""2pxGCaLQLcLXqv5wEtrrj7"", ""position"": 9, ""title"": ""Tamoomesh Kon"", ""duration_seconds"": 185.015, ""artist_credits"": [{""id"": """", ""name"": ""Yas""}]}, {""id"": ""2SO2qb6tevDIdA00LS71YL"", ""position"": 10, ""title"": ""Be Donya Khosh Omadi"", ""duration_seconds"": 242.001, ""artist_credits"": [{""id"": """", ""name"": ""Yas""}]}, {""id"": ""6RDfyMTR3n7auupr0YaQiW"", ""position"": 11, ""title"": ""Sakhte"", ""duration_seconds"": 262.005, ""artist_credits"": [{""id"": """", ""name"": ""Yas""}, {""id"": """", ""name"": ""Nima Allameh""}]}, {""id"": ""22Q6kYO3p5f2Wpj0UPK3wz"", ""position"": 12, ""title"": ""Darkam Kon"", ""duration_seconds"": 308.993, ""artist_credits"": [{""id"": """", ""name"": ""Yas""}]}, {""id"": ""0PgJi5uDQht3yaSYbmQlu1"", ""position"": 13, ""title"": ""Piyade Misham"", ""duration_seconds"": 280.012, ""artist_credits"": [{""id"": """", ""name"": ""Yas""}]}, {""id"": ""7GO2HUF03bQID0kMzNNDmO"", ""position"": 14, ""title"": ""Marham"", ""duration_seconds"": 218.015, ""artist_credits"": [{""id"": """", ""name"": ""Yas""}]}, {""id"": ""1216oGfet00xDX5432773a"", ""position"": 15, ""title"": ""Ba Man Bash"", ""duration_seconds"": 313.027, ""artist_credits"": [{""id"": """", ""name"": ""Yas""}]}, {""id"": ""7fifRz5GhV6TPvyISXWYrF"", ""position"": 16, ""title"": ""Delet Daryast"", ""duration_seconds"": 164.997, ""artist_credits"": [{""id"": """", ""name"": ""Yas""}]}, {""id"": ""1UEkhp9yk7yYQAgKesKHok"", ""position"": 17, ""title"": ""Sheykhe Hilegar"", ""duration_seconds"": 267.012, ""artist_credits"": [{""id"": """", ""name"": ""Yas""}]}, {""id"": ""0VM0XrDUmGHvYBTwPlmDmE"", ""position"": 18, ""title"": ""Charso"", ""duration_seconds"": 101.983, ""artist_credits"": [{""id"": """", ""name"": ""Yas""}]}]",2026-10-04T14:27:19.615045+00:00,Edition/archival status requires review: archival/leaked/collection review,not_rechecked,No matching media source established by the earlier bounded metadata checks; full recording untested,No full-acquisition evidence attached,False
2026-10-04T14:47:54.222104+00:00,5d89fcedcc1c01d5f9f00b533242e6d9045fbb0f,spotify:album:55M4NLSgJ9L44cEQgMIfH5,spotify,55M4NLSgJ9L44cEQgMIfH5,REFIGH,https://open.spotify.com/album/55M4NLSgJ9L44cEQgMIfH5,LP,explicit_spotify_type,latest_candidate,"[24, 26]",[],"[{""artist_id"": 24, ""artist"": ""Reza Pishro""}, {""artist_id"": 26, ""artist"": ""Tohi""}]",2026-09-26T00:00:00Z,11,"[{""id"": ""7pBXdJN9S9N9nNifjPixET"", ""name"": ""Tohi""}, {""id"": ""0u4qrFczDmAsJesHPgbnru"", ""name"": ""Reza Pishro""}, {""id"": ""1QLYXMAVVrk6WLYeARVBKn"", ""name"": ""Ali Owj""}, {""id"": ""5iDecKLWQeJDFuqriBm2vA"", ""name"": ""Big Shaggy""}]","[""Tohi""]","[""Reza Pishro"", ""Ali Owj"", ""Nassim"", ""Big Shaggy""]","[{""name"": ""Tohi"", ""credited_track_positions"": [1, 2, 3, 4, 5, 6, 7, 8, 9, 10, 11], ""credited_track_count"": 11, ""leading_track_positions"": [1, 2, 3, 4, 5, 6, 7, 8, 9, 10, 11]}, {""name"": ""Reza Pishro"", ""credited_track_positions"": [2, 3, 4, 5, 6, 7, 8, 9], ""credited_track_count"": 8, ""leading_track_positions"": []}, {""name"": ""Ali Owj"", ""credited_track_positions"": [3, 9], ""credited_track_count"": 2, ""leading_track_positions"": []}, {""name"": ""Nassim"", ""credited_track_positions"": [5], ""credited_track_count"": 1, ""leading_track_positions"": []}, {""name"": ""Big Shaggy"", ""credited_track_positions"": [10], ""credited_track_count"": 1, ""leading_track_positions"": []}]",All-track credit intersection plus exact per-track coverage; roles require owner review where ambiguous,"[{""id"": ""3gch57LOnfDpXQJPkZdTnC"", ""position"": 1, ""title"": ""Intro"", ""duration_seconds"": 92.307, ""artist_credits"": [{""id"": """", ""name"": ""Tohi""}]}, {""id"": ""5MaeIkTLYRvQBO1cdTqJst"", ""position"": 2, ""title"": ""Apocalypto"", ""duration_seconds"": 196.241, ""artist_credits"": [{""id"": """", ""name"": ""Tohi""}, {""id"": """", ""name"": ""Reza Pishro""}]}, {""id"": ""7143gHCixy6HnSZc7XFGlQ"", ""position"": 3, ""title"": ""11:11"", ""duration_seconds"": 196.47, ""artist_credits"": [{""id"": """", ""name"": ""Tohi""}, {""id"": """", ""name"": ""Reza Pishro""}, {""id"": """", ""name"": ""Ali Owj""}]}, {""id"": ""4tOSW5LsefSNsJFueo8G67"", ""position"": 4, ""title"": ""Refigh"", ""duration_seconds"": 180.0, ""artist_credits"": [{""id"": """", ""name"": ""Tohi""}, {""id"": """", ""name"": ""Reza Pishro""}]}, {""id"": ""4rFhNpIirWGZWyGGYgOWkG"", ""position"": 5, ""title"": ""Darnemiuftam"", ""duration_seconds"": 224.427, ""artist_credits"": [{""id"": """", ""name"": ""Tohi""}, {""id"": """", ""name"": ""Reza Pishro""}, {""id"": """", ""name"": ""Nassim""}]}, {""id"": ""72TuO9pvBSHNKb8Ox5DVnN"", ""position"": 6, ""title"": ""Benevis"", ""duration_seconds"": 180.091, ""artist_credits"": [{""id"": """", ""name"": ""Tohi""}, {""id"": """", ""name"": ""Reza Pishro""}]}, {""id"": ""1wP2j8XwYx0QWOWqhYJSai"", ""position"": 7, ""title"": ""Legends"", ""duration_seconds"": 201.428, ""artist_credits"": [{""id"": """", ""name"": ""Tohi""}, {""id"": """", ""name"": ""Reza Pishro""}]}, {""id"": ""0Zz20nPKzaBIxKzAT59btg"", ""position"": 8, ""title"": ""Jet"", ""duration_seconds"": 180.0, ""artist_credits"": [{""id"": """", ""name"": ""Tohi""}, {""id"": """", ""name"": ""Reza Pishro""}]}, {""id"": ""5Khf1WwYdDPpJK1n24r8Ps"", ""position"": 9, ""title"": ""CD"", ""duration_seconds"": 235.675, ""artist_credits"": [{""id"": """", ""name"": ""Tohi""}, {""id"": """", ""name"": ""Reza Pishro""}, {""id"": """", ""name"": ""Ali Owj""}]}, {""id"": ""1D6DMIGK0HkURuZLzxRlN4"", ""position"": 10, ""title"": ""Raghse Andam 3"", ""duration_seconds"": 222.5, ""artist_credits"": [{""id"": """", ""name"": ""Tohi""}, {""id"": """", ""name"": ""Big Shaggy""}]}, {""id"": ""7oX7n5eaHQcLer1FV2a0xO"", ""position"": 11, ""title"": ""Dicaprio"", ""duration_seconds"": 166.956, ""artist_credits"": [{""id"": """", ""name"": ""Tohi""}]}]",2026-10-04T14:27:20.440208+00:00,Artist is not credited on every track; co-primary versus featured/guest album attribution requires review,not_rechecked,No matching media source established by the earlier bounded metadata checks; full recording untested,No full-acquisition evidence attached,False
2026-10-04T14:47:54.222104+00:00,5d89fcedcc1c01d5f9f00b533242e6d9045fbb0f,spotify:album:3qjVDg0hjqQnTg3lGzEvgK,spotify,3qjVDg0hjqQnTg3lGzEvgK,Nirvana,https://open.spotify.com/album/3qjVDg0hjqQnTg3lGzEvgK,LP,explicit_spotify_type,unambiguous_alternative,[],[24],"[{""artist_id"": 15, ""artist"": ""Canis""}, {""artist_id"": 24, ""artist"": ""Reza Pishro""}, {""artist_id"": 105, ""artist"": ""Putak""}]",2023-07-31T00:00:00Z,7,"[{""id"": ""0u4qrFczDmAsJesHPgbnru"", ""name"": ""Reza Pishro""}]","[""Reza Pishro""]","[""Canis"", ""Putak""]","[{""name"": ""Reza Pishro"", ""credited_track_positions"": [1, 2, 3, 4, 5, 6, 7], ""credited_track_count"": 7, ""leading_track_positions"": [1, 2, 3, 4, 5, 6, 7]}, {""name"": ""Canis"", ""credited_track_positions"": [4], ""credited_track_count"": 1, ""leading_track_positions"": []}, {""name"": ""Putak"", ""credited_track_positions"": [6], ""credited_track_count"": 1, ""leading_track_positions"": []}]",All-track credit intersection plus exact per-track coverage; roles require owner review where ambiguous,"[{""id"": ""6uH0qNCbPsN6hjzVTQSLrc"", ""position"": 1, ""title"": ""Nirvana"", ""duration_seconds"": 194.823, ""artist_credits"": [{""id"": """", ""name"": ""Reza Pishro""}]}, {""id"": ""2S527NynUSv7wVhGphfPpg"", ""position"": 2, ""title"": ""Ghabrestoone Hiphop 2"", ""duration_seconds"": 238.8, ""artist_credits"": [{""id"": """", ""name"": ""Reza Pishro""}]}, {""id"": ""5OaKY8jiH8jEZT79FnGFJS"", ""position"": 3, ""title"": ""Zombie"", ""duration_seconds"": 254.104, ""artist_credits"": [{""id"": """", ""name"": ""Reza Pishro""}]}, {""id"": ""0XvDRDhDCBjrKupnp80JQ4"", ""position"": 4, ""title"": ""Dardesar"", ""duration_seconds"": 338.867, ""artist_credits"": [{""id"": """", ""name"": ""Reza Pishro""}, {""id"": """", ""name"": ""Canis""}]}, {""id"": ""6ab4rf3InrldCTEzBaYG6d"", ""position"": 5, ""title"": ""Bache Bahala"", ""duration_seconds"": 206.972, ""artist_credits"": [{""id"": """", ""name"": ""Reza Pishro""}]}, {""id"": ""4VNRFVsVeHsd9RE2sxF8Hx"", ""position"": 6, ""title"": ""Bale Ghorban"", ""duration_seconds"": 225.576, ""artist_credits"": [{""id"": """", ""name"": ""Reza Pishro""}, {""id"": """", ""name"": ""Putak""}]}, {""id"": ""3CNp2EZOJ6WUDLQeNfUE49"", ""position"": 7, ""title"": ""Nazm"", ""duration_seconds"": 178.0, ""artist_credits"": [{""id"": """", ""name"": ""Reza Pishro""}]}]",2026-10-04T14:27:21.514621+00:00,,not_rechecked,Not probed; metadata-only alternative,No attached acquisition evidence,False
2026-10-04T14:47:54.222104+00:00,5d89fcedcc1c01d5f9f00b533242e6d9045fbb0f,spotify:album:2Fcz6pS1lB234jeHGZ4TH0,spotify,2Fcz6pS1lB234jeHGZ4TH0,The Poet's Chamber,https://open.spotify.com/album/2Fcz6pS1lB234jeHGZ4TH0,LP,explicit_spotify_type,latest_candidate,[27],[],"[{""artist_id"": 27, ""artist"": ""Erfan""}]",2025-11-14T00:00:00Z,8,"[{""id"": ""2SbRUon2RHt4dGKqMwXwPI"", ""name"": ""XYE""}, {""id"": ""1yPzb9mqugowOfUs2vIOgL"", ""name"": ""Erfan""}]","[""XYE"", ""Erfan""]","[""ASADI""]","[{""name"": ""XYE"", ""credited_track_positions"": [1, 2, 3, 4, 5, 6, 7, 8], ""credited_track_count"": 8, ""leading_track_positions"": [1, 2, 3, 4, 5, 6, 7, 8]}, {""name"": ""Erfan"", ""credited_track_positions"": [1, 2, 3, 4, 5, 6, 7, 8], ""credited_track_count"": 8, ""leading_track_positions"": []}, {""name"": ""ASADI"", ""credited_track_positions"": [4], ""credited_track_count"": 1, ""leading_track_positions"": []}]",All-track credit intersection plus exact per-track coverage; roles require owner review where ambiguous,"[{""id"": ""3BzO6eaWRZaxMj15kKCzI2"", ""position"": 1, ""title"": ""Bones Loved"", ""duration_seconds"": 171.75, ""artist_credits"": [{""id"": """", ""name"": ""XYE""}, {""id"": """", ""name"": ""Erfan""}]}, {""id"": ""23KyzV445YwE611Mw7uq1E"", ""position"": 2, ""title"": ""Xyestafa"", ""duration_seconds"": 205.79, ""artist_credits"": [{""id"": """", ""name"": ""XYE""}, {""id"": """", ""name"": ""Erfan""}]}, {""id"": ""7AcP2jg5MVD6hkb4VBOIVz"", ""position"": 3, ""title"": ""Falling Elsewhere"", ""duration_seconds"": 162.957, ""artist_credits"": [{""id"": """", ""name"": ""XYE""}, {""id"": """", ""name"": ""Erfan""}]}, {""id"": ""08yuR8yvbeP3ZjeUsmhAVA"", ""position"": 4, ""title"": ""Mirror's Edge"", ""duration_seconds"": 222.751, ""artist_credits"": [{""id"": """", ""name"": ""XYE""}, {""id"": """", ""name"": ""Erfan""}, {""id"": """", ""name"": ""ASADI""}]}, {""id"": ""1WWdstIsOblutsS12s3vcr"", ""position"": 5, ""title"": ""Keeper of the Crown"", ""duration_seconds"": 163.2, ""artist_credits"": [{""id"": """", ""name"": ""XYE""}, {""id"": """", ""name"": ""Erfan""}]}, {""id"": ""5UDwQm0YVFdlDEV5lghrCz"", ""position"": 6, ""title"": ""The Poet's Chamber"", ""duration_seconds"": 260.341, ""artist_credits"": [{""id"": """", ""name"": ""XYE""}, {""id"": """", ""name"": ""Erfan""}]}, {""id"": ""6CHodgCaa8tfhdZ3LBcuyR"", ""position"": 7, ""title"": ""To the Sea"", ""duration_seconds"": 213.333, ""artist_credits"": [{""id"": """", ""name"": ""XYE""}, {""id"": """", ""name"": ""Erfan""}]}, {""id"": ""6CnjS9mdqzN6Vy1yuDFOY8"", ""position"": 8, ""title"": ""Meet Me at Midnight"", ""duration_seconds"": 216.083, ""artist_credits"": [{""id"": """", ""name"": ""XYE""}, {""id"": """", ""name"": ""Erfan""}]}]",2026-10-04T14:27:25.487918+00:00,,not_rechecked,No matching media source established by the earlier bounded metadata checks; full recording untested,No full-acquisition evidence attached,False
2026-10-04T14:47:54.222104+00:00,5d89fcedcc1c01d5f9f00b533242e6d9045fbb0f,spotify:album:20xFt3YcYMN4hyNQ0mqvon,spotify,20xFt3YcYMN4hyNQ0mqvon,Tars,https://open.spotify.com/album/20xFt3YcYMN4hyNQ0mqvon,EP,classification_review,latest_candidate,[28],[],"[{""artist_id"": 28, ""artist"": ""Amir Tataloo""}]",2026-09-29T00:00:00Z,1,"[{""id"": ""5CEosSs2y4M9THNGI6mej8"", ""name"": ""Amir Tataloo""}]","[""Amir Tataloo""]",[],"[{""name"": ""Amir Tataloo"", ""credited_track_positions"": [1], ""credited_track_count"": 1, ""leading_track_positions"": [1]}]",All-track credit intersection plus exact per-track coverage; roles require owner review where ambiguous,"[{""id"": ""3Vou7V8UWr5mHpeSwfk7AC"", ""position"": 1, ""title"": ""Tars"", ""duration_seconds"": 881.202, ""artist_credits"": [{""id"": """", ""name"": ""Amir Tataloo""}]}]",2026-10-04T14:27:28.196043+00:00,Spotify explicitly labels an extended one-track release EP; independent explicit release classification was not corroborated; do not infer Single from track count,not_rechecked,No matching media source established by the earlier bounded metadata checks; full recording untested,No full-acquisition evidence attached,False
2026-10-04T14:47:54.222104+00:00,5d89fcedcc1c01d5f9f00b533242e6d9045fbb0f,spotify:album:1iL9DwnGphoCy7tpyzQWH9,spotify,1iL9DwnGphoCy7tpyzQWH9,Sayeh,https://open.spotify.com/album/1iL9DwnGphoCy7tpyzQWH9,LP,explicit_spotify_type,unambiguous_alternative,[],[28],"[{""artist_id"": 28, ""artist"": ""Amir Tataloo""}]",2018-06-20T00:00:00Z,8,"[{""id"": ""5CEosSs2y4M9THNGI6mej8"", ""name"": ""Amir Tataloo""}]","[""Amir Tataloo""]","[""Duzakh"", ""Amir D-va""]","[{""name"": ""Amir Tataloo"", ""credited_track_positions"": [1, 2, 3, 4, 5, 6, 7, 8], ""credited_track_count"": 8, ""leading_track_positions"": [1, 2, 3, 4, 5, 6, 7, 8]}, {""name"": ""Duzakh"", ""credited_track_positions"": [4], ""credited_track_count"": 1, ""leading_track_positions"": []}, {""name"": ""Amir D-va"", ""credited_track_positions"": [6], ""credited_track_count"": 1, ""leading_track_positions"": []}]",All-track credit intersection plus exact per-track coverage; roles require owner review where ambiguous,"[{""id"": ""3dL6V3Mu6bhqWx8uPXHvT8"", ""position"": 1, ""title"": ""Az Panjere Bebin Biroono"", ""duration_seconds"": 249.431, ""artist_credits"": [{""id"": """", ""name"": ""Amir Tataloo""}]}, {""id"": ""3bLaCScF84xMHJKZu1kA1I"", ""position"": 2, ""title"": ""Beres"", ""duration_seconds"": 246.688, ""artist_credits"": [{""id"": """", ""name"": ""Amir Tataloo""}]}, {""id"": ""4DN9iDi1Zmz4EiqMHcnHZs"", ""position"": 3, ""title"": ""Goolehaye Barf"", ""duration_seconds"": 216.987, ""artist_credits"": [{""id"": """", ""name"": ""Amir Tataloo""}]}, {""id"": ""79F1VTk4EWpmSYzf0OgXb1"", ""position"": 4, ""title"": ""Harki Be Ma Resid"", ""duration_seconds"": 255.334, ""artist_credits"": [{""id"": """", ""name"": ""Amir Tataloo""}, {""id"": """", ""name"": ""Duzakh""}]}, {""id"": ""5MxQXAYEUR0FUrRWoaH5f0"", ""position"": 5, ""title"": ""Man Az In Eshgh"", ""duration_seconds"": 225.947, ""artist_credits"": [{""id"": """", ""name"": ""Amir Tataloo""}]}, {""id"": ""57yruOtGnD0xGTUqjmB9L5"", ""position"": 6, ""title"": ""Bi Risheha"", ""duration_seconds"": 259.044, ""artist_credits"": [{""id"": """", ""name"": ""Amir Tataloo""}, {""id"": """", ""name"": ""Amir D-va""}]}, {""id"": ""3dzwbZWLSwyl9DKFoy66lt"", ""position"": 7, ""title"": ""Sayeh"", ""duration_seconds"": 277.147, ""artist_credits"": [{""id"": """", ""name"": ""Amir Tataloo""}]}, {""id"": ""1VxzY0k5p3Qf1EVamu3aeJ"", ""position"": 8, ""title"": ""Farghi Nadare"", ""duration_seconds"": 264.268, ""artist_credits"": [{""id"": """", ""name"": ""Amir Tataloo""}]}]",2026-10-04T14:35:13.750796+00:00,,not_rechecked,Not probed; metadata-only alternative,No attached acquisition evidence,False
2026-10-04T14:47:54.222104+00:00,5d89fcedcc1c01d5f9f00b533242e6d9045fbb0f,spotify:album:63uBYgmUpGSHeojA6jkHCb,spotify,63uBYgmUpGSHeojA6jkHCb,Magnet,https://open.spotify.com/album/63uBYgmUpGSHeojA6jkHCb,LP,explicit_spotify_type,latest_candidate,[29],[],"[{""artist_id"": 29, ""artist"": ""Sohrab Mj""}]",2025-01-16T00:00:00Z,10,"[{""id"": ""2B4DnBz9uzJN5nPgLEHCt7"", ""name"": ""Sohrab Mj""}, {""id"": ""44RXtulObO1K33nXZ0Rvb5"", ""name"": ""Roohnikan""}]","[""Sohrab Mj"", ""Roohnikan""]",[],"[{""name"": ""Sohrab Mj"", ""credited_track_positions"": [1, 2, 3, 4, 5, 6, 7, 8, 9, 10], ""credited_track_count"": 10, ""leading_track_positions"": [1, 2, 3, 4, 5, 6, 7, 8, 9, 10]}, {""name"": ""Roohnikan"", ""credited_track_positions"": [1, 2, 3, 4, 5, 6, 7, 8, 9, 10], ""credited_track_count"": 10, ""leading_track_positions"": []}]",All-track credit intersection plus exact per-track coverage; roles require owner review where ambiguous,"[{""id"": ""4OCQuNlUDkEaPyJvNJ0GDX"", ""position"": 1, ""title"": ""Kankel"", ""duration_seconds"": 148.0, ""artist_credits"": [{""id"": """", ""name"": ""Sohrab Mj""}, {""id"": """", ""name"": ""Roohnikan""}]}, {""id"": ""3vapqQ2lFgshh9jH6RhBZs"", ""position"": 2, ""title"": ""Nemishe Asheghi Kard"", ""duration_seconds"": 226.315, ""artist_credits"": [{""id"": """", ""name"": ""Sohrab Mj""}, {""id"": """", ""name"": ""Roohnikan""}]}, {""id"": ""40DVTfJistlRFUE9x4CSRm"", ""position"": 3, ""title"": ""Sober"", ""duration_seconds"": 194.25, ""artist_credits"": [{""id"": """", ""name"": ""Sohrab Mj""}, {""id"": """", ""name"": ""Roohnikan""}]}, {""id"": ""7v6TkEVZhTd6KY0szERtlz"", ""position"": 4, ""title"": ""Ghahreman"", ""duration_seconds"": 170.0, ""artist_credits"": [{""id"": """", ""name"": ""Sohrab Mj""}, {""id"": """", ""name"": ""Roohnikan""}]}, {""id"": ""5br5fnZQWML4cq2Ue0Ava1"", ""position"": 5, ""title"": ""Maman"", ""duration_seconds"": 236.915, ""artist_credits"": [{""id"": """", ""name"": ""Sohrab Mj""}, {""id"": """", ""name"": ""Roohnikan""}]}, {""id"": ""0fXkHxkx9DDQr1OJjWdTDN"", ""position"": 6, ""title"": ""Chi Didi Too Khodet"", ""duration_seconds"": 149.491, ""artist_credits"": [{""id"": """", ""name"": ""Sohrab Mj""}, {""id"": """", ""name"": ""Roohnikan""}]}, {""id"": ""2crfP4bwWLHfDLq9h5T2MV"", ""position"": 7, ""title"": ""Bade To - Version 2"", ""duration_seconds"": 134.262, ""artist_credits"": [{""id"": """", ""name"": ""Sohrab Mj""}, {""id"": """", ""name"": ""Roohnikan""}]}, {""id"": ""2dHiuU7pZuu5ADKKxLX70y"", ""position"": 8, ""title"": ""Haft"", ""duration_seconds"": 184.0, ""artist_credits"": [{""id"": """", ""name"": ""Sohrab Mj""}, {""id"": """", ""name"": ""Roohnikan""}]}, {""id"": ""1RVX3fwFOKvENrAk9aP6Mw"", ""position"": 9, ""title"": ""Next Level"", ""duration_seconds"": 165.995, ""artist_credits"": [{""id"": """", ""name"": ""Sohrab Mj""}, {""id"": """", ""name"": ""Roohnikan""}]}, {""id"": ""2DXFvJVO73YlWpKRJLjXsG"", ""position"": 10, ""title"": ""Mishnavam Sedato - Version 2"", ""duration_seconds"": 244.803, ""artist_credits"": [{""id"": """", ""name"": ""Sohrab Mj""}, {""id"": """", ""name"": ""Roohnikan""}]}]",2026-10-04T14:27:31.554131+00:00,,not_rechecked,No matching media source established by the earlier bounded metadata checks; full recording untested,No full-acquisition evidence attached,False
2026-10-04T14:47:54.222104+00:00,5d89fcedcc1c01d5f9f00b533242e6d9045fbb0f,spotify:album:4cqDo7W3Eu6jkbLp5DD92c,spotify,4cqDo7W3Eu6jkbLp5DD92c,Alavis 2,https://open.spotify.com/album/4cqDo7W3Eu6jkbLp5DD92c,EP,explicit_spotify_type,latest_candidate,[30],[],"[{""artist_id"": 30, ""artist"": ""Mehrad Hidden""}]",2024-08-07T00:00:00Z,5,"[{""id"": ""0jCVTRvQkILbJvpviTpvd1"", ""name"": ""Mehrad Hidden""}, {""id"": ""3dt8LORgsqjLP8hAYsFKdY"", ""name"": ""HEEN""}]","[""Mehrad Hidden"", ""HEEN""]",[],"[{""name"": ""Mehrad Hidden"", ""credited_track_positions"": [1, 2, 3, 4, 5], ""credited_track_count"": 5, ""leading_track_positions"": [1, 2, 3, 4, 5]}, {""name"": ""HEEN"", ""credited_track_positions"": [1, 2, 3, 4, 5], ""credited_track_count"": 5, ""leading_track_positions"": []}]",All-track credit intersection plus exact per-track coverage; roles require owner review where ambiguous,"[{""id"": ""34mZezqV1QPTe8qt9FGW5i"", ""position"": 1, ""title"": ""Come What May"", ""duration_seconds"": 268.902, ""artist_credits"": [{""id"": """", ""name"": ""Mehrad Hidden""}, {""id"": """", ""name"": ""HEEN""}]}, {""id"": ""6Xxz0EyoPT8lKdgRbnJrMo"", ""position"": 2, ""title"": ""Dream Gone Wrong"", ""duration_seconds"": 318.36, ""artist_credits"": [{""id"": """", ""name"": ""Mehrad Hidden""}, {""id"": """", ""name"": ""HEEN""}]}, {""id"": ""5EvCnRrZhOwsRJoTkI33Bk"", ""position"": 3, ""title"": ""Games"", ""duration_seconds"": 248.0, ""artist_credits"": [{""id"": """", ""name"": ""Mehrad Hidden""}, {""id"": """", ""name"": ""HEEN""}]}, {""id"": ""0Gn9tcVHwC47OfiRL4vDhu"", ""position"": 4, ""title"": ""Round and Round"", ""duration_seconds"": 303.5, ""artist_credits"": [{""id"": """", ""name"": ""Mehrad Hidden""}, {""id"": """", ""name"": ""HEEN""}]}, {""id"": ""58prUjYgGdra4aJ0LWj2a8"", ""position"": 5, ""title"": ""Come What May - Piano Version"", ""duration_seconds"": 186.0, ""artist_credits"": [{""id"": """", ""name"": ""Mehrad Hidden""}, {""id"": """", ""name"": ""HEEN""}]}]",2026-10-04T14:27:34.189027+00:00,,not_rechecked,No matching media source established by the earlier bounded metadata checks; full recording untested,No full-acquisition evidence attached,False
2026-10-04T14:47:54.222104+00:00,5d89fcedcc1c01d5f9f00b533242e6d9045fbb0f,spotify:album:0lXvCzjiBL50iJhcEJntB6,spotify,0lXvCzjiBL50iJhcEJntB6,HEECH,https://open.spotify.com/album/0lXvCzjiBL50iJhcEJntB6,LP,explicit_spotify_type,latest_candidate,[84],[],"[{""artist_id"": 84, ""artist"": ""Bahram""}]",2025-12-20T00:00:00Z,11,"[{""id"": ""57LWeRc7ybAWTsS2vS1GA7"", ""name"": ""Bahram""}]","[""Bahram""]","[""Holly"", ""Peymandegar"", ""Ghodsea"", ""Nesa Azadikhah"", ""Tegh""]","[{""name"": ""Bahram"", ""credited_track_positions"": [1, 2, 3, 4, 5, 6, 7, 8, 9, 10, 11], ""credited_track_count"": 11, ""leading_track_positions"": [1, 2, 3, 4, 5, 6, 7, 8, 9, 10, 11]}, {""name"": ""Holly"", ""credited_track_positions"": [1, 11], ""credited_track_count"": 2, ""leading_track_positions"": []}, {""name"": ""Peymandegar"", ""credited_track_positions"": [2, 5, 6, 9, 10], ""credited_track_count"": 5, ""leading_track_positions"": []}, {""name"": ""Ghodsea"", ""credited_track_positions"": [3, 7], ""credited_track_count"": 2, ""leading_track_positions"": []}, {""name"": ""Nesa Azadikhah"", ""credited_track_positions"": [4], ""credited_track_count"": 1, ""leading_track_positions"": []}, {""name"": ""Tegh"", ""credited_track_positions"": [8], ""credited_track_count"": 1, ""leading_track_positions"": []}]",All-track credit intersection plus exact per-track coverage; roles require owner review where ambiguous,"[{""id"": ""5q7UzAnBEataMgHhmiJ2VG"", ""position"": 1, ""title"": ""AGHOOSH"", ""duration_seconds"": 152.0, ""artist_credits"": [{""id"": """", ""name"": ""Bahram""}, {""id"": """", ""name"": ""Holly""}]}, {""id"": ""1cwwBTIw0burOXmfEkC2me"", ""position"": 2, ""title"": ""HEECH"", ""duration_seconds"": 214.75, ""artist_credits"": [{""id"": """", ""name"": ""Bahram""}, {""id"": """", ""name"": ""Peymandegar""}]}, {""id"": ""238xHp0YFabhiYEKaaaAGV"", ""position"": 3, ""title"": ""HAMIN GOOSHE"", ""duration_seconds"": 200.727, ""artist_credits"": [{""id"": """", ""name"": ""Bahram""}, {""id"": """", ""name"": ""Ghodsea""}]}, {""id"": ""7dyvc4vTlppFy31Ht1VVq5"", ""position"": 4, ""title"": ""OON AZADEH"", ""duration_seconds"": 301.569, ""artist_credits"": [{""id"": """", ""name"": ""Bahram""}, {""id"": """", ""name"": ""Nesa Azadikhah""}]}, {""id"": ""2vJVY3GD91GbL0jjWnn89L"", ""position"": 5, ""title"": ""AGE BIAM BIROON"", ""duration_seconds"": 208.285, ""artist_credits"": [{""id"": """", ""name"": ""Bahram""}, {""id"": """", ""name"": ""Peymandegar""}]}, {""id"": ""4ll25dd6Q9tMKzGbPB3FWN"", ""position"": 6, ""title"": ""EZTERABE ZERANG BOODAN"", ""duration_seconds"": 216.774, ""artist_credits"": [{""id"": """", ""name"": ""Bahram""}, {""id"": """", ""name"": ""Peymandegar""}]}, {""id"": ""52ZG7tZyFLbZMdCXVdbUOa"", ""position"": 7, ""title"": ""SIAH"", ""duration_seconds"": 101.86, ""artist_credits"": [{""id"": """", ""name"": ""Bahram""}, {""id"": """", ""name"": ""Ghodsea""}]}, {""id"": ""0DeTDaIAIzXdYIB36XOxne"", ""position"": 8, ""title"": ""MATARSAK"", ""duration_seconds"": 200.0, ""artist_credits"": [{""id"": """", ""name"": ""Bahram""}, {""id"": """", ""name"": ""Tegh""}]}, {""id"": ""3AnZ2sGlTcQ7BK4PUf8mpW"", ""position"": 9, ""title"": ""MAAR"", ""duration_seconds"": 248.467, ""artist_credits"": [{""id"": """", ""name"": ""Bahram""}, {""id"": """", ""name"": ""Peymandegar""}]}, {""id"": ""7tNO6uTkM6gUtBnyGomvsY"", ""position"": 10, ""title"": ""ZIRE POOSTE SHAB"", ""duration_seconds"": 202.5, ""artist_credits"": [{""id"": """", ""name"": ""Bahram""}, {""id"": """", ""name"": ""Peymandegar""}]}, {""id"": ""06Vdwly4wKgoFlCNy9bHU8"", ""position"": 11, ""title"": ""CHI MIKHAY AZAM"", ""duration_seconds"": 122.5, ""artist_credits"": [{""id"": """", ""name"": ""Bahram""}, {""id"": """", ""name"": ""Holly""}]}]",2026-10-04T14:27:35.032586+00:00,,not_rechecked,Requires review: set title matched but tracks/identity/duration differ,No full-acquisition evidence attached,False
2026-10-04T14:47:54.222104+00:00,5d89fcedcc1c01d5f9f00b533242e6d9045fbb0f,spotify:album:1M7ICkaPMy3kIaAuINBGKj,spotify,1M7ICkaPMy3kIaAuINBGKj,Sigma,https://open.spotify.com/album/1M7ICkaPMy3kIaAuINBGKj,LP,explicit_spotify_type,latest_candidate,[85],[],"[{""artist_id"": 85, ""artist"": ""Shahin Najafi""}]",2022-07-16T00:00:00Z,8,"[{""id"": ""1W5u8Bz2yimyuuI8QNYsNO"", ""name"": ""Shahin Najafi""}]","[""Shahin Najafi""]","[""Golrokh Aminian"", ""Elaha Soroor""]","[{""name"": ""Shahin Najafi"", ""credited_track_positions"": [1, 2, 3, 4, 5, 6, 7, 8], ""credited_track_count"": 8, ""leading_track_positions"": [1, 2, 3, 4, 5, 6, 7, 8]}, {""name"": ""Golrokh Aminian"", ""credited_track_positions"": [2], ""credited_track_count"": 1, ""leading_track_positions"": []}, {""name"": ""Elaha Soroor"", ""credited_track_positions"": [6], ""credited_track_count"": 1, ""leading_track_positions"": []}]",All-track credit intersection plus exact per-track coverage; roles require owner review where ambiguous,"[{""id"": ""3oJ9Qc3fyVc8L7R0IX6ckg"", ""position"": 1, ""title"": ""Baraye Khandeh Naabat"", ""duration_seconds"": 318.856, ""artist_credits"": [{""id"": """", ""name"": ""Shahin Najafi""}]}, {""id"": ""3IdX8jq6ygKaYDSEHn8Izx"", ""position"": 2, ""title"": ""Azar"", ""duration_seconds"": 234.568, ""artist_credits"": [{""id"": """", ""name"": ""Shahin Najafi""}, {""id"": """", ""name"": ""Golrokh Aminian""}]}, {""id"": ""1znlAetlCUJbi26mFy3OCx"", ""position"": 3, ""title"": ""Shaere Chashmhat"", ""duration_seconds"": 339.754, ""artist_credits"": [{""id"": """", ""name"": ""Shahin Najafi""}]}, {""id"": ""3Ur3BpWj50OlzjMImmoyQy"", ""position"": 4, ""title"": ""209"", ""duration_seconds"": 231.247, ""artist_credits"": [{""id"": """", ""name"": ""Shahin Najafi""}]}, {""id"": ""1CEugsjqmhbvRdXpLDp8cx"", ""position"": 5, ""title"": ""Bahman"", ""duration_seconds"": 408.892, ""artist_credits"": [{""id"": """", ""name"": ""Shahin Najafi""}]}, {""id"": ""1B9iUTZH3yZGBSQOJFvTG1"", ""position"": 6, ""title"": ""Afkhoonestan"", ""duration_seconds"": 305.244, ""artist_credits"": [{""id"": """", ""name"": ""Shahin Najafi""}, {""id"": """", ""name"": ""Elaha Soroor""}]}, {""id"": ""0Og0MvFycubzZoa98vW2Yu"", ""position"": 7, ""title"": ""Naji"", ""duration_seconds"": 321.944, ""artist_credits"": [{""id"": """", ""name"": ""Shahin Najafi""}]}, {""id"": ""62fbnok1cIHbUzfARo3KTp"", ""position"": 8, ""title"": ""Morphine"", ""duration_seconds"": 272.491, ""artist_credits"": [{""id"": """", ""name"": ""Shahin Najafi""}]}]",2026-10-04T14:27:37.828699+00:00,,not_rechecked,No matching source found in bounded official-set probe,No full-acquisition evidence attached,False
2026-10-04T14:47:54.222104+00:00,5d89fcedcc1c01d5f9f00b533242e6d9045fbb0f,spotify:album:4a8nVbcRrtPmXQZQLioG7o,spotify,4a8nVbcRrtPmXQZQLioG7o,"Bozorg, Vol. 2",https://open.spotify.com/album/4a8nVbcRrtPmXQZQLioG7o,LP,explicit_spotify_type,latest_candidate,[86],[],"[{""artist_id"": 29, ""artist"": ""Sohrab Mj""}, {""artist_id"": 30, ""artist"": ""Mehrad Hidden""}, {""artist_id"": 86, ""artist"": ""Saman Wilson""}]",2015-02-27T00:00:00Z,19,"[{""id"": ""0jCVTRvQkILbJvpviTpvd1"", ""name"": ""Mehrad Hidden""}, {""id"": ""2CwNkCPsqVs4jRRpFJxR3H"", ""name"": ""Saman Wilson""}]","[""Mehrad Hidden"", ""Saman Wilson""]","[""Sohrab Mj"", ""Arash Dara"", ""Tara Salahi"", ""Kiarash"", ""Siamak""]","[{""name"": ""Mehrad Hidden"", ""credited_track_positions"": [1, 2, 3, 4, 5, 6, 7, 8, 9, 10, 11, 12, 13, 14, 15, 16, 17, 18, 19], ""credited_track_count"": 19, ""leading_track_positions"": [1, 2, 3, 4, 5, 6, 7, 8, 9, 10, 11, 12, 13, 14, 15, 16, 17, 18, 19]}, {""name"": ""Saman Wilson"", ""credited_track_positions"": [1, 2, 3, 4, 5, 6, 7, 8, 9, 10, 11, 12, 13, 14, 15, 16, 17, 18, 19], ""credited_track_count"": 19, ""leading_track_positions"": []}, {""name"": ""Sohrab Mj"", ""credited_track_positions"": [6, 8, 13], ""credited_track_count"": 3, ""leading_track_positions"": []}, {""name"": ""Arash Dara"", ""credited_track_positions"": [9, 16, 17, 18, 19], ""credited_track_count"": 5, ""leading_track_positions"": []}, {""name"": ""Tara Salahi"", ""credited_track_positions"": [10, 19], ""credited_track_count"": 2, ""leading_track_positions"": []}, {""name"": ""Kiarash"", ""credited_track_positions"": [11], ""credited_track_count"": 1, ""leading_track_positions"": []}, {""name"": ""Siamak"", ""credited_track_positions"": [15], ""credited_track_count"": 1, ""leading_track_positions"": []}]",All-track credit intersection plus exact per-track coverage; roles require owner review where ambiguous,"[{""id"": ""7BYWyzFJdtfVil3iv4a5HP"", ""position"": 1, ""title"": ""Bitab"", ""duration_seconds"": 273.725, ""artist_credits"": [{""id"": """", ""name"": ""Mehrad Hidden""}, {""id"": """", ""name"": ""Saman Wilson""}]}, {""id"": ""6YrOl9AoUxQ6YzJ8KNH8UP"", ""position"": 2, ""title"": ""Farda"", ""duration_seconds"": 214.035, ""artist_credits"": [{""id"": """", ""name"": ""Mehrad Hidden""}, {""id"": """", ""name"": ""Saman Wilson""}]}, {""id"": ""5rWFBYJwPphgtq6v0eRcza"", ""position"": 3, ""title"": ""Kaafi Nist"", ""duration_seconds"": 214.218, ""artist_credits"": [{""id"": """", ""name"": ""Mehrad Hidden""}, {""id"": """", ""name"": ""Saman Wilson""}]}, {""id"": ""3osI9dJuyZ3vtoebq02HbZ"", ""position"": 4, ""title"": ""Taa Tah"", ""duration_seconds"": 260.062, ""artist_credits"": [{""id"": """", ""name"": ""Mehrad Hidden""}, {""id"": """", ""name"": ""Saman Wilson""}]}, {""id"": ""17CmkRVnF2v8e8vQexthy5"", ""position"": 5, ""title"": ""Berizam Beham"", ""duration_seconds"": 231.563, ""artist_credits"": [{""id"": """", ""name"": ""Mehrad Hidden""}, {""id"": """", ""name"": ""Saman Wilson""}]}, {""id"": ""5B6m0q7kJvDmcdD6cCaMCb"", ""position"": 6, ""title"": ""Haaram"", ""duration_seconds"": 313.091, ""artist_credits"": [{""id"": """", ""name"": ""Mehrad Hidden""}, {""id"": """", ""name"": ""Saman Wilson""}, {""id"": """", ""name"": ""Sohrab Mj""}]}, {""id"": ""06SA9EZykWSlmAaDImMX87"", ""position"": 7, ""title"": ""Golagha"", ""duration_seconds"": 259.148, ""artist_credits"": [{""id"": """", ""name"": ""Mehrad Hidden""}, {""id"": """", ""name"": ""Saman Wilson""}]}, {""id"": ""7DJ8rrpNTqf0bOg29affAh"", ""position"": 8, ""title"": ""Poshtdast"", ""duration_seconds"": 266.463, ""artist_credits"": [{""id"": """", ""name"": ""Mehrad Hidden""}, {""id"": """", ""name"": ""Saman Wilson""}, {""id"": """", ""name"": ""Sohrab Mj""}]}, {""id"": ""5GYOmFsUkDRv2pbd3Ten4V"", ""position"": 9, ""title"": ""Yeki Dige"", ""duration_seconds"": 272.419, ""artist_credits"": [{""id"": """", ""name"": ""Mehrad Hidden""}, {""id"": """", ""name"": ""Saman Wilson""}, {""id"": """", ""name"": ""Arash Dara""}]}, {""id"": ""2F4imj21tCwhXAmWFXMgzb"", ""position"": 10, ""title"": ""Ghermez"", ""duration_seconds"": 265.235, ""artist_credits"": [{""id"": """", ""name"": ""Mehrad Hidden""}, {""id"": """", ""name"": ""Saman Wilson""}, {""id"": """", ""name"": ""Tara Salahi""}]}, {""id"": ""3dxXAZrweo0IjztJury4SI"", ""position"": 11, ""title"": ""Emrooz Na"", ""duration_seconds"": 221.375, ""artist_credits"": [{""id"": """", ""name"": ""Mehrad Hidden""}, {""id"": """", ""name"": ""Saman Wilson""}, {""id"": """", ""name"": ""Kiarash""}]}, {""id"": ""5puQtwRAvJgH4LNv6kzedD"", ""position"": 12, ""title"": ""Tond Naro"", ""duration_seconds"": 281.823, ""artist_credits"": [{""id"": """", ""name"": ""Mehrad Hidden""}, {""id"": """", ""name"": ""Saman Wilson""}]}, {""id"": ""6TqH7O4o8hNBb9oLlTLfPS"", ""position"": 13, ""title"": ""Hamin.K.Ha"", ""duration_seconds"": 289.372, ""artist_credits"": [{""id"": """", ""name"": ""Mehrad Hidden""}, {""id"": """", ""name"": ""Saman Wilson""}, {""id"": """", ""name"": ""Sohrab Mj""}]}, {""id"": ""22UfsywhTqsG0XyTqYgELZ"", ""position"": 14, ""title"": ""Eloel"", ""duration_seconds"": 235.246, ""artist_credits"": [{""id"": """", ""name"": ""Mehrad Hidden""}, {""id"": """", ""name"": ""Saman Wilson""}]}, {""id"": ""6VcmM1ahwkuCnmz5LIpHwL"", ""position"": 15, ""title"": ""Sheyda"", ""duration_seconds"": 318.969, ""artist_credits"": [{""id"": """", ""name"": ""Mehrad Hidden""}, {""id"": """", ""name"": ""Saman Wilson""}, {""id"": """", ""name"": ""Siamak""}]}, {""id"": ""1y9tJ0PAXUt3VyXWEVmjnY"", ""position"": 16, ""title"": ""Bozorg"", ""duration_seconds"": 375.367, ""artist_credits"": [{""id"": """", ""name"": ""Mehrad Hidden""}, {""id"": """", ""name"": ""Saman Wilson""}, {""id"": """", ""name"": ""Arash Dara""}]}, {""id"": ""7viMavTRLzkLUc11x9e7Xo"", ""position"": 17, ""title"": ""Vaysa"", ""duration_seconds"": 290.051, ""artist_credits"": [{""id"": """", ""name"": ""Mehrad Hidden""}, {""id"": """", ""name"": ""Saman Wilson""}, {""id"": """", ""name"": ""Arash Dara""}]}, {""id"": ""30wDtxNkFxPb1YshHtoNi5"", ""position"": 18, ""title"": ""Pasho"", ""duration_seconds"": 308.624, ""artist_credits"": [{""id"": """", ""name"": ""Mehrad Hidden""}, {""id"": """", ""name"": ""Saman Wilson""}, {""id"": """", ""name"": ""Arash Dara""}]}, {""id"": ""4BzOfdtp7eWig4wmYnHQMF"", ""position"": 19, ""title"": ""Khorshid"", ""duration_seconds"": 309.016, ""artist_credits"": [{""id"": """", ""name"": ""Mehrad Hidden""}, {""id"": """", ""name"": ""Saman Wilson""}, {""id"": """", ""name"": ""Arash Dara""}, {""id"": """", ""name"": ""Tara Salahi""}]}]",2026-10-04T14:27:41.184611+00:00,,not_rechecked,No matching media source established by the earlier bounded metadata checks; full recording untested,No full-acquisition evidence attached,False
2026-10-04T14:47:54.222104+00:00,5d89fcedcc1c01d5f9f00b533242e6d9045fbb0f,spotify:album:2cypAUwFLV50MzFfWtlfFb,spotify,2cypAUwFLV50MzFfWtlfFb,LEITMOTIV,https://open.spotify.com/album/2cypAUwFLV50MzFfWtlfFb,LP,explicit_spotify_type,latest_candidate,[87],[],"[{""artist_id"": 17, ""artist"": ""Behzad Leito""}, {""artist_id"": 18, ""artist"": ""Sepehr Khalse""}, {""artist_id"": 29, ""artist"": ""Sohrab Mj""}, {""artist_id"": 30, ""artist"": ""Mehrad Hidden""}, {""artist_id"": 86, ""artist"": ""Saman Wilson""}, {""artist_id"": 87, ""artist"": ""Alireza Jj""}]",2024-07-18T00:00:00Z,14,"[{""id"": ""3tecdksDTajgP8xxkuDgyJ"", ""name"": ""Alireza Jj""}]","[""Alireza Jj""]","[""Arash Dara"", ""Yasna"", ""Mehrad Hidden"", ""Sohrab Mj"", ""Sepehr Khalse"", ""Behzad Leito"", ""Ayzun"", ""Shayan Eshraghi"", ""Saman Wilson"", ""021G""]","[{""name"": ""Alireza Jj"", ""credited_track_positions"": [1, 2, 3, 4, 5, 6, 7, 8, 9, 10, 11, 12, 13, 14], ""credited_track_count"": 14, ""leading_track_positions"": [1, 2, 3, 4, 5, 6, 7, 8, 9, 10, 11, 12, 13, 14]}, {""name"": ""Arash Dara"", ""credited_track_positions"": [1], ""credited_track_count"": 1, ""leading_track_positions"": []}, {""name"": ""Yasna"", ""credited_track_positions"": [2, 13], ""credited_track_count"": 2, ""leading_track_positions"": []}, {""name"": ""Mehrad Hidden"", ""credited_track_positions"": [3], ""credited_track_count"": 1, ""leading_track_positions"": []}, {""name"": ""Sohrab Mj"", ""credited_track_positions"": [4], ""credited_track_count"": 1, ""leading_track_positions"": []}, {""name"": ""Sepehr Khalse"", ""credited_track_positions"": [4, 13], ""credited_track_count"": 2, ""leading_track_positions"": []}, {""name"": ""Behzad Leito"", ""credited_track_positions"": [9], ""credited_track_count"": 1, ""leading_track_positions"": []}, {""name"": ""Ayzun"", ""credited_track_positions"": [9], ""credited_track_count"": 1, ""leading_track_positions"": []}, {""name"": ""Shayan Eshraghi"", ""credited_track_positions"": [10, 14], ""credited_track_count"": 2, ""leading_track_positions"": []}, {""name"": ""Saman Wilson"", ""credited_track_positions"": [12], ""credited_track_count"": 1, ""leading_track_positions"": []}, {""name"": ""021G"", ""credited_track_positions"": [12], ""credited_track_count"": 1, ""leading_track_positions"": []}]",All-track credit intersection plus exact per-track coverage; roles require owner review where ambiguous,"[{""id"": ""64i6goyhS1lzFeFDZgcVr9"", ""position"": 1, ""title"": ""Chi Shodam Man"", ""duration_seconds"": 258.857, ""artist_credits"": [{""id"": """", ""name"": ""Alireza Jj""}, {""id"": """", ""name"": ""Arash Dara""}]}, {""id"": ""7hEJi5THcu2DHoLJIy8bFC"", ""position"": 2, ""title"": ""Maashe - Bang Bang, Vol. 2"", ""duration_seconds"": 227.2, ""artist_credits"": [{""id"": """", ""name"": ""Alireza Jj""}, {""id"": """", ""name"": ""Yasna""}]}, {""id"": ""1ThcQY5bePhBqnfxFeJLpk"", ""position"": 3, ""title"": ""Beham Rikhte"", ""duration_seconds"": 284.551, ""artist_credits"": [{""id"": """", ""name"": ""Alireza Jj""}, {""id"": """", ""name"": ""Mehrad Hidden""}]}, {""id"": ""0U8wGMD3OIdJUSVyxvPiNo"", ""position"": 4, ""title"": ""Chera Nashe"", ""duration_seconds"": 256.888, ""artist_credits"": [{""id"": """", ""name"": ""Alireza Jj""}, {""id"": """", ""name"": ""Sohrab Mj""}, {""id"": """", ""name"": ""Sepehr Khalse""}]}, {""id"": ""5htrPCpadMOis2RKV5HUoj"", ""position"": 5, ""title"": ""Vasl, Pt. 2 (Skit)"", ""duration_seconds"": 72.777, ""artist_credits"": [{""id"": """", ""name"": ""Alireza Jj""}]}, {""id"": ""4ifoeD3oISlQZtJLanYg2D"", ""position"": 6, ""title"": ""Khoonevadeh"", ""duration_seconds"": 204.068, ""artist_credits"": [{""id"": """", ""name"": ""Alireza Jj""}]}, {""id"": ""3ECxiSFpJQosPtGLMhWtiX"", ""position"": 7, ""title"": ""Martin Scorsese (Skit)"", ""duration_seconds"": 14.053, ""artist_credits"": [{""id"": """", ""name"": ""Alireza Jj""}]}, {""id"": ""64WCS2T6C2RAi1DxWPaFRe"", ""position"": 8, ""title"": ""YouTube Star"", ""duration_seconds"": 237.061, ""artist_credits"": [{""id"": """", ""name"": ""Alireza Jj""}]}, {""id"": ""3IbvUZtLw2jJ4ZC2YoW2RZ"", ""position"": 9, ""title"": ""Jazire"", ""duration_seconds"": 242.181, ""artist_credits"": [{""id"": """", ""name"": ""Alireza Jj""}, {""id"": """", ""name"": ""Behzad Leito""}, {""id"": """", ""name"": ""Ayzun""}]}, {""id"": ""2Aa4Y21Uz0lCoNYapXQRbu"", ""position"": 10, ""title"": ""Daste Khodam Nist"", ""duration_seconds"": 217.286, ""artist_credits"": [{""id"": """", ""name"": ""Alireza Jj""}, {""id"": """", ""name"": ""Shayan Eshraghi""}]}, {""id"": ""0EZENiOnZvbAwtcBSFV0LS"", ""position"": 11, ""title"": ""Memories"", ""duration_seconds"": 245.237, ""artist_credits"": [{""id"": """", ""name"": ""Alireza Jj""}]}, {""id"": ""008QakyY228ZRt7iJO4XDh"", ""position"": 12, ""title"": ""Level Up"", ""duration_seconds"": 260.0, ""artist_credits"": [{""id"": """", ""name"": ""Alireza Jj""}, {""id"": """", ""name"": ""Saman Wilson""}, {""id"": """", ""name"": ""021G""}]}, {""id"": ""6cMp4bM9fL50WSUiIfN1dL"", ""position"": 13, ""title"": ""Vaght Nadaram"", ""duration_seconds"": 218.174, ""artist_credits"": [{""id"": """", ""name"": ""Alireza Jj""}, {""id"": """", ""name"": ""Sepehr Khalse""}, {""id"": """", ""name"": ""Yasna""}]}, {""id"": ""4FFdYvOrIcyigmmuquwMf5"", ""position"": 14, ""title"": ""Sober"", ""duration_seconds"": 205.505, ""artist_credits"": [{""id"": """", ""name"": ""Alireza Jj""}, {""id"": """", ""name"": ""Shayan Eshraghi""}]}]",2026-10-04T14:27:42.054617+00:00,,not_rechecked,No matching media source established by the earlier bounded metadata checks; full recording untested,No full-acquisition evidence attached,False
2026-10-04T14:47:54.222104+00:00,5d89fcedcc1c01d5f9f00b533242e6d9045fbb0f,spotify:album:0vaU6nncOdSP8Rm1XvXoKH,spotify,0vaU6nncOdSP8Rm1XvXoKH,Zir o Bam e Zirzamin,https://open.spotify.com/album/0vaU6nncOdSP8Rm1XvXoKH,LP,explicit_spotify_type,latest_candidate,[88],[],"[{""artist_id"": 88, ""artist"": ""Quf""}]",2011-09-29T00:00:00Z,12,"[{""id"": ""1LyLFeSDfvcGc8K6caTl05"", ""name"": ""Quf""}]","[""Quf""]",[],"[{""name"": ""Quf"", ""credited_track_positions"": [1, 2, 3, 4, 5, 6, 7, 8, 9, 10, 11, 12], ""credited_track_count"": 12, ""leading_track_positions"": [1, 2, 3, 4, 5, 6, 7, 8, 9, 10, 11, 12]}]",All-track credit intersection plus exact per-track coverage; roles require owner review where ambiguous,"[{""id"": ""1A5J7N4rlI9hms54inU11o"", ""position"": 1, ""title"": ""Sobhe Masnavi"", ""duration_seconds"": 165.883, ""artist_credits"": [{""id"": """", ""name"": ""Quf""}]}, {""id"": ""2S4cFCeECqAuVv1Ue9QUcG"", ""position"": 2, ""title"": ""Balatar 1"", ""duration_seconds"": 221.657, ""artist_credits"": [{""id"": """", ""name"": ""Quf""}]}, {""id"": ""5xx4DhsnIL1hImp3dFVR77"", ""position"": 3, ""title"": ""Tariki"", ""duration_seconds"": 206.796, ""artist_credits"": [{""id"": """", ""name"": ""Quf""}]}, {""id"": ""07HBWfGAIP0EDrRWBes2ym"", ""position"": 4, ""title"": ""Hadaf (Feat. Bidad)"", ""duration_seconds"": 201.967, ""artist_credits"": [{""id"": """", ""name"": ""Quf""}]}, {""id"": ""6KiLuNIY5GIlZwEi6D9Cis"", ""position"": 5, ""title"": ""I.R.A.N. (Feat. 7Khat)"", ""duration_seconds"": 288.949, ""artist_credits"": [{""id"": """", ""name"": ""Quf""}]}, {""id"": ""5kFke1PvCgwkfKNZ2mIzQu"", ""position"": 6, ""title"": ""Hesse Gharib"", ""duration_seconds"": 226.069, ""artist_credits"": [{""id"": """", ""name"": ""Quf""}]}, {""id"": ""5S1mksvfOZTpqtyh76w38R"", ""position"": 7, ""title"": ""Khavar Miane (Feat. Lowkey)"", ""duration_seconds"": 216.92, ""artist_credits"": [{""id"": """", ""name"": ""Quf""}]}, {""id"": ""3ncdmlKfLTsWa3bHj6xrdJ"", ""position"": 8, ""title"": ""Fazaye Sard"", ""duration_seconds"": 227.973, ""artist_credits"": [{""id"": """", ""name"": ""Quf""}]}, {""id"": ""6Lp3XPGAMc4T98CW71zVfG"", ""position"": 9, ""title"": ""Marjan (Feat. Reveal)"", ""duration_seconds"": 319.738, ""artist_credits"": [{""id"": """", ""name"": ""Quf""}]}, {""id"": ""76lirCwPlVbGWo7esxAJ94"", ""position"": 10, ""title"": ""Miane Ghamhayam (Feat. Fadaei)"", ""duration_seconds"": 227.973, ""artist_credits"": [{""id"": """", ""name"": ""Quf""}]}, {""id"": ""6hwnoKQSkQEDlLPUUY6LFq"", ""position"": 11, ""title"": ""Balatar 2"", ""duration_seconds"": 213.53, ""artist_credits"": [{""id"": """", ""name"": ""Quf""}]}, {""id"": ""5biJOMYMU4u8jtx2daFJbH"", ""position"": 12, ""title"": ""Shabe Khazan"", ""duration_seconds"": 170.968, ""artist_credits"": [{""id"": """", ""name"": ""Quf""}]}]",2026-10-04T14:27:45.937568+00:00,,not_rechecked,No matching media source established by the earlier bounded metadata checks; full recording untested,No full-acquisition evidence attached,False
2026-10-04T14:47:54.222104+00:00,5d89fcedcc1c01d5f9f00b533242e6d9045fbb0f,spotify:album:1YomRnpVLMXxzVCgs3CVl9,spotify,1YomRnpVLMXxzVCgs3CVl9,Mojassameh,https://open.spotify.com/album/1YomRnpVLMXxzVCgs3CVl9,LP,explicit_spotify_type,latest_candidate,[89],[],"[{""artist_id"": 89, ""artist"": ""Ali Sorena""}]",2025-02-20T00:00:00Z,20,"[{""id"": ""1gNqCEatbX4cKskpTzyAsI"", ""name"": ""Ali Sorena""}]","[""Ali Sorena""]","[""Saeed Dehghan"", ""Farshad"", ""SarrSew"", ""Atour"", ""Beatbynajwa"", ""Pari Eskandari"", ""PooYar""]","[{""name"": ""Ali Sorena"", ""credited_track_positions"": [1, 2, 3, 4, 5, 6, 7, 8, 9, 10, 11, 12, 13, 14, 15, 16, 17, 18, 19, 20], ""credited_track_count"": 20, ""leading_track_positions"": [1, 2, 3, 4, 5, 6, 7, 8, 9, 10, 11, 12, 13, 14, 15, 16, 17, 18, 19, 20]}, {""name"": ""Saeed Dehghan"", ""credited_track_positions"": [1, 3, 4, 5, 7, 8, 11, 12, 16, 20], ""credited_track_count"": 10, ""leading_track_positions"": []}, {""name"": ""Farshad"", ""credited_track_positions"": [2, 9, 13], ""credited_track_count"": 3, ""leading_track_positions"": []}, {""name"": ""SarrSew"", ""credited_track_positions"": [3, 12], ""credited_track_count"": 2, ""leading_track_positions"": []}, {""name"": ""Atour"", ""credited_track_positions"": [10, 14, 17, 18], ""credited_track_count"": 4, ""leading_track_positions"": []}, {""name"": ""Beatbynajwa"", ""credited_track_positions"": [15], ""credited_track_count"": 1, ""leading_track_positions"": []}, {""name"": ""Pari Eskandari"", ""credited_track_positions"": [15], ""credited_track_count"": 1, ""leading_track_positions"": []}, {""name"": ""PooYar"", ""credited_track_positions"": [19], ""credited_track_count"": 1, ""leading_track_positions"": []}]",All-track credit intersection plus exact per-track coverage; roles require owner review where ambiguous,"[{""id"": ""5mHZyYeg6uUNX36DMxJfQX"", ""position"": 1, ""title"": ""Mojassameh"", ""duration_seconds"": 248.888, ""artist_credits"": [{""id"": """", ""name"": ""Ali Sorena""}, {""id"": """", ""name"": ""Saeed Dehghan""}]}, {""id"": ""2Gp2TzbMlLGN8llFCxRvdj"", ""position"": 2, ""title"": ""Badhaye Vahshi"", ""duration_seconds"": 179.209, ""artist_credits"": [{""id"": """", ""name"": ""Ali Sorena""}, {""id"": """", ""name"": ""Farshad""}]}, {""id"": ""2HTbgWtLwm3FQdDVDcA23b"", ""position"": 3, ""title"": ""khaneye Sorkh"", ""duration_seconds"": 238.121, ""artist_credits"": [{""id"": """", ""name"": ""Ali Sorena""}, {""id"": """", ""name"": ""Saeed Dehghan""}, {""id"": """", ""name"": ""SarrSew""}]}, {""id"": ""5B7IefCCZE6fwkRdw6ND3F"", ""position"": 4, ""title"": ""Sarzamine Bartar"", ""duration_seconds"": 236.307, ""artist_credits"": [{""id"": """", ""name"": ""Ali Sorena""}, {""id"": """", ""name"": ""Saeed Dehghan""}]}, {""id"": ""3dKK6THlWpohu0x42NmZP5"", ""position"": 5, ""title"": ""Bandbaze Mast"", ""duration_seconds"": 224.783, ""artist_credits"": [{""id"": """", ""name"": ""Ali Sorena""}, {""id"": """", ""name"": ""Saeed Dehghan""}]}, {""id"": ""5NwauwphcVG3RZH7TV0hLF"", ""position"": 6, ""title"": ""Khab Dar Khab"", ""duration_seconds"": 224.415, ""artist_credits"": [{""id"": """", ""name"": ""Ali Sorena""}]}, {""id"": ""1E0Z8n815hlWMFikysXefb"", ""position"": 7, ""title"": ""Morse"", ""duration_seconds"": 293.333, ""artist_credits"": [{""id"": """", ""name"": ""Ali Sorena""}, {""id"": """", ""name"": ""Saeed Dehghan""}]}, {""id"": ""4ve7xVZV4DDd7R81zQ58ux"", ""position"": 8, ""title"": ""Docharkheh"", ""duration_seconds"": 184.0, ""artist_credits"": [{""id"": """", ""name"": ""Ali Sorena""}, {""id"": """", ""name"": ""Saeed Dehghan""}]}, {""id"": ""2e8f3SSUcCusG9W5ucsw65"", ""position"": 9, ""title"": ""Enghelabe Rangha"", ""duration_seconds"": 178.24, ""artist_credits"": [{""id"": """", ""name"": ""Ali Sorena""}, {""id"": """", ""name"": ""Farshad""}]}, {""id"": ""5SVqKd0lx04URj3juU5yiV"", ""position"": 10, ""title"": ""Ghatel Ya Maghtool"", ""duration_seconds"": 96.76, ""artist_credits"": [{""id"": """", ""name"": ""Ali Sorena""}, {""id"": """", ""name"": ""Atour""}]}, {""id"": ""4CbasCEJZMUbIxclm8RsM2"", ""position"": 11, ""title"": ""Gole Sorkh"", ""duration_seconds"": 205.384, ""artist_credits"": [{""id"": """", ""name"": ""Ali Sorena""}, {""id"": """", ""name"": ""Saeed Dehghan""}]}, {""id"": ""1tAzCpFqdNRLzMgKkGTwGx"", ""position"": 12, ""title"": ""Charkheshe Rangha"", ""duration_seconds"": 185.699, ""artist_credits"": [{""id"": """", ""name"": ""Ali Sorena""}, {""id"": """", ""name"": ""Saeed Dehghan""}, {""id"": """", ""name"": ""SarrSew""}]}, {""id"": ""1peID07qkCU9NlGo6ZhNAc"", ""position"": 13, ""title"": ""Enfejare Rangha"", ""duration_seconds"": 192.0, ""artist_credits"": [{""id"": """", ""name"": ""Ali Sorena""}, {""id"": """", ""name"": ""Farshad""}]}, {""id"": ""14qMBtIY7LBlPspMGEcLpk"", ""position"": 14, ""title"": ""Saeghe"", ""duration_seconds"": 228.848, ""artist_credits"": [{""id"": """", ""name"": ""Ali Sorena""}, {""id"": """", ""name"": ""Atour""}]}, {""id"": ""5MZhCtNcdSXJFpLhor9VOT"", ""position"": 15, ""title"": ""Raghase Maghroogh"", ""duration_seconds"": 254.693, ""artist_credits"": [{""id"": """", ""name"": ""Ali Sorena""}, {""id"": """", ""name"": ""Beatbynajwa""}, {""id"": """", ""name"": ""Pari Eskandari""}]}, {""id"": ""3TneASWuDJCj3bMub0H7fQ"", ""position"": 16, ""title"": ""Ki Ba Ma Zooze Mikeshe"", ""duration_seconds"": 191.25, ""artist_credits"": [{""id"": """", ""name"": ""Ali Sorena""}, {""id"": """", ""name"": ""Saeed Dehghan""}]}, {""id"": ""0nTbcHip09EYjZrSohwnmj"", ""position"": 17, ""title"": ""Mikeshan Ist"", ""duration_seconds"": 227.5, ""artist_credits"": [{""id"": """", ""name"": ""Ali Sorena""}, {""id"": """", ""name"": ""Atour""}]}, {""id"": ""6d0MoEzQ8alBPz6AIYrFJT"", ""position"": 18, ""title"": ""Toghiyan"", ""duration_seconds"": 182.769, ""artist_credits"": [{""id"": """", ""name"": ""Ali Sorena""}, {""id"": """", ""name"": ""Atour""}]}, {""id"": ""4hMNIQj28lxT4mjkreYBiO"", ""position"": 19, ""title"": ""Mikhoonim Vase Taghia"", ""duration_seconds"": 225.333, ""artist_credits"": [{""id"": """", ""name"": ""Ali Sorena""}, {""id"": """", ""name"": ""PooYar""}]}, {""id"": ""0BVZgNKxjkqib2unnGzChT"", ""position"": 20, ""title"": ""Shabe Sarde Kalanshahr"", ""duration_seconds"": 237.093, ""artist_credits"": [{""id"": """", ""name"": ""Ali Sorena""}, {""id"": """", ""name"": ""Saeed Dehghan""}]}]",2026-10-04T14:27:46.779123+00:00,,not_rechecked,Requires review: set title matched but tracks/identity/duration differ,No full-acquisition evidence attached,False
2026-10-04T14:47:54.222104+00:00,5d89fcedcc1c01d5f9f00b533242e6d9045fbb0f,spotify:album:22C1OnNz1EvwYCEmrpBPxd,spotify,22C1OnNz1EvwYCEmrpBPxd,Nashod Begam,https://open.spotify.com/album/22C1OnNz1EvwYCEmrpBPxd,LP,explicit_spotify_type,latest_candidate,[90],[],"[{""artist_id"": 90, ""artist"": ""Sadegh""}]",2023-09-27T00:00:00Z,7,"[{""id"": ""1PgsdK1Ll4oK28g6KLPOg1"", ""name"": ""Sadegh""}]","[""Sadegh""]","[""Farhaad"", ""Pedram Azad""]","[{""name"": ""Sadegh"", ""credited_track_positions"": [1, 2, 3, 4, 5, 6, 7], ""credited_track_count"": 7, ""leading_track_positions"": [1, 2, 3, 4, 5, 6, 7]}, {""name"": ""Farhaad"", ""credited_track_positions"": [6], ""credited_track_count"": 1, ""leading_track_positions"": []}, {""name"": ""Pedram Azad"", ""credited_track_positions"": [6], ""credited_track_count"": 1, ""leading_track_positions"": []}]",All-track credit intersection plus exact per-track coverage; roles require owner review where ambiguous,"[{""id"": ""2kzmpICEtwMksKYE9GAMet"", ""position"": 1, ""title"": ""Hamkharabeh"", ""duration_seconds"": 212.0, ""artist_credits"": [{""id"": """", ""name"": ""Sadegh""}]}, {""id"": ""0vL8gOyxHiWbFm3a3CTzxN"", ""position"": 2, ""title"": ""Bara Ye Doshman"", ""duration_seconds"": 225.665, ""artist_credits"": [{""id"": """", ""name"": ""Sadegh""}]}, {""id"": ""2OXqzQzzKufvlYaqpwtOca"", ""position"": 3, ""title"": ""Bara Ye Dost"", ""duration_seconds"": 124.76, ""artist_credits"": [{""id"": """", ""name"": ""Sadegh""}]}, {""id"": ""2PUk6D16l2lSDjhpVbik0b"", ""position"": 4, ""title"": ""Jen"", ""duration_seconds"": 173.538, ""artist_credits"": [{""id"": """", ""name"": ""Sadegh""}]}, {""id"": ""0bepoS765OmGTCO4ooQNfL"", ""position"": 5, ""title"": ""Nemoneh"", ""duration_seconds"": 178.814, ""artist_credits"": [{""id"": """", ""name"": ""Sadegh""}]}, {""id"": ""5D8h0s56xiYeoUhtm0TFe8"", ""position"": 6, ""title"": ""Jatoon Khaali"", ""duration_seconds"": 231.504, ""artist_credits"": [{""id"": """", ""name"": ""Sadegh""}, {""id"": """", ""name"": ""Farhaad""}, {""id"": """", ""name"": ""Pedram Azad""}]}, {""id"": ""2KIgtt47uOFHU7PaamAl9s"", ""position"": 7, ""title"": ""Felan"", ""duration_seconds"": 172.212, ""artist_credits"": [{""id"": """", ""name"": ""Sadegh""}]}]",2026-10-04T14:27:48.635655+00:00,,not_rechecked,No matching media source established by the earlier bounded metadata checks; full recording untested,No full-acquisition evidence attached,False
2026-10-04T14:47:54.222104+00:00,5d89fcedcc1c01d5f9f00b533242e6d9045fbb0f,spotify:album:35wT0eSuG97nyh4su1wXHH,spotify,35wT0eSuG97nyh4su1wXHH,Khune,https://open.spotify.com/album/35wT0eSuG97nyh4su1wXHH,EP,explicit_spotify_type,latest_candidate,[91],[],"[{""artist_id"": 91, ""artist"": ""Sogand""}]",2024-04-14T00:00:00Z,6,"[{""id"": ""2mGkJsyXC8byI83UHSO4w1"", ""name"": ""Sogand""}]","[""Sogand""]",[],"[{""name"": ""Sogand"", ""credited_track_positions"": [1, 2, 3, 4, 5, 6], ""credited_track_count"": 6, ""leading_track_positions"": [1, 2, 3, 4, 5, 6]}]",All-track credit intersection plus exact per-track coverage; roles require owner review where ambiguous,"[{""id"": ""5N7KhmL6q9hA7ZGYtzJxiN"", ""position"": 1, ""title"": ""Khune"", ""duration_seconds"": 216.241, ""artist_credits"": [{""id"": """", ""name"": ""Sogand""}]}, {""id"": ""6fx5VOjqYNBHcDf5GIF5g5"", ""position"": 2, ""title"": ""Neshastom"", ""duration_seconds"": 199.755, ""artist_credits"": [{""id"": """", ""name"": ""Sogand""}]}, {""id"": ""3fEQWz9umZsPERQaAp2Nzh"", ""position"": 3, ""title"": ""Zamin Gerde"", ""duration_seconds"": 203.762, ""artist_credits"": [{""id"": """", ""name"": ""Sogand""}]}, {""id"": ""0aSbQA4HGRiftqEg2BC4Qe"", ""position"": 4, ""title"": ""Barax"", ""duration_seconds"": 244.76, ""artist_credits"": [{""id"": """", ""name"": ""Sogand""}]}, {""id"": ""0Zw6WBEvh0YeCUCKt3eBLs"", ""position"": 5, ""title"": ""Yarab"", ""duration_seconds"": 203.389, ""artist_credits"": [{""id"": """", ""name"": ""Sogand""}]}, {""id"": ""3r8PSWJKCDYszzt3s5caEq"", ""position"": 6, ""title"": ""Dooram"", ""duration_seconds"": 121.304, ""artist_credits"": [{""id"": """", ""name"": ""Sogand""}]}]",2026-10-04T14:27:51.750172+00:00,,not_rechecked,No matching media source established by the earlier bounded metadata checks; full recording untested,No full-acquisition evidence attached,False
2026-10-04T14:47:54.222104+00:00,5d89fcedcc1c01d5f9f00b533242e6d9045fbb0f,spotify:album:7k3kmzV0rhopPPYvf7Yw0u,spotify,7k3kmzV0rhopPPYvf7Yw0u,Abraye Noghrei 3,https://open.spotify.com/album/7k3kmzV0rhopPPYvf7Yw0u,LP,explicit_spotify_type,latest_candidate,[92],[],"[{""artist_id"": 3, ""artist"": ""Amin Tijay""}, {""artist_id"": 92, ""artist"": ""Gdaal""}, {""artist_id"": 105, ""artist"": ""Putak""}, {""artist_id"": 107, ""artist"": ""Sami Low""}, {""artist_id"": 125, ""artist"": ""Octave""}, {""artist_id"": 132, ""artist"": ""021kid""}, {""artist_id"": 136, ""artist"": ""Pouriya Adroit""}]",2025-05-01T00:00:00Z,17,"[{""id"": ""7mGDv3CYlPghTIWzE6tOpv"", ""name"": ""Gdaal""}]","[""Gdaal""]","[""Tamara"", ""Ashkan Kagan"", ""Dina"", ""021G"", ""Putak"", ""Sami Low"", ""istaylowkei"", ""Octave"", ""MJoobi"", ""RiRi"", ""021kid"", ""Pouriya Adroit"", ""Aneea"", ""King Raam"", ""Ahood"", ""Amin Tijay"", ""Simi""]","[{""name"": ""Gdaal"", ""credited_track_positions"": [1, 2, 3, 4, 5, 6, 7, 8, 9, 10, 11, 12, 13, 14, 15, 16, 17], ""credited_track_count"": 17, ""leading_track_positions"": [1, 2, 3, 4, 5, 6, 7, 8, 9, 10, 11, 12, 13, 14, 15, 16, 17]}, {""name"": ""Tamara"", ""credited_track_positions"": [1], ""credited_track_count"": 1, ""leading_track_positions"": []}, {""name"": ""Ashkan Kagan"", ""credited_track_positions"": [3], ""credited_track_count"": 1, ""leading_track_positions"": []}, {""name"": ""Dina"", ""credited_track_positions"": [3, 5], ""credited_track_count"": 2, ""leading_track_positions"": []}, {""name"": ""021G"", ""credited_track_positions"": [4], ""credited_track_count"": 1, ""leading_track_positions"": []}, {""name"": ""Putak"", ""credited_track_positions"": [5], ""credited_track_count"": 1, ""leading_track_positions"": []}, {""name"": ""Sami Low"", ""credited_track_positions"": [6, 16], ""credited_track_count"": 2, ""leading_track_positions"": []}, {""name"": ""istaylowkei"", ""credited_track_positions"": [6], ""credited_track_count"": 1, ""leading_track_positions"": []}, {""name"": ""Octave"", ""credited_track_positions"": [8], ""credited_track_count"": 1, ""leading_track_positions"": []}, {""name"": ""MJoobi"", ""credited_track_positions"": [8], ""credited_track_count"": 1, ""leading_track_positions"": []}, {""name"": ""RiRi"", ""credited_track_positions"": [9], ""credited_track_count"": 1, ""leading_track_positions"": []}, {""name"": ""021kid"", ""credited_track_positions"": [10], ""credited_track_count"": 1, ""leading_track_positions"": []}, {""name"": ""Pouriya Adroit"", ""credited_track_positions"": [11], ""credited_track_count"": 1, ""leading_track_positions"": []}, {""name"": ""Aneea"", ""credited_track_positions"": [12], ""credited_track_count"": 1, ""leading_track_positions"": []}, {""name"": ""King Raam"", ""credited_track_positions"": [14], ""credited_track_count"": 1, ""leading_track_positions"": []}, {""name"": ""Ahood"", ""credited_track_positions"": [15], ""credited_track_count"": 1, ""leading_track_positions"": []}, {""name"": ""Amin Tijay"", ""credited_track_positions"": [15], ""credited_track_count"": 1, ""leading_track_positions"": []}, {""name"": ""Simi"", ""credited_track_positions"": [16], ""credited_track_count"": 1, ""leading_track_positions"": []}]",All-track credit intersection plus exact per-track coverage; roles require owner review where ambiguous,"[{""id"": ""6gE9GjEu65ZZT853y7rEvw"", ""position"": 1, ""title"": ""Marjaan"", ""duration_seconds"": 221.269, ""artist_credits"": [{""id"": """", ""name"": ""Gdaal""}, {""id"": """", ""name"": ""Tamara""}]}, {""id"": ""0PGX2WwBR7Puyl2lHbJtFh"", ""position"": 2, ""title"": ""N.G.Y.D.M"", ""duration_seconds"": 194.406, ""artist_credits"": [{""id"": """", ""name"": ""Gdaal""}]}, {""id"": ""6twSUjOQutIty2wFX7R6nY"", ""position"": 3, ""title"": ""Yadegaar"", ""duration_seconds"": 234.708, ""artist_credits"": [{""id"": """", ""name"": ""Gdaal""}, {""id"": """", ""name"": ""Ashkan Kagan""}, {""id"": """", ""name"": ""Dina""}]}, {""id"": ""39NRYGLtq5gTK2Eb4wgzQG"", ""position"": 4, ""title"": ""KK PoPo"", ""duration_seconds"": 183.375, ""artist_credits"": [{""id"": """", ""name"": ""Gdaal""}, {""id"": """", ""name"": ""021G""}]}, {""id"": ""6dtT4wpEsvTE4Qe8uDREkV"", ""position"": 5, ""title"": ""Dige Direh"", ""duration_seconds"": 181.192, ""artist_credits"": [{""id"": """", ""name"": ""Gdaal""}, {""id"": """", ""name"": ""Putak""}, {""id"": """", ""name"": ""Dina""}]}, {""id"": ""6kc4m61oB7l9s6Z8bm394w"", ""position"": 6, ""title"": ""Trap therapy"", ""duration_seconds"": 199.659, ""artist_credits"": [{""id"": """", ""name"": ""Gdaal""}, {""id"": """", ""name"": ""Sami Low""}, {""id"": """", ""name"": ""istaylowkei""}]}, {""id"": ""2TGjCfBDnzAZ3bSaYXp1Mh"", ""position"": 7, ""title"": ""Vagheyi Freestyle"", ""duration_seconds"": 141.357, ""artist_credits"": [{""id"": """", ""name"": ""Gdaal""}]}, {""id"": ""7kCg6VcQWejP5KqvthwNrO"", ""position"": 8, ""title"": ""Je t'attends"", ""duration_seconds"": 197.432, ""artist_credits"": [{""id"": """", ""name"": ""Gdaal""}, {""id"": """", ""name"": ""Octave""}, {""id"": """", ""name"": ""MJoobi""}]}, {""id"": ""3J2Ie33LgdpI9AmdfWQVgv"", ""position"": 9, ""title"": ""Trap Star"", ""duration_seconds"": 173.353, ""artist_credits"": [{""id"": """", ""name"": ""Gdaal""}, {""id"": """", ""name"": ""RiRi""}]}, {""id"": ""3GewFSQkWV2Z83RSnEm7PK"", ""position"": 10, ""title"": ""Ta delet bekhad"", ""duration_seconds"": 192.084, ""artist_credits"": [{""id"": """", ""name"": ""Gdaal""}, {""id"": """", ""name"": ""021kid""}]}, {""id"": ""1M8cQzOIg9FWoEsr9QwQDt"", ""position"": 11, ""title"": ""Siah sefid"", ""duration_seconds"": 155.433, ""artist_credits"": [{""id"": """", ""name"": ""Gdaal""}, {""id"": """", ""name"": ""Pouriya Adroit""}]}, {""id"": ""2eKtRslANHL8nk6bo1bjku"", ""position"": 12, ""title"": ""Perc"", ""duration_seconds"": 205.032, ""artist_credits"": [{""id"": """", ""name"": ""Gdaal""}, {""id"": """", ""name"": ""Aneea""}]}, {""id"": ""6Q3AgU6i0xEEXSfTjOcPrT"", ""position"": 13, ""title"": ""Amniat"", ""duration_seconds"": 203.415, ""artist_credits"": [{""id"": """", ""name"": ""Gdaal""}]}, {""id"": ""6IE1Bq9kq29m1NmJ8iFGGb"", ""position"": 14, ""title"": ""Daryaa"", ""duration_seconds"": 252.0, ""artist_credits"": [{""id"": """", ""name"": ""Gdaal""}, {""id"": """", ""name"": ""King Raam""}]}, {""id"": ""0bjPojJkugEtueB592sBhg"", ""position"": 15, ""title"": ""Barf"", ""duration_seconds"": 310.484, ""artist_credits"": [{""id"": """", ""name"": ""Gdaal""}, {""id"": """", ""name"": ""Ahood""}, {""id"": """", ""name"": ""Amin Tijay""}]}, {""id"": ""3GVhSXSr8QShgDRvy67z3J"", ""position"": 16, ""title"": ""Shemrun"", ""duration_seconds"": 214.0, ""artist_credits"": [{""id"": """", ""name"": ""Gdaal""}, {""id"": """", ""name"": ""Sami Low""}, {""id"": """", ""name"": ""Simi""}]}, {""id"": ""04ENcp1CpJMe32Mtwdp0Uo"", ""position"": 17, ""title"": ""Nasser Hejazi"", ""duration_seconds"": 165.59, ""artist_credits"": [{""id"": """", ""name"": ""Gdaal""}]}]",2026-10-04T14:27:53.568024+00:00,,not_rechecked,Partial track coverage,No full-acquisition evidence attached,False
2026-10-04T14:47:54.222104+00:00,5d89fcedcc1c01d5f9f00b533242e6d9045fbb0f,spotify:album:04SiDOxnvZSgNMjHQsl5dX,spotify,04SiDOxnvZSgNMjHQsl5dX,Man,https://open.spotify.com/album/04SiDOxnvZSgNMjHQsl5dX,EP,explicit_spotify_type,latest_candidate,[93],[],"[{""artist_id"": 93, ""artist"": ""Amir Khalvat""}]",2015-02-20T00:00:00Z,4,"[{""id"": ""3mEVURCsHml1RKlcYjRyiy"", ""name"": ""Amir Khalvat""}]","[""Amir Khalvat""]",[],"[{""name"": ""Amir Khalvat"", ""credited_track_positions"": [1, 2, 3, 4], ""credited_track_count"": 4, ""leading_track_positions"": [1, 2, 3, 4]}]",All-track credit intersection plus exact per-track coverage; roles require owner review where ambiguous,"[{""id"": ""3zVjuH86FjYAt2sNatea2B"", ""position"": 1, ""title"": ""Man"", ""duration_seconds"": 185.495, ""artist_credits"": [{""id"": """", ""name"": ""Amir Khalvat""}]}, {""id"": ""5OKifAk0QRWsfxUy1YAL7v"", ""position"": 2, ""title"": ""Shahre Moosh Ha"", ""duration_seconds"": 184.764, ""artist_credits"": [{""id"": """", ""name"": ""Amir Khalvat""}]}, {""id"": ""2bW971Ejr6txQfb3dP3kWe"", ""position"": 3, ""title"": ""Cheghad Pool"", ""duration_seconds"": 193.906, ""artist_credits"": [{""id"": """", ""name"": ""Amir Khalvat""}]}, {""id"": ""4uh2Q7cRNIa0ga27G8TLhK"", ""position"": 4, ""title"": ""Adama"", ""duration_seconds"": 154.096, ""artist_credits"": [{""id"": """", ""name"": ""Amir Khalvat""}]}]",2026-10-04T14:27:55.939563+00:00,,not_rechecked,No matching media source established by the earlier bounded metadata checks; full recording untested,No full-acquisition evidence attached,False
2026-10-04T14:47:54.222104+00:00,5d89fcedcc1c01d5f9f00b533242e6d9045fbb0f,spotify:album:2qCN8thNCMHWvzSQ47qt3A,spotify,2qCN8thNCMHWvzSQ47qt3A,Midnight,https://open.spotify.com/album/2qCN8thNCMHWvzSQ47qt3A,EP,explicit_spotify_type,latest_candidate,[95],[],"[{""artist_id"": 17, ""artist"": ""Behzad Leito""}, {""artist_id"": 95, ""artist"": ""poobon""}]",2021-02-14T00:00:00Z,6,"[{""id"": ""4hdsAoRTkGU11DynAg7iTw"", ""name"": ""poobon""}]","[""poobon""]","[""Ezza"", ""Ealia"", ""Behzad Leito"", ""Limit""]","[{""name"": ""poobon"", ""credited_track_positions"": [1, 2, 3, 4, 5, 6], ""credited_track_count"": 6, ""leading_track_positions"": [1, 2, 3, 4, 5, 6]}, {""name"": ""Ezza"", ""credited_track_positions"": [1], ""credited_track_count"": 1, ""leading_track_positions"": []}, {""name"": ""Ealia"", ""credited_track_positions"": [1], ""credited_track_count"": 1, ""leading_track_positions"": []}, {""name"": ""Behzad Leito"", ""credited_track_positions"": [3], ""credited_track_count"": 1, ""leading_track_positions"": []}, {""name"": ""Limit"", ""credited_track_positions"": [3], ""credited_track_count"": 1, ""leading_track_positions"": []}]",All-track credit intersection plus exact per-track coverage; roles require owner review where ambiguous,"[{""id"": ""6KwBfwBvOewYRvXxe1etOu"", ""position"": 1, ""title"": ""Beynemoon"", ""duration_seconds"": 155.16, ""artist_credits"": [{""id"": """", ""name"": ""poobon""}, {""id"": """", ""name"": ""Ezza""}, {""id"": """", ""name"": ""Ealia""}]}, {""id"": ""0qvWaNaCLgxMOnuhig8KP5"", ""position"": 2, ""title"": ""To"", ""duration_seconds"": 217.391, ""artist_credits"": [{""id"": """", ""name"": ""poobon""}]}, {""id"": ""0csshwFXBUGoKaYctQATCP"", ""position"": 3, ""title"": ""Akharin Mashough"", ""duration_seconds"": 196.336, ""artist_credits"": [{""id"": """", ""name"": ""poobon""}, {""id"": """", ""name"": ""Behzad Leito""}, {""id"": """", ""name"": ""Limit""}]}, {""id"": ""7fTRolZUCPbRqSZnsUJniS"", ""position"": 4, ""title"": ""D3L - Remix"", ""duration_seconds"": 202.266, ""artist_credits"": [{""id"": """", ""name"": ""poobon""}]}, {""id"": ""1kqzKPSZS5ThhiXmFwHG8Z"", ""position"": 5, ""title"": ""Dire Dg"", ""duration_seconds"": 223.764, ""artist_credits"": [{""id"": """", ""name"": ""poobon""}]}, {""id"": ""5MY9jCOKayTZ3gfcLfkdhL"", ""position"": 6, ""title"": ""Ghalbe Shishei - Mahnoosh Cover"", ""duration_seconds"": 107.102, ""artist_credits"": [{""id"": """", ""name"": ""poobon""}]}]",2026-10-04T14:27:56.901978+00:00,,not_rechecked,No matching media source established by the earlier bounded metadata checks; full recording untested,No full-acquisition evidence attached,False
2026-10-04T14:47:54.222104+00:00,5d89fcedcc1c01d5f9f00b533242e6d9045fbb0f,spotify:album:5TMBih6ttTA4dNLBQ69MW1,spotify,5TMBih6ttTA4dNLBQ69MW1,Toure Concertam,https://open.spotify.com/album/5TMBih6ttTA4dNLBQ69MW1,EP,explicit_spotify_type,latest_candidate,[96],[],"[{""artist_id"": 96, ""artist"": ""Armin Zareei""}]",2023-03-02T00:00:00Z,4,"[{""id"": ""4jUdmo1MCAWV2zEGc1uoEK"", ""name"": ""Armin Zareei""}]","[""Armin Zareei""]",[],"[{""name"": ""Armin Zareei"", ""credited_track_positions"": [1, 2, 3, 4], ""credited_track_count"": 4, ""leading_track_positions"": [1, 2, 3, 4]}]",All-track credit intersection plus exact per-track coverage; roles require owner review where ambiguous,"[{""id"": ""6zDm0bQmNKZXi7gNxNTAWx"", ""position"": 1, ""title"": ""Toure Concertam"", ""duration_seconds"": 223.021, ""artist_credits"": [{""id"": """", ""name"": ""Armin Zareei""}]}, {""id"": ""2RXIKn9skAxTiXLZdzRW55"", ""position"": 2, ""title"": ""Tarafdarame"", ""duration_seconds"": 213.121, ""artist_credits"": [{""id"": """", ""name"": ""Armin Zareei""}]}, {""id"": ""2rW1RTJPd5AJVaTSXV8rfP"", ""position"": 3, ""title"": ""Payatam"", ""duration_seconds"": 152.438, ""artist_credits"": [{""id"": """", ""name"": ""Armin Zareei""}]}, {""id"": ""3Wp29Tm3z9FdhHFD4qhqJK"", ""position"": 4, ""title"": ""Sargarmi"", ""duration_seconds"": 181.042, ""artist_credits"": [{""id"": """", ""name"": ""Armin Zareei""}]}]",2026-10-04T14:27:59.073605+00:00,,not_rechecked,No matching media source established by the earlier bounded metadata checks; full recording untested,No full-acquisition evidence attached,False
2026-10-04T14:47:54.222104+00:00,5d89fcedcc1c01d5f9f00b533242e6d9045fbb0f,spotify:album:75zv6v0DISo36fh9MLE9QL,spotify,75zv6v0DISo36fh9MLE9QL,Mehraboon,https://open.spotify.com/album/75zv6v0DISo36fh9MLE9QL,EP,explicit_spotify_type,latest_candidate,[97],[],"[{""artist_id"": 15, ""artist"": ""Canis""}, {""artist_id"": 17, ""artist"": ""Behzad Leito""}, {""artist_id"": 91, ""artist"": ""Sogand""}, {""artist_id"": 97, ""artist"": ""Zakhmi""}]",2021-07-12T00:00:00Z,5,"[{""id"": ""4jE3X9cADx45YcmBiteecQ"", ""name"": ""Zakhmi""}]","[""Zakhmi""]","[""Sogand"", ""Canis"", ""Behzad Leito"", ""Shug""]","[{""name"": ""Zakhmi"", ""credited_track_positions"": [1, 2, 3, 4, 5], ""credited_track_count"": 5, ""leading_track_positions"": [1, 2, 3, 4, 5]}, {""name"": ""Sogand"", ""credited_track_positions"": [1, 2], ""credited_track_count"": 2, ""leading_track_positions"": []}, {""name"": ""Canis"", ""credited_track_positions"": [3, 4], ""credited_track_count"": 2, ""leading_track_positions"": []}, {""name"": ""Behzad Leito"", ""credited_track_positions"": [3], ""credited_track_count"": 1, ""leading_track_positions"": []}, {""name"": ""Shug"", ""credited_track_positions"": [5], ""credited_track_count"": 1, ""leading_track_positions"": []}]",All-track credit intersection plus exact per-track coverage; roles require owner review where ambiguous,"[{""id"": ""1DrFMemHEpkpjI124k7OdO"", ""position"": 1, ""title"": ""In Jang"", ""duration_seconds"": 198.0, ""artist_credits"": [{""id"": """", ""name"": ""Zakhmi""}, {""id"": """", ""name"": ""Sogand""}]}, {""id"": ""3HszNWvfqpEWq12dFUNbO5"", ""position"": 2, ""title"": ""Heyf"", ""duration_seconds"": 282.089, ""artist_credits"": [{""id"": """", ""name"": ""Zakhmi""}, {""id"": """", ""name"": ""Sogand""}]}, {""id"": ""66GQ7r4CpplMDQXpQy1a9V"", ""position"": 3, ""title"": ""Doosto Doshman"", ""duration_seconds"": 207.489, ""artist_credits"": [{""id"": """", ""name"": ""Zakhmi""}, {""id"": """", ""name"": ""Canis""}, {""id"": """", ""name"": ""Behzad Leito""}]}, {""id"": ""71bnExg0lPt6X0WplzT18Z"", ""position"": 4, ""title"": ""Miam Pishet"", ""duration_seconds"": 268.476, ""artist_credits"": [{""id"": """", ""name"": ""Zakhmi""}, {""id"": """", ""name"": ""Canis""}]}, {""id"": ""6eykvFyHnXZTMKQmbgKhfQ"", ""position"": 5, ""title"": ""Refigham"", ""duration_seconds"": 209.575, ""artist_credits"": [{""id"": """", ""name"": ""Zakhmi""}, {""id"": """", ""name"": ""Shug""}]}]",2026-10-04T14:27:59.954083+00:00,,not_rechecked,No matching media source established by the earlier bounded metadata checks; full recording untested,No full-acquisition evidence attached,False
2026-10-04T14:47:54.222104+00:00,5d89fcedcc1c01d5f9f00b533242e6d9045fbb0f,spotify:album:1KejPTn7hcYDiokER7IsXT,spotify,1KejPTn7hcYDiokER7IsXT,Mafia,https://open.spotify.com/album/1KejPTn7hcYDiokER7IsXT,LP,explicit_spotify_type,latest_candidate,[98],[],"[{""artist_id"": 29, ""artist"": ""Sohrab Mj""}, {""artist_id"": 98, ""artist"": ""Sina Mafee""}, {""artist_id"": 99, ""artist"": ""Catchybeatz""}]",2025-05-14T00:00:00Z,11,"[{""id"": ""7sqnywamVUfDallF46rrkv"", ""name"": ""Sina Mafee""}]","[""Sina Mafee""]","[""benam"", ""Sohrab Mj"", ""Lenna"", ""Mattinll"", ""PapaBoyz"", ""Catchybeatz"", ""RiRi"", ""Amir Daaj"", ""I.Da""]","[{""name"": ""Sina Mafee"", ""credited_track_positions"": [1, 2, 3, 4, 5, 6, 7, 8, 9, 10, 11], ""credited_track_count"": 11, ""leading_track_positions"": [1, 2, 3, 4, 5, 6, 7, 8, 9, 10, 11]}, {""name"": ""benam"", ""credited_track_positions"": [2], ""credited_track_count"": 1, ""leading_track_positions"": []}, {""name"": ""Sohrab Mj"", ""credited_track_positions"": [3], ""credited_track_count"": 1, ""leading_track_positions"": []}, {""name"": ""Lenna"", ""credited_track_positions"": [3], ""credited_track_count"": 1, ""leading_track_positions"": []}, {""name"": ""Mattinll"", ""credited_track_positions"": [4, 10], ""credited_track_count"": 2, ""leading_track_positions"": []}, {""name"": ""PapaBoyz"", ""credited_track_positions"": [5], ""credited_track_count"": 1, ""leading_track_positions"": []}, {""name"": ""Catchybeatz"", ""credited_track_positions"": [6, 8], ""credited_track_count"": 2, ""leading_track_positions"": []}, {""name"": ""RiRi"", ""credited_track_positions"": [8], ""credited_track_count"": 1, ""leading_track_positions"": []}, {""name"": ""Amir Daaj"", ""credited_track_positions"": [9], ""credited_track_count"": 1, ""leading_track_positions"": []}, {""name"": ""I.Da"", ""credited_track_positions"": [10], ""credited_track_count"": 1, ""leading_track_positions"": []}]",All-track credit intersection plus exact per-track coverage; roles require owner review where ambiguous,"[{""id"": ""2VDjLMn5ET9wgGQgX73Q79"", ""position"": 1, ""title"": ""Mafia (Intro)"", ""duration_seconds"": 181.1, ""artist_credits"": [{""id"": """", ""name"": ""Sina Mafee""}]}, {""id"": ""0sAILgDBVlEBqBypv41hIz"", ""position"": 2, ""title"": ""Yeke Shab"", ""duration_seconds"": 191.016, ""artist_credits"": [{""id"": """", ""name"": ""Sina Mafee""}, {""id"": """", ""name"": ""benam""}]}, {""id"": ""739povKrXI9XUHg3gMPAkT"", ""position"": 3, ""title"": ""Kheili Vaghte"", ""duration_seconds"": 216.0, ""artist_credits"": [{""id"": """", ""name"": ""Sina Mafee""}, {""id"": """", ""name"": ""Sohrab Mj""}, {""id"": """", ""name"": ""Lenna""}]}, {""id"": ""4ggpwrLKuSqzTp7obbJ817"", ""position"": 4, ""title"": ""Dokhtare Bad"", ""duration_seconds"": 166.559, ""artist_credits"": [{""id"": """", ""name"": ""Sina Mafee""}, {""id"": """", ""name"": ""Mattinll""}]}, {""id"": ""5BUsBD8hy9fK8vDLvWvavg"", ""position"": 5, ""title"": ""Dong"", ""duration_seconds"": 212.955, ""artist_credits"": [{""id"": """", ""name"": ""Sina Mafee""}, {""id"": """", ""name"": ""PapaBoyz""}]}, {""id"": ""4L129R9fuxohMC0YigwCYq"", ""position"": 6, ""title"": ""Injoori Naro"", ""duration_seconds"": 225.659, ""artist_credits"": [{""id"": """", ""name"": ""Sina Mafee""}, {""id"": """", ""name"": ""Catchybeatz""}]}, {""id"": ""5lSkVvFO7LlDnjcVGt51f6"", ""position"": 7, ""title"": ""Skit"", ""duration_seconds"": 166.824, ""artist_credits"": [{""id"": """", ""name"": ""Sina Mafee""}]}, {""id"": ""4NHx7jyevvLzcJXENYKrbL"", ""position"": 8, ""title"": ""Gorilla"", ""duration_seconds"": 161.818, ""artist_credits"": [{""id"": """", ""name"": ""Sina Mafee""}, {""id"": """", ""name"": ""Catchybeatz""}, {""id"": """", ""name"": ""RiRi""}]}, {""id"": ""3gwqyg1bWZLgvP9Lip2sRp"", ""position"": 9, ""title"": ""High G"", ""duration_seconds"": 178.0, ""artist_credits"": [{""id"": """", ""name"": ""Sina Mafee""}, {""id"": """", ""name"": ""Amir Daaj""}]}, {""id"": ""1f6E2b5Bpa2Jz0CJs9nfye"", ""position"": 10, ""title"": ""Mese Ghablan"", ""duration_seconds"": 166.628, ""artist_credits"": [{""id"": """", ""name"": ""Sina Mafee""}, {""id"": """", ""name"": ""Mattinll""}, {""id"": """", ""name"": ""I.Da""}]}, {""id"": ""6iJ34VXVkh1HpUOHB0nhWY"", ""position"": 11, ""title"": ""Tanhaee Behtaram"", ""duration_seconds"": 193.332, ""artist_credits"": [{""id"": """", ""name"": ""Sina Mafee""}]}]",2026-10-04T14:28:02.267298+00:00,,not_rechecked,No matching media source established by the earlier bounded metadata checks; full recording untested,No full-acquisition evidence attached,False
2026-10-04T14:47:54.222104+00:00,5d89fcedcc1c01d5f9f00b533242e6d9045fbb0f,spotify:album:75mbHoMrkobQUe5b1RCPti,spotify,75mbHoMrkobQUe5b1RCPti,Zooze,https://open.spotify.com/album/75mbHoMrkobQUe5b1RCPti,LP,explicit_spotify_type,latest_candidate,[99],[],"[{""artist_id"": 99, ""artist"": ""Catchybeatz""}, {""artist_id"": 105, ""artist"": ""Putak""}, {""artist_id"": 132, ""artist"": ""021kid""}]",2022-12-24T00:00:00Z,8,"[{""id"": ""25JIQIFASUvrcnzFL9CQhZ"", ""name"": ""Catchybeatz""}, {""id"": ""4WXGOwBiAxQOicQN0g6ozx"", ""name"": ""Soalk""}, {""id"": ""3FkyloTVaxa9HacVw5lJPt"", ""name"": ""ILLNOIZ""}]","[""Catchybeatz"", ""Soalk"", ""ILLNOIZ""]","[""Putak"", ""021kid"", ""ARMOND""]","[{""name"": ""Catchybeatz"", ""credited_track_positions"": [1, 2, 3, 4, 5, 6, 7, 8], ""credited_track_count"": 8, ""leading_track_positions"": [1, 2, 3, 4, 5, 6, 7, 8]}, {""name"": ""Soalk"", ""credited_track_positions"": [1, 2, 3, 4, 5, 6, 7, 8], ""credited_track_count"": 8, ""leading_track_positions"": []}, {""name"": ""ILLNOIZ"", ""credited_track_positions"": [1, 2, 3, 4, 5, 6, 7, 8], ""credited_track_count"": 8, ""leading_track_positions"": []}, {""name"": ""Putak"", ""credited_track_positions"": [2], ""credited_track_count"": 1, ""leading_track_positions"": []}, {""name"": ""021kid"", ""credited_track_positions"": [5], ""credited_track_count"": 1, ""leading_track_positions"": []}, {""name"": ""ARMOND"", ""credited_track_positions"": [7], ""credited_track_count"": 1, ""leading_track_positions"": []}]",All-track credit intersection plus exact per-track coverage; roles require owner review where ambiguous,"[{""id"": ""0eewrEuRHEAs9LWJvtzPKe"", ""position"": 1, ""title"": ""Divaraye Sangi"", ""duration_seconds"": 200.071, ""artist_credits"": [{""id"": """", ""name"": ""Catchybeatz""}, {""id"": """", ""name"": ""Soalk""}, {""id"": """", ""name"": ""ILLNOIZ""}]}, {""id"": ""54dmzrv0BaxLXiw9dI4Hkz"", ""position"": 2, ""title"": ""Boodam Shodam"", ""duration_seconds"": 200.986, ""artist_credits"": [{""id"": """", ""name"": ""Catchybeatz""}, {""id"": """", ""name"": ""Soalk""}, {""id"": """", ""name"": ""ILLNOIZ""}, {""id"": """", ""name"": ""Putak""}]}, {""id"": ""2INHFctbg4MD5TeKKwYBjR"", ""position"": 3, ""title"": ""Marg Bar To"", ""duration_seconds"": 154.801, ""artist_credits"": [{""id"": """", ""name"": ""Catchybeatz""}, {""id"": """", ""name"": ""Soalk""}, {""id"": """", ""name"": ""ILLNOIZ""}]}, {""id"": ""4pmrFSp7OJiAMmlHZOB3me"", ""position"": 4, ""title"": ""Sskol"", ""duration_seconds"": 226.977, ""artist_credits"": [{""id"": """", ""name"": ""Catchybeatz""}, {""id"": """", ""name"": ""Soalk""}, {""id"": """", ""name"": ""ILLNOIZ""}]}, {""id"": ""6OZUOrJ15PSxTwxDRzWdST"", ""position"": 5, ""title"": ""Faze Sekte"", ""duration_seconds"": 198.922, ""artist_credits"": [{""id"": """", ""name"": ""Catchybeatz""}, {""id"": """", ""name"": ""Soalk""}, {""id"": """", ""name"": ""ILLNOIZ""}, {""id"": """", ""name"": ""021kid""}]}, {""id"": ""0sLH6CXo19BzOr74GkxGJd"", ""position"": 6, ""title"": ""Huh"", ""duration_seconds"": 213.394, ""artist_credits"": [{""id"": """", ""name"": ""Catchybeatz""}, {""id"": """", ""name"": ""Soalk""}, {""id"": """", ""name"": ""ILLNOIZ""}]}, {""id"": ""2F0znS1aAPawtbLH6o9gUo"", ""position"": 7, ""title"": ""Nemitarsam"", ""duration_seconds"": 160.17, ""artist_credits"": [{""id"": """", ""name"": ""Catchybeatz""}, {""id"": """", ""name"": ""Soalk""}, {""id"": """", ""name"": ""ILLNOIZ""}, {""id"": """", ""name"": ""ARMOND""}]}, {""id"": ""1NZu2E2AbeKZYZ9be9WLL6"", ""position"": 8, ""title"": ""Az Khodam Badam Miad"", ""duration_seconds"": 229.845, ""artist_credits"": [{""id"": """", ""name"": ""Catchybeatz""}, {""id"": """", ""name"": ""Soalk""}, {""id"": """", ""name"": ""ILLNOIZ""}]}]",2026-10-04T14:28:03.207590+00:00,,not_rechecked,No matching media source established by the earlier bounded metadata checks; full recording untested,No full-acquisition evidence attached,False
2026-10-04T14:47:54.222104+00:00,5d89fcedcc1c01d5f9f00b533242e6d9045fbb0f,spotify:album:2JnDcFfeRxCGlLPv5aWJj2,spotify,2JnDcFfeRxCGlLPv5aWJj2,Mantaghe 5 Pelake 8,https://open.spotify.com/album/2JnDcFfeRxCGlLPv5aWJj2,EP,explicit_spotify_type,latest_candidate,[102],[],"[{""artist_id"": 102, ""artist"": ""Bamdad""}]",2025-08-15T00:00:00Z,3,"[{""id"": ""28PKM2pUlv1CXnc98XFVrY"", ""name"": ""Bamdad""}, {""id"": ""69eCdgqcnFA9R4cSQ27Ip6"", ""name"": ""Kudd""}]","[""Bamdad"", ""Kudd""]",[],"[{""name"": ""Bamdad"", ""credited_track_positions"": [1, 2, 3], ""credited_track_count"": 3, ""leading_track_positions"": [1, 2, 3]}, {""name"": ""Kudd"", ""credited_track_positions"": [1, 2, 3], ""credited_track_count"": 3, ""leading_track_positions"": []}]",All-track credit intersection plus exact per-track coverage; roles require owner review where ambiguous,"[{""id"": ""0kZ242lwyfyFwWJXc9PSep"", ""position"": 1, ""title"": ""ABFA"", ""duration_seconds"": 214.588, ""artist_credits"": [{""id"": """", ""name"": ""Bamdad""}, {""id"": """", ""name"": ""Kudd""}]}, {""id"": ""7DZvBx8zQkOMRBzaWLv0z3"", ""position"": 2, ""title"": ""Shire Khat"", ""duration_seconds"": 237.073, ""artist_credits"": [{""id"": """", ""name"": ""Bamdad""}, {""id"": """", ""name"": ""Kudd""}]}, {""id"": ""2iXX6mpgYHqg48Vp3h9mzJ"", ""position"": 3, ""title"": ""Chort"", ""duration_seconds"": 234.146, ""artist_credits"": [{""id"": """", ""name"": ""Bamdad""}, {""id"": """", ""name"": ""Kudd""}]}]",2026-10-04T14:28:05.903783+00:00,,not_rechecked,No matching media source established by the earlier bounded metadata checks; full recording untested,No full-acquisition evidence attached,False
2026-10-04T14:47:54.222104+00:00,5d89fcedcc1c01d5f9f00b533242e6d9045fbb0f,spotify:album:7k1VaG1Ak2XAVPuvNufguK,spotify,7k1VaG1Ak2XAVPuvNufguK,BROKE TKAR [2018 - 2022 LEAKS],https://open.spotify.com/album/7k1VaG1Ak2XAVPuvNufguK,EP,explicit_spotify_type,latest_candidate,[103],[],"[{""artist_id"": 103, ""artist"": ""Dariu$h""}]",2024-09-16T00:00:00Z,5,"[{""id"": ""3HQedAYh7K5YW4MD108gP3"", ""name"": ""Dariu$h""}]","[""Dariu$h""]","[""6ehtash"", ""Atour""]","[{""name"": ""Dariu$h"", ""credited_track_positions"": [1, 2, 3, 4, 5], ""credited_track_count"": 5, ""leading_track_positions"": [1, 2, 3, 4, 5]}, {""name"": ""6ehtash"", ""credited_track_positions"": [2, 5], ""credited_track_count"": 2, ""leading_track_positions"": []}, {""name"": ""Atour"", ""credited_track_positions"": [4], ""credited_track_count"": 1, ""leading_track_positions"": []}]",All-track credit intersection plus exact per-track coverage; roles require owner review where ambiguous,"[{""id"": ""0cvX4vW0gdwb78x7sHkqAV"", ""position"": 1, ""title"": ""PARE PARVAZ"", ""duration_seconds"": 150.721, ""artist_credits"": [{""id"": """", ""name"": ""Dariu$h""}]}, {""id"": ""0PvY23mV33B4p2WzcpGpVg"", ""position"": 2, ""title"": ""BARZAKH"", ""duration_seconds"": 200.791, ""artist_credits"": [{""id"": """", ""name"": ""Dariu$h""}, {""id"": """", ""name"": ""6ehtash""}]}, {""id"": ""2G02IMB6XTz5rjFBhNp8tp"", ""position"": 3, ""title"": ""MAMAD ZADE - INTERLUDE"", ""duration_seconds"": 71.851, ""artist_credits"": [{""id"": """", ""name"": ""Dariu$h""}]}, {""id"": ""5GfHsrQuvWyPMowHykmQBk"", ""position"": 4, ""title"": ""021 TA LDN"", ""duration_seconds"": 110.778, ""artist_credits"": [{""id"": """", ""name"": ""Dariu$h""}, {""id"": """", ""name"": ""Atour""}]}, {""id"": ""3fzPgXVxm1Q4w7nNT1Gta7"", ""position"": 5, ""title"": ""TANHA TAR"", ""duration_seconds"": 165.892, ""artist_credits"": [{""id"": """", ""name"": ""Dariu$h""}, {""id"": """", ""name"": ""6ehtash""}]}]",2026-10-04T14:28:08.646890+00:00,Edition/archival status requires review: archival/leaked/collection review,not_rechecked,No matching media source established by the earlier bounded metadata checks; full recording untested,No full-acquisition evidence attached,False
2026-10-04T14:47:54.222104+00:00,5d89fcedcc1c01d5f9f00b533242e6d9045fbb0f,spotify:album:76NyIF90AK368y0Dmqn0Wz,spotify,76NyIF90AK368y0Dmqn0Wz,Sarbaz 0,https://open.spotify.com/album/76NyIF90AK368y0Dmqn0Wz,LP,explicit_spotify_type,unambiguous_alternative,[],[103],"[{""artist_id"": 102, ""artist"": ""Bamdad""}, {""artist_id"": 103, ""artist"": ""Dariu$h""}]",2012-07-14T00:00:00Z,7,"[{""id"": ""3HQedAYh7K5YW4MD108gP3"", ""name"": ""Dariu$h""}]","[""Dariu$h""]","[""Bamdad""]","[{""name"": ""Dariu$h"", ""credited_track_positions"": [1, 2, 3, 4, 5, 6, 7], ""credited_track_count"": 7, ""leading_track_positions"": [1, 2, 3, 4, 5, 6, 7]}, {""name"": ""Bamdad"", ""credited_track_positions"": [3], ""credited_track_count"": 1, ""leading_track_positions"": []}]",All-track credit intersection plus exact per-track coverage; roles require owner review where ambiguous,"[{""id"": ""3hSQfM9W0kgE1ybLfnbdxN"", ""position"": 1, ""title"": ""Intro"", ""duration_seconds"": 110.851, ""artist_credits"": [{""id"": """", ""name"": ""Dariu$h""}]}, {""id"": ""4glfDsZyAszc3RyRNYtJDR"", ""position"": 2, ""title"": ""Be Name Khoda"", ""duration_seconds"": 174.636, ""artist_credits"": [{""id"": """", ""name"": ""Dariu$h""}]}, {""id"": ""4NRDDdLvZrhjGq4m5VffRj"", ""position"": 3, ""title"": ""Tu Royaham Ghalt Mizanam"", ""duration_seconds"": 237.362, ""artist_credits"": [{""id"": """", ""name"": ""Dariu$h""}, {""id"": """", ""name"": ""Bamdad""}]}, {""id"": ""3yMOGh6RADNj6oOPOCUszG"", ""position"": 4, ""title"": ""Harfi Dari?"", ""duration_seconds"": 183.184, ""artist_credits"": [{""id"": """", ""name"": ""Dariu$h""}]}, {""id"": ""1lYzdyPpyTHPpyNkXVRUL2"", ""position"": 5, ""title"": ""Dige Sedamo Mikhan"", ""duration_seconds"": 231.223, ""artist_credits"": [{""id"": """", ""name"": ""Dariu$h""}]}, {""id"": ""3wUb3dngUTeOsFNAmxcmcL"", ""position"": 6, ""title"": ""Skit"", ""duration_seconds"": 124.764, ""artist_credits"": [{""id"": """", ""name"": ""Dariu$h""}]}, {""id"": ""2fCNC2nzhQgQf0MZFIvFnp"", ""position"": 7, ""title"": ""Sarbaz 0"", ""duration_seconds"": 182.196, ""artist_credits"": [{""id"": """", ""name"": ""Dariu$h""}]}]",2026-10-04T14:28:09.433088+00:00,,not_rechecked,Not probed; metadata-only alternative,No attached acquisition evidence,False
2026-10-04T14:47:54.222104+00:00,5d89fcedcc1c01d5f9f00b533242e6d9045fbb0f,spotify:album:0Lm0DJTiL6H6PB8SuSP4mL,spotify,0Lm0DJTiL6H6PB8SuSP4mL,Parvaneha,https://open.spotify.com/album/0Lm0DJTiL6H6PB8SuSP4mL,EP,explicit_spotify_type,latest_candidate,[104],[],"[{""artist_id"": 104, ""artist"": ""Parsalip""}]",2020-07-14T00:00:00Z,4,"[{""id"": ""3HdBTStjnFIoDKFSUQ0V1H"", ""name"": ""Parsalip""}]","[""Parsalip""]","[""Armani"", ""Nassim""]","[{""name"": ""Parsalip"", ""credited_track_positions"": [1, 2, 3, 4], ""credited_track_count"": 4, ""leading_track_positions"": [1, 2, 3, 4]}, {""name"": ""Armani"", ""credited_track_positions"": [2], ""credited_track_count"": 1, ""leading_track_positions"": []}, {""name"": ""Nassim"", ""credited_track_positions"": [3], ""credited_track_count"": 1, ""leading_track_positions"": []}]",All-track credit intersection plus exact per-track coverage; roles require owner review where ambiguous,"[{""id"": ""05r0tojqfCWQnwZm3mrORP"", ""position"": 1, ""title"": ""Noor"", ""duration_seconds"": 218.226, ""artist_credits"": [{""id"": """", ""name"": ""Parsalip""}]}, {""id"": ""6qisJ1qQ9UTwm1c94G7q6c"", ""position"": 2, ""title"": ""Khaab"", ""duration_seconds"": 183.327, ""artist_credits"": [{""id"": """", ""name"": ""Parsalip""}, {""id"": """", ""name"": ""Armani""}]}, {""id"": ""17M2OxceLrBIMKneKBBCp5"", ""position"": 3, ""title"": ""Parvaneha"", ""duration_seconds"": 262.086, ""artist_credits"": [{""id"": """", ""name"": ""Parsalip""}, {""id"": """", ""name"": ""Nassim""}]}, {""id"": ""181CnR12ujvivlncRtdjNq"", ""position"": 4, ""title"": ""Shahre Bi Setare"", ""duration_seconds"": 184.084, ""artist_credits"": [{""id"": """", ""name"": ""Parsalip""}]}]",2026-10-04T14:28:10.655863+00:00,,not_rechecked,No matching media source established by the earlier bounded metadata checks; full recording untested,No full-acquisition evidence attached,False
2026-10-04T14:47:54.222104+00:00,5d89fcedcc1c01d5f9f00b533242e6d9045fbb0f,spotify:album:3av4laDlNglRFGODbCadkq,spotify,3av4laDlNglRFGODbCadkq,Red Horn,https://open.spotify.com/album/3av4laDlNglRFGODbCadkq,LP,explicit_spotify_type,latest_candidate,[105],[],"[{""artist_id"": 4, ""artist"": ""Mamazi""}, {""artist_id"": 9, ""artist"": ""Dorcci""}, {""artist_id"": 11, ""artist"": ""Chvrsi""}, {""artist_id"": 12, ""artist"": ""Poori""}, {""artist_id"": 16, ""artist"": ""Sijal""}, {""artist_id"": 17, ""artist"": ""Behzad Leito""}, {""artist_id"": 18, ""artist"": ""Sepehr Khalse""}, {""artist_id"": 24, ""artist"": ""Reza Pishro""}, {""artist_id"": 95, ""artist"": ""poobon""}, {""artist_id"": 99, ""artist"": ""Catchybeatz""}, {""artist_id"": 105, ""artist"": ""Putak""}, {""artist_id"": 132, ""artist"": ""021kid""}]",2023-08-17T00:00:00Z,14,"[{""id"": ""1VURARf1CD5wkFgIexChyq"", ""name"": ""Putak""}]","[""Putak""]","[""Poori"", ""Dorcci"", ""Chvrsi"", ""Reza Pishro"", ""Sijal"", ""Behzad Leito"", ""Catchybeatz"", ""021kid"", ""Mamazi"", ""poobon"", ""021G"", ""Sepehr Khalse""]","[{""name"": ""Putak"", ""credited_track_positions"": [1, 2, 3, 4, 5, 6, 7, 8, 9, 10, 11, 12, 13, 14], ""credited_track_count"": 14, ""leading_track_positions"": [1, 2, 3, 4, 5, 6, 7, 8, 9, 10, 11, 12, 13, 14]}, {""name"": ""Poori"", ""credited_track_positions"": [2], ""credited_track_count"": 1, ""leading_track_positions"": []}, {""name"": ""Dorcci"", ""credited_track_positions"": [3, 8], ""credited_track_count"": 2, ""leading_track_positions"": []}, {""name"": ""Chvrsi"", ""credited_track_positions"": [4], ""credited_track_count"": 1, ""leading_track_positions"": []}, {""name"": ""Reza Pishro"", ""credited_track_positions"": [5], ""credited_track_count"": 1, ""leading_track_positions"": []}, {""name"": ""Sijal"", ""credited_track_positions"": [6], ""credited_track_count"": 1, ""leading_track_positions"": []}, {""name"": ""Behzad Leito"", ""credited_track_positions"": [6, 13], ""credited_track_count"": 2, ""leading_track_positions"": []}, {""name"": ""Catchybeatz"", ""credited_track_positions"": [7, 13], ""credited_track_count"": 2, ""leading_track_positions"": []}, {""name"": ""021kid"", ""credited_track_positions"": [9], ""credited_track_count"": 1, ""leading_track_positions"": []}, {""name"": ""Mamazi"", ""credited_track_positions"": [10], ""credited_track_count"": 1, ""leading_track_positions"": []}, {""name"": ""poobon"", ""credited_track_positions"": [11], ""credited_track_count"": 1, ""leading_track_positions"": []}, {""name"": ""021G"", ""credited_track_positions"": [12], ""credited_track_count"": 1, ""leading_track_positions"": []}, {""name"": ""Sepehr Khalse"", ""credited_track_positions"": [13], ""credited_track_count"": 1, ""leading_track_positions"": []}]",All-track credit intersection plus exact per-track coverage; roles require owner review where ambiguous,"[{""id"": ""0n1uC5vbCrG2p43C626bdo"", ""position"": 1, ""title"": ""Bah Bah"", ""duration_seconds"": 134.75, ""artist_credits"": [{""id"": """", ""name"": ""Putak""}]}, {""id"": ""3n96DIaOZuQNCsp69svtAr"", ""position"": 2, ""title"": ""Wow"", ""duration_seconds"": 178.285, ""artist_credits"": [{""id"": """", ""name"": ""Putak""}, {""id"": """", ""name"": ""Poori""}]}, {""id"": ""19k0RLXVFv4EuVg97nW7hE"", ""position"": 3, ""title"": ""Eyn"", ""duration_seconds"": 180.0, ""artist_credits"": [{""id"": """", ""name"": ""Putak""}, {""id"": """", ""name"": ""Dorcci""}]}, {""id"": ""1jNllgYx6j4VjEZBpHN5ZE"", ""position"": 4, ""title"": ""Lolipop"", ""duration_seconds"": 158.0, ""artist_credits"": [{""id"": """", ""name"": ""Putak""}, {""id"": """", ""name"": ""Chvrsi""}]}, {""id"": ""4nAqddeROCsMwh29T6NK1P"", ""position"": 5, ""title"": ""P2"", ""duration_seconds"": 166.0, ""artist_credits"": [{""id"": """", ""name"": ""Putak""}, {""id"": """", ""name"": ""Reza Pishro""}]}, {""id"": ""22xBYxWsPh7lLVpSOo2ZbQ"", ""position"": 6, ""title"": ""Inkarash"", ""duration_seconds"": 176.5, ""artist_credits"": [{""id"": """", ""name"": ""Putak""}, {""id"": """", ""name"": ""Sijal""}, {""id"": """", ""name"": ""Behzad Leito""}]}, {""id"": ""2bRpPaUF9LTNrK4qP115JY"", ""position"": 7, ""title"": ""Mommyt Babym"", ""duration_seconds"": 177.5, ""artist_credits"": [{""id"": """", ""name"": ""Putak""}, {""id"": """", ""name"": ""Catchybeatz""}]}, {""id"": ""4HPqFubOG6xJe1mLbfKvkg"", ""position"": 8, ""title"": ""Stress"", ""duration_seconds"": 201.124, ""artist_credits"": [{""id"": """", ""name"": ""Putak""}, {""id"": """", ""name"": ""Dorcci""}]}, {""id"": ""1EqdvmoG60GET0hvXy4HLx"", ""position"": 9, ""title"": ""666"", ""duration_seconds"": 163.0, ""artist_credits"": [{""id"": """", ""name"": ""Putak""}, {""id"": """", ""name"": ""021kid""}]}, {""id"": ""7tZw5s4vp2IqPTOflaneDx"", ""position"": 10, ""title"": ""Dynamic"", ""duration_seconds"": 187.124, ""artist_credits"": [{""id"": """", ""name"": ""Putak""}, {""id"": """", ""name"": ""Mamazi""}]}, {""id"": ""0mhR9Xm344y6F7lI9L19oI"", ""position"": 11, ""title"": ""Tanhaei Haghete"", ""duration_seconds"": 167.785, ""artist_credits"": [{""id"": """", ""name"": ""Putak""}, {""id"": """", ""name"": ""poobon""}]}, {""id"": ""3e7kzePp09zCwrKDVjoyAo"", ""position"": 12, ""title"": ""Mistress"", ""duration_seconds"": 138.0, ""artist_credits"": [{""id"": """", ""name"": ""Putak""}, {""id"": """", ""name"": ""021G""}]}, {""id"": ""3WXkOmaUfwK69ipuY3Vht0"", ""position"": 13, ""title"": ""Playboy"", ""duration_seconds"": 224.0, ""artist_credits"": [{""id"": """", ""name"": ""Putak""}, {""id"": """", ""name"": ""Behzad Leito""}, {""id"": """", ""name"": ""Catchybeatz""}, {""id"": """", ""name"": ""Sepehr Khalse""}]}, {""id"": ""5ffLysB4lF5mMZenv7gWWK"", ""position"": 14, ""title"": ""Glitch - Outro"", ""duration_seconds"": 131.25, ""artist_credits"": [{""id"": """", ""name"": ""Putak""}]}]",2026-10-04T14:28:11.641952+00:00,,not_rechecked,Partial track coverage,No full-acquisition evidence attached,False
2026-10-04T14:47:54.222104+00:00,5d89fcedcc1c01d5f9f00b533242e6d9045fbb0f,spotify:album:1cp7ptHDRGL2uVsnx3tNTI,spotify,1cp7ptHDRGL2uVsnx3tNTI,Keder,https://open.spotify.com/album/1cp7ptHDRGL2uVsnx3tNTI,EP,explicit_spotify_type,latest_candidate,[106],[],"[{""artist_id"": 19, ""artist"": ""Shayea""}, {""artist_id"": 24, ""artist"": ""Reza Pishro""}, {""artist_id"": 106, ""artist"": ""Daniyal""}]",2020-03-08T00:00:00Z,6,"[{""id"": ""0bRZzB4e6Yj3B64Rcbs1vd"", ""name"": ""Daniyal""}]","[""Daniyal""]","[""Taniya"", ""Reza Pishro"", ""Mahyar"", ""Shayea""]","[{""name"": ""Daniyal"", ""credited_track_positions"": [1, 2, 3, 4, 5, 6], ""credited_track_count"": 6, ""leading_track_positions"": [1, 2, 3, 4, 5, 6]}, {""name"": ""Taniya"", ""credited_track_positions"": [1], ""credited_track_count"": 1, ""leading_track_positions"": []}, {""name"": ""Reza Pishro"", ""credited_track_positions"": [3], ""credited_track_count"": 1, ""leading_track_positions"": []}, {""name"": ""Mahyar"", ""credited_track_positions"": [4, 5], ""credited_track_count"": 2, ""leading_track_positions"": []}, {""name"": ""Shayea"", ""credited_track_positions"": [5], ""credited_track_count"": 1, ""leading_track_positions"": []}]",All-track credit intersection plus exact per-track coverage; roles require owner review where ambiguous,"[{""id"": ""4jMAtezz9RD4bHkSP0oo2R"", ""position"": 1, ""title"": ""Pesaram"", ""duration_seconds"": 213.368, ""artist_credits"": [{""id"": """", ""name"": ""Daniyal""}, {""id"": """", ""name"": ""Taniya""}]}, {""id"": ""1KV8rSB4hbbIHvEgo9dvzG"", ""position"": 2, ""title"": ""Sahme Gheshre Ma"", ""duration_seconds"": 238.471, ""artist_credits"": [{""id"": """", ""name"": ""Daniyal""}]}, {""id"": ""4NoTwE2frPc5dqjgEf6gSe"", ""position"": 3, ""title"": ""Fasle Zeshti"", ""duration_seconds"": 230.426, ""artist_credits"": [{""id"": """", ""name"": ""Daniyal""}, {""id"": """", ""name"": ""Reza Pishro""}]}, {""id"": ""3jizjHlB2wwTyF61HxADUN"", ""position"": 4, ""title"": ""Mohem Ni Baram"", ""duration_seconds"": 287.451, ""artist_credits"": [{""id"": """", ""name"": ""Daniyal""}, {""id"": """", ""name"": ""Mahyar""}]}, {""id"": ""0aPqXiUXpPWS9UThYtLxTz"", ""position"": 5, ""title"": ""Kooche Haye 3 Metri"", ""duration_seconds"": 305.502, ""artist_credits"": [{""id"": """", ""name"": ""Daniyal""}, {""id"": """", ""name"": ""Shayea""}, {""id"": """", ""name"": ""Mahyar""}]}, {""id"": ""5E4qOa4hcLQqUTDyxDoykX"", ""position"": 6, ""title"": ""Keder"", ""duration_seconds"": 252.577, ""artist_credits"": [{""id"": """", ""name"": ""Daniyal""}]}]",2026-10-04T14:28:14.311769+00:00,,not_rechecked,No matching media source established by the earlier bounded metadata checks; full recording untested,No full-acquisition evidence attached,False
2026-10-04T14:47:54.222104+00:00,5d89fcedcc1c01d5f9f00b533242e6d9045fbb0f,spotify:album:4GsYSSLgIYkgXMSGkvcItA,spotify,4GsYSSLgIYkgXMSGkvcItA,Lowkey,https://open.spotify.com/album/4GsYSSLgIYkgXMSGkvcItA,LP,explicit_spotify_type,latest_candidate,[107],[],"[{""artist_id"": 7, ""artist"": ""Hoomaan""}, {""artist_id"": 8, ""artist"": ""Vinak""}, {""artist_id"": 13, ""artist"": ""Arta""}, {""artist_id"": 14, ""artist"": ""Koorosh Wantons""}, {""artist_id"": 16, ""artist"": ""Sijal""}, {""artist_id"": 17, ""artist"": ""Behzad Leito""}, {""artist_id"": 18, ""artist"": ""Sepehr Khalse""}, {""artist_id"": 107, ""artist"": ""Sami Low""}, {""artist_id"": 117, ""artist"": ""XWHISKY""}, {""artist_id"": 122, ""artist"": ""The Don""}, {""artist_id"": 123, ""artist"": ""Isam""}, {""artist_id"": 124, ""artist"": ""Arown""}, {""artist_id"": 130, ""artist"": ""Raha""}, {""artist_id"": 132, ""artist"": ""021kid""}, {""artist_id"": 134, ""artist"": ""Alipasha""}]",2023-08-22T00:00:00Z,25,"[{""id"": ""4mST4sikQtpiH5dIkRxaCT"", ""name"": ""Sami Low""}]","[""Sami Low""]","[""Raha"", ""Koorosh"", ""Arta"", ""Behzad Leito"", ""The Don"", ""Pendar"", ""Benji"", ""XWHISKY"", ""Arown"", ""Hoomaan"", ""Alipasha"", ""Vinak"", ""Isam"", ""Sijal"", ""Sepehr Khalse"", ""021kid""]","[{""name"": ""Sami Low"", ""credited_track_positions"": [1, 2, 3, 4, 5, 6, 7, 8, 9, 10, 11, 12, 13, 14, 15, 16, 17, 18, 19, 20, 21, 22, 23, 24, 25], ""credited_track_count"": 25, ""leading_track_positions"": [1, 2, 3, 4, 5, 6, 7, 8, 9, 10, 11, 12, 13, 14, 15, 16, 17, 18, 19, 20, 21, 22, 23, 24, 25]}, {""name"": ""Raha"", ""credited_track_positions"": [1, 3, 6, 9, 14, 16, 23], ""credited_track_count"": 7, ""leading_track_positions"": []}, {""name"": ""Koorosh"", ""credited_track_positions"": [2, 5, 8], ""credited_track_count"": 3, ""leading_track_positions"": []}, {""name"": ""Arta"", ""credited_track_positions"": [5], ""credited_track_count"": 1, ""leading_track_positions"": []}, {""name"": ""Behzad Leito"", ""credited_track_positions"": [6], ""credited_track_count"": 1, ""leading_track_positions"": []}, {""name"": ""The Don"", ""credited_track_positions"": [9], ""credited_track_count"": 1, ""leading_track_positions"": []}, {""name"": ""Pendar"", ""credited_track_positions"": [10], ""credited_track_count"": 1, ""leading_track_positions"": []}, {""name"": ""Benji"", ""credited_track_positions"": [11], ""credited_track_count"": 1, ""leading_track_positions"": []}, {""name"": ""XWHISKY"", ""credited_track_positions"": [12, 15, 23, 25], ""credited_track_count"": 4, ""leading_track_positions"": []}, {""name"": ""Arown"", ""credited_track_positions"": [14], ""credited_track_count"": 1, ""leading_track_positions"": []}, {""name"": ""Hoomaan"", ""credited_track_positions"": [14], ""credited_track_count"": 1, ""leading_track_positions"": []}, {""name"": ""Alipasha"", ""credited_track_positions"": [15], ""credited_track_count"": 1, ""leading_track_positions"": []}, {""name"": ""Vinak"", ""credited_track_positions"": [17], ""credited_track_count"": 1, ""leading_track_positions"": []}, {""name"": ""Isam"", ""credited_track_positions"": [19], ""credited_track_count"": 1, ""leading_track_positions"": []}, {""name"": ""Sijal"", ""credited_track_positions"": [21], ""credited_track_count"": 1, ""leading_track_positions"": []}, {""name"": ""Sepehr Khalse"", ""credited_track_positions"": [21], ""credited_track_count"": 1, ""leading_track_positions"": []}, {""name"": ""021kid"", ""credited_track_positions"": [23], ""credited_track_count"": 1, ""leading_track_positions"": []}]",All-track credit intersection plus exact per-track coverage; roles require owner review where ambiguous,"[{""id"": ""4j6C9xuWlsGX1XnU2BirNk"", ""position"": 1, ""title"": ""Ye Ruz Hame Miran"", ""duration_seconds"": 131.03, ""artist_credits"": [{""id"": """", ""name"": ""Sami Low""}, {""id"": """", ""name"": ""Raha""}]}, {""id"": ""6SFQU63NVKEC3N3bJVtXyN"", ""position"": 2, ""title"": ""Hal Mikonam"", ""duration_seconds"": 222.191, ""artist_credits"": [{""id"": """", ""name"": ""Sami Low""}, {""id"": """", ""name"": ""Koorosh""}]}, {""id"": ""1pkEq0j25FjduKsXJzm9OG"", ""position"": 3, ""title"": ""Pole Chubi"", ""duration_seconds"": 150.581, ""artist_credits"": [{""id"": """", ""name"": ""Sami Low""}, {""id"": """", ""name"": ""Raha""}]}, {""id"": ""7mnjHF1FBqPPH37y7KGTNg"", ""position"": 4, ""title"": ""Sammi"", ""duration_seconds"": 160.751, ""artist_credits"": [{""id"": """", ""name"": ""Sami Low""}]}, {""id"": ""1M7BdiQVfD2kTZk8YCARot"", ""position"": 5, ""title"": ""V.I.P"", ""duration_seconds"": 195.094, ""artist_credits"": [{""id"": """", ""name"": ""Sami Low""}, {""id"": """", ""name"": ""Koorosh""}, {""id"": """", ""name"": ""Arta""}]}, {""id"": ""2U6cPWFED2AFEI2zbcI4A7"", ""position"": 6, ""title"": ""Messe Ham Nemishim"", ""duration_seconds"": 275.295, ""artist_credits"": [{""id"": """", ""name"": ""Sami Low""}, {""id"": """", ""name"": ""Raha""}, {""id"": """", ""name"": ""Behzad Leito""}]}, {""id"": ""1RlKw58pUZGIxyQEG2xAK7"", ""position"": 7, ""title"": ""Nadidim Hamo"", ""duration_seconds"": 197.485, ""artist_credits"": [{""id"": """", ""name"": ""Sami Low""}]}, {""id"": ""5hCrS69J55jQNYhUJZLpSe"", ""position"": 8, ""title"": ""Ruye Maw"", ""duration_seconds"": 209.606, ""artist_credits"": [{""id"": """", ""name"": ""Sami Low""}, {""id"": """", ""name"": ""Koorosh""}]}, {""id"": ""1ZSm3NvZSKcTRZ6ERpMdY0"", ""position"": 9, ""title"": ""Del"", ""duration_seconds"": 180.141, ""artist_credits"": [{""id"": """", ""name"": ""Sami Low""}, {""id"": """", ""name"": ""Raha""}, {""id"": """", ""name"": ""The Don""}]}, {""id"": ""1VRpAXZtuuaRlU6J0nVi0t"", ""position"": 10, ""title"": ""Sakhtim Az 0"", ""duration_seconds"": 193.352, ""artist_credits"": [{""id"": """", ""name"": ""Sami Low""}, {""id"": """", ""name"": ""Pendar""}]}, {""id"": ""78jQlSGV9U2O59iQxLPu7s"", ""position"": 11, ""title"": ""Palange Mani"", ""duration_seconds"": 121.51, ""artist_credits"": [{""id"": """", ""name"": ""Sami Low""}, {""id"": """", ""name"": ""Benji""}]}, {""id"": ""2jNuTjpjbdghCjhIPvF5nu"", ""position"": 12, ""title"": ""Setareye Khamush"", ""duration_seconds"": 173.894, ""artist_credits"": [{""id"": """", ""name"": ""Sami Low""}, {""id"": """", ""name"": ""XWHISKY""}]}, {""id"": ""0XdSjwFpS9uSJj7AkjEpAV"", ""position"": 13, ""title"": ""Lowkey"", ""duration_seconds"": 164.536, ""artist_credits"": [{""id"": """", ""name"": ""Sami Low""}]}, {""id"": ""0ob8TtCX6GLpKqei6lL7VE"", ""position"": 14, ""title"": ""Shayad Nashe Bargasht"", ""duration_seconds"": 269.315, ""artist_credits"": [{""id"": """", ""name"": ""Sami Low""}, {""id"": """", ""name"": ""Raha""}, {""id"": """", ""name"": ""Arown""}, {""id"": """", ""name"": ""Hoomaan""}]}, {""id"": ""21FZg0yOX6f8c7imtMhx5D"", ""position"": 15, ""title"": ""Shode Ziadi"", ""duration_seconds"": 220.45, ""artist_credits"": [{""id"": """", ""name"": ""Sami Low""}, {""id"": """", ""name"": ""XWHISKY""}, {""id"": """", ""name"": ""Alipasha""}]}, {""id"": ""36gK1rRFis5L65VGeZjHmL"", ""position"": 16, ""title"": ""Matarsak"", ""duration_seconds"": 168.391, ""artist_credits"": [{""id"": """", ""name"": ""Sami Low""}, {""id"": """", ""name"": ""Raha""}]}, {""id"": ""6DvVnScvqGjV69jamm9uE0"", ""position"": 17, ""title"": ""Galacticos"", ""duration_seconds"": 158.172, ""artist_credits"": [{""id"": """", ""name"": ""Sami Low""}, {""id"": """", ""name"": ""Vinak""}]}, {""id"": ""1PZ5p4hybsYeM7uwgtbxNI"", ""position"": 18, ""title"": ""Ye Psycho - Acoustic Version"", ""duration_seconds"": 186.0, ""artist_credits"": [{""id"": """", ""name"": ""Sami Low""}]}, {""id"": ""3H2A7Mkvk6M9mjMwlDa318"", ""position"": 19, ""title"": ""SexOD"", ""duration_seconds"": 186.641, ""artist_credits"": [{""id"": """", ""name"": ""Sami Low""}, {""id"": """", ""name"": ""Isam""}]}, {""id"": ""25arEGcDO9L1R2qtlnF9qX"", ""position"": 20, ""title"": ""Ukiyo"", ""duration_seconds"": 139.087, ""artist_credits"": [{""id"": """", ""name"": ""Sami Low""}]}, {""id"": ""6hbNUGzCmyr37e8QdVw7xS"", ""position"": 21, ""title"": ""Shahre Farang"", ""duration_seconds"": 233.778, ""artist_credits"": [{""id"": """", ""name"": ""Sami Low""}, {""id"": """", ""name"": ""Sijal""}, {""id"": """", ""name"": ""Sepehr Khalse""}]}, {""id"": ""18qw3hmdR2j6MfpRmWuJNY"", ""position"": 22, ""title"": ""Ye Psycho"", ""duration_seconds"": 126.066, ""artist_credits"": [{""id"": """", ""name"": ""Sami Low""}]}, {""id"": ""4whP8oxSLtlPVmbycm0UHR"", ""position"": 23, ""title"": ""Chishod?"", ""duration_seconds"": 231.106, ""artist_credits"": [{""id"": """", ""name"": ""Sami Low""}, {""id"": """", ""name"": ""Raha""}, {""id"": """", ""name"": ""021kid""}, {""id"": """", ""name"": ""XWHISKY""}]}, {""id"": ""23FqenYmKkFdXpMqTNq7FL"", ""position"": 24, ""title"": ""Raam"", ""duration_seconds"": 150.349, ""artist_credits"": [{""id"": """", ""name"": ""Sami Low""}]}, {""id"": ""3p5xLJgJ5y1yzF1xWwZSnt"", ""position"": 25, ""title"": ""Ye Ruzi Tehran Barmigardim"", ""duration_seconds"": 149.652, ""artist_credits"": [{""id"": """", ""name"": ""Sami Low""}, {""id"": """", ""name"": ""XWHISKY""}]}]",2026-10-04T14:28:15.290750+00:00,,not_rechecked,No matching source found in bounded official-set probe,No full-acquisition evidence attached,False
2026-10-04T14:47:54.222104+00:00,5d89fcedcc1c01d5f9f00b533242e6d9045fbb0f,spotify:album:2Xy0pXSPbnqJkEZHMYpdJH,spotify,2Xy0pXSPbnqJkEZHMYpdJH,Kandoo,https://open.spotify.com/album/2Xy0pXSPbnqJkEZHMYpdJH,LP,explicit_spotify_type,latest_candidate,[108],[],"[{""artist_id"": 108, ""artist"": ""Safir""}]",2023-12-10T00:00:00Z,18,"[{""id"": ""5UvGzlSJuUhWwH6NojEKy2"", ""name"": ""Safir""}, {""id"": ""7xYUjewpDBmUS2DeYP2Ckm"", ""name"": ""Nima Aghiani""}]","[""Safir"", ""Nima Aghiani""]",[],"[{""name"": ""Safir"", ""credited_track_positions"": [1, 2, 3, 4, 5, 6, 7, 8, 9, 10, 11, 12, 13, 14, 15, 16, 17, 18], ""credited_track_count"": 18, ""leading_track_positions"": [1, 2, 3, 4, 5, 6, 7, 8, 9, 10, 11, 12, 13, 14, 15, 16, 17, 18]}, {""name"": ""Nima Aghiani"", ""credited_track_positions"": [1, 2, 3, 4, 5, 6, 7, 8, 9, 10, 11, 12, 13, 14, 15, 16, 17, 18], ""credited_track_count"": 18, ""leading_track_positions"": []}]",All-track credit intersection plus exact per-track coverage; roles require owner review where ambiguous,"[{""id"": ""4Dxt5UzO8I79GpUsstvorZ"", ""position"": 1, ""title"": ""Zi"", ""duration_seconds"": 276.458, ""artist_credits"": [{""id"": """", ""name"": ""Safir""}, {""id"": """", ""name"": ""Nima Aghiani""}]}, {""id"": ""6QhFzEL5n97y8yhKGbqH3A"", ""position"": 2, ""title"": ""Nish"", ""duration_seconds"": 204.5, ""artist_credits"": [{""id"": """", ""name"": ""Safir""}, {""id"": """", ""name"": ""Nima Aghiani""}]}, {""id"": ""2uVgL2X0x8LUoYm0vj8YSu"", ""position"": 3, ""title"": ""Zardak o Zargar"", ""duration_seconds"": 158.294, ""artist_credits"": [{""id"": """", ""name"": ""Safir""}, {""id"": """", ""name"": ""Nima Aghiani""}]}, {""id"": ""45RdBIE0add1ZImf8ik3Yt"", ""position"": 4, ""title"": ""Shabakeh"", ""duration_seconds"": 163.5, ""artist_credits"": [{""id"": """", ""name"": ""Safir""}, {""id"": """", ""name"": ""Nima Aghiani""}]}, {""id"": ""4YgZezrkPkDqsbTAwjXN5H"", ""position"": 5, ""title"": ""Zard"", ""duration_seconds"": 177.0, ""artist_credits"": [{""id"": """", ""name"": ""Safir""}, {""id"": """", ""name"": ""Nima Aghiani""}]}, {""id"": ""0RiDZQQJ3lFrPXdRnNICR9"", ""position"": 6, ""title"": ""Shay-da"", ""duration_seconds"": 260.5, ""artist_credits"": [{""id"": """", ""name"": ""Safir""}, {""id"": """", ""name"": ""Nima Aghiani""}]}, {""id"": ""6fah1vYCOePGUBI0QLmIr4"", ""position"": 7, ""title"": ""Zaloo"", ""duration_seconds"": 247.0, ""artist_credits"": [{""id"": """", ""name"": ""Safir""}, {""id"": """", ""name"": ""Nima Aghiani""}]}, {""id"": ""6lQRRRB1pmobndAtB8Wtbl"", ""position"": 8, ""title"": ""Raam"", ""duration_seconds"": 212.0, ""artist_credits"": [{""id"": """", ""name"": ""Safir""}, {""id"": """", ""name"": ""Nima Aghiani""}]}, {""id"": ""57CPV9VIo8awIHunW1cBJ6"", ""position"": 9, ""title"": ""Zahr"", ""duration_seconds"": 194.0, ""artist_credits"": [{""id"": """", ""name"": ""Safir""}, {""id"": """", ""name"": ""Nima Aghiani""}]}, {""id"": ""0q8fxWVOz43L8WnbMw2YEY"", ""position"": 10, ""title"": ""Jomhoor"", ""duration_seconds"": 227.875, ""artist_credits"": [{""id"": """", ""name"": ""Safir""}, {""id"": """", ""name"": ""Nima Aghiani""}]}, {""id"": ""2bGsWOpmxe4rlb3jPQIbQu"", ""position"": 11, ""title"": ""Omoomi"", ""duration_seconds"": 198.375, ""artist_credits"": [{""id"": """", ""name"": ""Safir""}, {""id"": """", ""name"": ""Nima Aghiani""}]}, {""id"": ""6GC9sGeFAgcPVGq54eKXr9"", ""position"": 12, ""title"": ""Nasht"", ""duration_seconds"": 188.0, ""artist_credits"": [{""id"": """", ""name"": ""Safir""}, {""id"": """", ""name"": ""Nima Aghiani""}]}, {""id"": ""5n9VRkID7ZlSVCSHXUF908"", ""position"": 13, ""title"": ""Chelle"", ""duration_seconds"": 190.5, ""artist_credits"": [{""id"": """", ""name"": ""Safir""}, {""id"": """", ""name"": ""Nima Aghiani""}]}, {""id"": ""09LaJKfS0e6UM9T7uJNF3j"", ""position"": 14, ""title"": ""Aghabgard"", ""duration_seconds"": 186.328, ""artist_credits"": [{""id"": """", ""name"": ""Safir""}, {""id"": """", ""name"": ""Nima Aghiani""}]}, {""id"": ""4nSpern9EGi1CaHaJPKRmp"", ""position"": 15, ""title"": ""Shahd"", ""duration_seconds"": 187.5, ""artist_credits"": [{""id"": """", ""name"": ""Safir""}, {""id"": """", ""name"": ""Nima Aghiani""}]}, {""id"": ""178cqtESkAInIg5px0WSXc"", ""position"": 16, ""title"": ""Adam"", ""duration_seconds"": 204.156, ""artist_credits"": [{""id"": """", ""name"": ""Safir""}, {""id"": """", ""name"": ""Nima Aghiani""}]}, {""id"": ""6H3kwrCXmxycXznVwX9hjy"", ""position"": 17, ""title"": ""Motammem"", ""duration_seconds"": 221.75, ""artist_credits"": [{""id"": """", ""name"": ""Safir""}, {""id"": """", ""name"": ""Nima Aghiani""}]}, {""id"": ""4tAj44BkwqGovSTV4suFoX"", ""position"": 18, ""title"": ""Za"", ""duration_seconds"": 190.25, ""artist_credits"": [{""id"": """", ""name"": ""Safir""}, {""id"": """", ""name"": ""Nima Aghiani""}]}]",2026-10-04T14:28:16.818278+00:00,,not_rechecked,No matching media source established by the earlier bounded metadata checks; full recording untested,No full-acquisition evidence attached,False
2026-10-04T14:47:54.222104+00:00,5d89fcedcc1c01d5f9f00b533242e6d9045fbb0f,spotify:album:6vHE6SgLMBAUzupuglg3GL,spotify,6vHE6SgLMBAUzupuglg3GL,BATMAN,https://open.spotify.com/album/6vHE6SgLMBAUzupuglg3GL,LP,explicit_spotify_type,latest_candidate,[109],[],"[{""artist_id"": 109, ""artist"": ""Eycin""}]",2025-01-29T00:00:00Z,12,"[{""id"": ""3jXjY8STCMtS1T6d7xdw0r"", ""name"": ""Eycin""}]","[""Eycin""]","[""CIA"", ""Radowww"", ""Mv30h"", ""Saman Wartan"", ""Rasam"", ""30na Ghiam"", ""Beatkori"", ""Mediema""]","[{""name"": ""Eycin"", ""credited_track_positions"": [1, 2, 3, 4, 5, 6, 7, 8, 9, 10, 11, 12], ""credited_track_count"": 12, ""leading_track_positions"": [1, 2, 3, 4, 5, 6, 7, 8, 9, 10, 11, 12]}, {""name"": ""CIA"", ""credited_track_positions"": [3], ""credited_track_count"": 1, ""leading_track_positions"": []}, {""name"": ""Radowww"", ""credited_track_positions"": [4], ""credited_track_count"": 1, ""leading_track_positions"": []}, {""name"": ""Mv30h"", ""credited_track_positions"": [6], ""credited_track_count"": 1, ""leading_track_positions"": []}, {""name"": ""Saman Wartan"", ""credited_track_positions"": [7], ""credited_track_count"": 1, ""leading_track_positions"": []}, {""name"": ""Rasam"", ""credited_track_positions"": [10], ""credited_track_count"": 1, ""leading_track_positions"": []}, {""name"": ""30na Ghiam"", ""credited_track_positions"": [11], ""credited_track_count"": 1, ""leading_track_positions"": []}, {""name"": ""Beatkori"", ""credited_track_positions"": [11], ""credited_track_count"": 1, ""leading_track_positions"": []}, {""name"": ""Mediema"", ""credited_track_positions"": [12], ""credited_track_count"": 1, ""leading_track_positions"": []}]",All-track credit intersection plus exact per-track coverage; roles require owner review where ambiguous,"[{""id"": ""5QRChSbNFUp5jHRrrS3XJb"", ""position"": 1, ""title"": ""Soltan"", ""duration_seconds"": 154.842, ""artist_credits"": [{""id"": """", ""name"": ""Eycin""}]}, {""id"": ""5uWRyyeNMYNucGMCX74zPl"", ""position"": 2, ""title"": ""CC"", ""duration_seconds"": 176.4, ""artist_credits"": [{""id"": """", ""name"": ""Eycin""}]}, {""id"": ""2VL7WoVMPdq2qfJ3kmLzgR"", ""position"": 3, ""title"": ""CityFace"", ""duration_seconds"": 206.117, ""artist_credits"": [{""id"": """", ""name"": ""Eycin""}, {""id"": """", ""name"": ""CIA""}]}, {""id"": ""4frzmc6dyCPuy9kp2fCb3m"", ""position"": 4, ""title"": ""Ring"", ""duration_seconds"": 166.486, ""artist_credits"": [{""id"": """", ""name"": ""Eycin""}, {""id"": """", ""name"": ""Radowww""}]}, {""id"": ""6lWRJVfIceFmMGCTAsol8D"", ""position"": 5, ""title"": ""Taghsire Mane"", ""duration_seconds"": 146.938, ""artist_credits"": [{""id"": """", ""name"": ""Eycin""}]}, {""id"": ""1sBp0mdlAPZ7c9fpB5kJJp"", ""position"": 6, ""title"": ""Lovam Ni"", ""duration_seconds"": 227.643, ""artist_credits"": [{""id"": """", ""name"": ""Eycin""}, {""id"": """", ""name"": ""Mv30h""}]}, {""id"": ""3zkVYnXso0AyLigDLKZ2Zk"", ""position"": 7, ""title"": ""Ghabrestoone Gharb"", ""duration_seconds"": 148.292, ""artist_credits"": [{""id"": """", ""name"": ""Eycin""}, {""id"": """", ""name"": ""Saman Wartan""}]}, {""id"": ""3Chw7q7pRHKJGxRhrJ0Yc3"", ""position"": 8, ""title"": ""Batman"", ""duration_seconds"": 153.64, ""artist_credits"": [{""id"": """", ""name"": ""Eycin""}]}, {""id"": ""1Mqxbsx6tb7pukqMuLc5d5"", ""position"": 9, ""title"": ""Lucifer"", ""duration_seconds"": 155.2, ""artist_credits"": [{""id"": """", ""name"": ""Eycin""}]}, {""id"": ""2LxuMTubizUKqOfXuAF80a"", ""position"": 10, ""title"": ""Tavalodame"", ""duration_seconds"": 134.0, ""artist_credits"": [{""id"": """", ""name"": ""Eycin""}, {""id"": """", ""name"": ""Rasam""}]}, {""id"": ""14dwQYhnTbi4XK4G2Y51g7"", ""position"": 11, ""title"": ""Hazinash"", ""duration_seconds"": 164.611, ""artist_credits"": [{""id"": """", ""name"": ""Eycin""}, {""id"": """", ""name"": ""30na Ghiam""}, {""id"": """", ""name"": ""Beatkori""}]}, {""id"": ""5ZvzJRw47FtfoDeB7e24v5"", ""position"": 12, ""title"": ""HaZrati"", ""duration_seconds"": 220.408, ""artist_credits"": [{""id"": """", ""name"": ""Eycin""}, {""id"": """", ""name"": ""Mediema""}]}]",2026-10-04T14:28:18.654765+00:00,,not_rechecked,No matching media source established by the earlier bounded metadata checks; full recording untested,No full-acquisition evidence attached,False
2026-10-04T14:47:54.222104+00:00,5d89fcedcc1c01d5f9f00b533242e6d9045fbb0f,spotify:album:5SWrdCmii8VxsYwd96waDc,spotify,5SWrdCmii8VxsYwd96waDc,Dmt,https://open.spotify.com/album/5SWrdCmii8VxsYwd96waDc,EP,explicit_spotify_type,latest_candidate,[113],[],"[{""artist_id"": 113, ""artist"": ""Masin""}]",2025-07-14T00:00:00Z,3,"[{""id"": ""5JsaOiUiiDz0hCqUyiyLHf"", ""name"": ""fedi""}, {""id"": ""0QKP5an5PwgDyG0QPsLRxe"", ""name"": ""Masin""}, {""id"": ""5koq1lIrFAXuS6XTlgUc0s"", ""name"": ""RadPro""}]","[""fedi"", ""Masin"", ""RadPro""]",[],"[{""name"": ""fedi"", ""credited_track_positions"": [1, 2, 3], ""credited_track_count"": 3, ""leading_track_positions"": [1, 2, 3]}, {""name"": ""Masin"", ""credited_track_positions"": [1, 2, 3], ""credited_track_count"": 3, ""leading_track_positions"": []}, {""name"": ""RadPro"", ""credited_track_positions"": [1, 2, 3], ""credited_track_count"": 3, ""leading_track_positions"": []}]",All-track credit intersection plus exact per-track coverage; roles require owner review where ambiguous,"[{""id"": ""61wu3ik7C56r6OWp6QcAqc"", ""position"": 1, ""title"": ""Dmt"", ""duration_seconds"": 265.206, ""artist_credits"": [{""id"": """", ""name"": ""fedi""}, {""id"": """", ""name"": ""Masin""}, {""id"": """", ""name"": ""RadPro""}]}, {""id"": ""0I22xsuOlKwTnmtrOFIAt2"", ""position"": 2, ""title"": ""Khooneye Akhar"", ""duration_seconds"": 292.317, ""artist_credits"": [{""id"": """", ""name"": ""fedi""}, {""id"": """", ""name"": ""Masin""}, {""id"": """", ""name"": ""RadPro""}]}, {""id"": ""4MVW910BCrvWV1jXJV1Rqd"", ""position"": 3, ""title"": ""Shayad"", ""duration_seconds"": 246.521, ""artist_credits"": [{""id"": """", ""name"": ""fedi""}, {""id"": """", ""name"": ""Masin""}, {""id"": """", ""name"": ""RadPro""}]}]",2026-10-04T14:28:21.631288+00:00,,not_rechecked,No matching source found in bounded official-set probe,No full-acquisition evidence attached,False
2026-10-04T14:47:54.222104+00:00,5d89fcedcc1c01d5f9f00b533242e6d9045fbb0f,spotify:album:37BISa2SRxjs7FJX5lxWt3,spotify,37BISa2SRxjs7FJX5lxWt3,Welcome to Gambron,https://open.spotify.com/album/37BISa2SRxjs7FJX5lxWt3,LP,explicit_spotify_type,latest_candidate,[114],[],"[{""artist_id"": 6, ""artist"": ""Sinazza""}, {""artist_id"": 7, ""artist"": ""Hoomaan""}, {""artist_id"": 10, ""artist"": ""Hiphopologist""}, {""artist_id"": 11, ""artist"": ""Chvrsi""}, {""artist_id"": 18, ""artist"": ""Sepehr Khalse""}, {""artist_id"": 114, ""artist"": ""Young Sudden""}, {""artist_id"": 124, ""artist"": ""Arown""}]",2025-01-22T00:00:00Z,33,"[{""id"": ""0PGOS7VHyBpbxRhWgO4tZB"", ""name"": ""Young Sudden""}]","[""Young Sudden""]","[""Hitta J3"", ""Big Z"", ""Sepehr Khalse"", ""Reza Odin"", ""Kh4var"", ""Chvrsi"", ""Hiphopologist"", ""D3szn"", ""Sinazza"", ""Hoomaan"", ""Arown"", ""Nigzed"", ""Lai"", ""AG"", ""Big Khaal"", ""WestT""]","[{""name"": ""Young Sudden"", ""credited_track_positions"": [1, 2, 3, 4, 5, 6, 7, 8, 9, 10, 11, 12, 13, 14, 15, 16, 17, 18, 19, 20, 21, 22, 23, 24, 25, 26, 27, 28, 29, 30, 31, 32, 33], ""credited_track_count"": 33, ""leading_track_positions"": [1, 2, 3, 4, 5, 6, 7, 8, 9, 10, 11, 12, 13, 14, 15, 16, 17, 18, 19, 20, 21, 22, 23, 24, 25, 26, 27, 28, 29, 30, 31, 32, 33]}, {""name"": ""Hitta J3"", ""credited_track_positions"": [2], ""credited_track_count"": 1, ""leading_track_positions"": []}, {""name"": ""Big Z"", ""credited_track_positions"": [4], ""credited_track_count"": 1, ""leading_track_positions"": []}, {""name"": ""Sepehr Khalse"", ""credited_track_positions"": [5, 13, 22], ""credited_track_count"": 3, ""leading_track_positions"": []}, {""name"": ""Reza Odin"", ""credited_track_positions"": [5, 29], ""credited_track_count"": 2, ""leading_track_positions"": []}, {""name"": ""Kh4var"", ""credited_track_positions"": [6], ""credited_track_count"": 1, ""leading_track_positions"": []}, {""name"": ""Chvrsi"", ""credited_track_positions"": [9], ""credited_track_count"": 1, ""leading_track_positions"": []}, {""name"": ""Hiphopologist"", ""credited_track_positions"": [10], ""credited_track_count"": 1, ""leading_track_positions"": []}, {""name"": ""D3szn"", ""credited_track_positions"": [12], ""credited_track_count"": 1, ""leading_track_positions"": []}, {""name"": ""Sinazza"", ""credited_track_positions"": [15], ""credited_track_count"": 1, ""leading_track_positions"": []}, {""name"": ""Hoomaan"", ""credited_track_positions"": [17], ""credited_track_count"": 1, ""leading_track_positions"": []}, {""name"": ""Arown"", ""credited_track_positions"": [18], ""credited_track_count"": 1, ""leading_track_positions"": []}, {""name"": ""Nigzed"", ""credited_track_positions"": [26], ""credited_track_count"": 1, ""leading_track_positions"": []}, {""name"": ""Lai"", ""credited_track_positions"": [27], ""credited_track_count"": 1, ""leading_track_positions"": []}, {""name"": ""AG"", ""credited_track_positions"": [28], ""credited_track_count"": 1, ""leading_track_positions"": []}, {""name"": ""Big Khaal"", ""credited_track_positions"": [28], ""credited_track_count"": 1, ""leading_track_positions"": []}, {""name"": ""WestT"", ""credited_track_positions"": [30, 33], ""credited_track_count"": 2, ""leading_track_positions"": []}]",All-track credit intersection plus exact per-track coverage; roles require owner review where ambiguous,"[{""id"": ""1yU7uJESIjvFhf7YYpM7x6"", ""position"": 1, ""title"": ""W2G (Intro)"", ""duration_seconds"": 128.259, ""artist_credits"": [{""id"": """", ""name"": ""Young Sudden""}]}, {""id"": ""6ALsDiyk5f4PFQ6FbNkC7g"", ""position"": 2, ""title"": ""Gambron To Bompton"", ""duration_seconds"": 155.485, ""artist_credits"": [{""id"": """", ""name"": ""Young Sudden""}, {""id"": """", ""name"": ""Hitta J3""}]}, {""id"": ""14RnIP80aQmVxYm9iJtIWo"", ""position"": 3, ""title"": ""Habibi"", ""duration_seconds"": 156.328, ""artist_credits"": [{""id"": """", ""name"": ""Young Sudden""}]}, {""id"": ""0UrYBDzXbPPLkXCVePieKG"", ""position"": 4, ""title"": ""More"", ""duration_seconds"": 222.105, ""artist_credits"": [{""id"": """", ""name"": ""Young Sudden""}, {""id"": """", ""name"": ""Big Z""}]}, {""id"": ""5YH1KGGaYvLEQTVku1rWfN"", ""position"": 5, ""title"": ""Heysh"", ""duration_seconds"": 207.826, ""artist_credits"": [{""id"": """", ""name"": ""Young Sudden""}, {""id"": """", ""name"": ""Sepehr Khalse""}, {""id"": """", ""name"": ""Reza Odin""}]}, {""id"": ""3wPaaG5ujUfkfh8e3Weptj"", ""position"": 6, ""title"": ""Ki Miad"", ""duration_seconds"": 183.72, ""artist_credits"": [{""id"": """", ""name"": ""Young Sudden""}, {""id"": """", ""name"": ""Kh4var""}]}, {""id"": ""1oZ5Dp4bnYbZILqrrIQBst"", ""position"": 7, ""title"": ""TBGN"", ""duration_seconds"": 120.557, ""artist_credits"": [{""id"": """", ""name"": ""Young Sudden""}]}, {""id"": ""02ABpZHqLAVtO3w1Kn3X4T"", ""position"": 8, ""title"": ""Drive-by"", ""duration_seconds"": 169.387, ""artist_credits"": [{""id"": """", ""name"": ""Young Sudden""}]}, {""id"": ""6AOfoMIM9ffoQhcUjSJvtp"", ""position"": 9, ""title"": ""Gambron"", ""duration_seconds"": 191.923, ""artist_credits"": [{""id"": """", ""name"": ""Young Sudden""}, {""id"": """", ""name"": ""Chvrsi""}]}, {""id"": ""3gPf4xmLpeYpPQbEhDGOtg"", ""position"": 10, ""title"": ""B&M"", ""duration_seconds"": 220.086, ""artist_credits"": [{""id"": """", ""name"": ""Young Sudden""}, {""id"": """", ""name"": ""Hiphopologist""}]}, {""id"": ""3kGmu9DRWB653f57KEIkg7"", ""position"": 11, ""title"": ""Starboy"", ""duration_seconds"": 160.044, ""artist_credits"": [{""id"": """", ""name"": ""Young Sudden""}]}, {""id"": ""69nJfFZTPDnFyuKh0XR6dP"", ""position"": 12, ""title"": ""Something About You"", ""duration_seconds"": 152.778, ""artist_credits"": [{""id"": """", ""name"": ""Young Sudden""}, {""id"": """", ""name"": ""D3szn""}]}, {""id"": ""7wcUpMc9PJjdN5QENH9xsx"", ""position"": 13, ""title"": ""Baam Bad"", ""duration_seconds"": 156.507, ""artist_credits"": [{""id"": """", ""name"": ""Young Sudden""}, {""id"": """", ""name"": ""Sepehr Khalse""}]}, {""id"": ""6hRQDPjzNOvuMwRYJxmtFK"", ""position"": 14, ""title"": ""667"", ""duration_seconds"": 203.743, ""artist_credits"": [{""id"": """", ""name"": ""Young Sudden""}]}, {""id"": ""1XGfiQ2b2t9jzUhtSbUDtW"", ""position"": 15, ""title"": ""Ni Moodam"", ""duration_seconds"": 210.471, ""artist_credits"": [{""id"": """", ""name"": ""Young Sudden""}, {""id"": """", ""name"": ""Sinazza""}]}, {""id"": ""4qvVaoPgrNDfTmQbABXZIu"", ""position"": 16, ""title"": ""Kafe T"", ""duration_seconds"": 154.0, ""artist_credits"": [{""id"": """", ""name"": ""Young Sudden""}]}, {""id"": ""14FKMhmKII6JOMzjtKly0o"", ""position"": 17, ""title"": ""Tequila"", ""duration_seconds"": 192.1, ""artist_credits"": [{""id"": """", ""name"": ""Young Sudden""}, {""id"": """", ""name"": ""Hoomaan""}]}, {""id"": ""4faHBWYDMCLdZHNvk4o7B6"", ""position"": 18, ""title"": ""S.E.X"", ""duration_seconds"": 216.784, ""artist_credits"": [{""id"": """", ""name"": ""Young Sudden""}, {""id"": """", ""name"": ""Arown""}]}, {""id"": ""1bqXp28ddMkXlGPKpfvFuc"", ""position"": 19, ""title"": ""808"", ""duration_seconds"": 173.224, ""artist_credits"": [{""id"": """", ""name"": ""Young Sudden""}]}, {""id"": ""1pyMxHJwZuixxnZHUvZFqF"", ""position"": 20, ""title"": ""Sarechi"", ""duration_seconds"": 219.326, ""artist_credits"": [{""id"": """", ""name"": ""Young Sudden""}]}, {""id"": ""2BYdMuls7tbefHp3OZREKB"", ""position"": 21, ""title"": ""Bebin Mano"", ""duration_seconds"": 156.879, ""artist_credits"": [{""id"": """", ""name"": ""Young Sudden""}]}, {""id"": ""07kdKv98wZPjCMhVzq0Bg1"", ""position"": 22, ""title"": ""KD"", ""duration_seconds"": 170.057, ""artist_credits"": [{""id"": """", ""name"": ""Young Sudden""}, {""id"": """", ""name"": ""Sepehr Khalse""}]}, {""id"": ""3BLPPuk4hCy3I5PZDnGMuC"", ""position"": 23, ""title"": ""23"", ""duration_seconds"": 148.8, ""artist_credits"": [{""id"": """", ""name"": ""Young Sudden""}]}, {""id"": ""6VfevDrCmDgPWoRl1niTkZ"", ""position"": 24, ""title"": ""Shahrak (skit)"", ""duration_seconds"": 89.687, ""artist_credits"": [{""id"": """", ""name"": ""Young Sudden""}]}, {""id"": ""6Fy8IIF99uUTkOGmda9323"", ""position"": 25, ""title"": ""Live Like a Boss"", ""duration_seconds"": 142.962, ""artist_credits"": [{""id"": """", ""name"": ""Young Sudden""}]}, {""id"": ""4ki7tzIhO1yArTN900aj9f"", ""position"": 26, ""title"": ""Club"", ""duration_seconds"": 162.58, ""artist_credits"": [{""id"": """", ""name"": ""Young Sudden""}, {""id"": """", ""name"": ""Nigzed""}]}, {""id"": ""0zn2i4wltWH1oVMJGdiYSZ"", ""position"": 27, ""title"": ""Purge"", ""duration_seconds"": 184.31, ""artist_credits"": [{""id"": """", ""name"": ""Young Sudden""}, {""id"": """", ""name"": ""Lai""}]}, {""id"": ""1A6gcfXKaxHZ5hkPuUamy3"", ""position"": 28, ""title"": ""Moshkeli Ni"", ""duration_seconds"": 219.822, ""artist_credits"": [{""id"": """", ""name"": ""Young Sudden""}, {""id"": """", ""name"": ""AG""}, {""id"": """", ""name"": ""Big Khaal""}]}, {""id"": ""3DHvlDE2AKylRMzqUqtEKU"", ""position"": 29, ""title"": ""Family First"", ""duration_seconds"": 211.977, ""artist_credits"": [{""id"": """", ""name"": ""Young Sudden""}, {""id"": """", ""name"": ""Reza Odin""}]}, {""id"": ""7mqgIv8yeUikHk4QsfeP85"", ""position"": 30, ""title"": ""No Mercy"", ""duration_seconds"": 166.73, ""artist_credits"": [{""id"": """", ""name"": ""Young Sudden""}, {""id"": """", ""name"": ""WestT""}]}, {""id"": ""3whxnpFbE45erG0P7J1xW4"", ""position"": 31, ""title"": ""TV"", ""duration_seconds"": 148.587, ""artist_credits"": [{""id"": """", ""name"": ""Young Sudden""}]}, {""id"": ""5LY1VsQEAxg0z3O78QOOmN"", ""position"": 32, ""title"": ""Arezoom Ine"", ""duration_seconds"": 236.065, ""artist_credits"": [{""id"": """", ""name"": ""Young Sudden""}]}, {""id"": ""0GmksFYJGtoM6wQ5hNYgTh"", ""position"": 33, ""title"": ""Outro"", ""duration_seconds"": 204.215, ""artist_credits"": [{""id"": """", ""name"": ""Young Sudden""}, {""id"": """", ""name"": ""WestT""}]}]",2026-10-04T14:28:23.923278+00:00,,not_rechecked,No matching media source established by the earlier bounded metadata checks; full recording untested,No full-acquisition evidence attached,False
2026-10-04T14:47:54.222104+00:00,5d89fcedcc1c01d5f9f00b533242e6d9045fbb0f,spotify:album:7AkUbPht8NClY4sA78YAt8,spotify,7AkUbPht8NClY4sA78YAt8,STARBOY,https://open.spotify.com/album/7AkUbPht8NClY4sA78YAt8,LP,explicit_spotify_type,latest_candidate,[115],[],"[{""artist_id"": 115, ""artist"": ""Naaji""}]",2026-09-28T00:00:00Z,8,"[{""id"": ""0RUqk7JT0uRkJSL2VNytz2"", ""name"": ""Naaji""}]","[""Naaji""]",[],"[{""name"": ""Naaji"", ""credited_track_positions"": [1, 2, 3, 4, 5, 6, 7, 8], ""credited_track_count"": 8, ""leading_track_positions"": [1, 2, 3, 4, 5, 6, 7, 8]}]",All-track credit intersection plus exact per-track coverage; roles require owner review where ambiguous,"[{""id"": ""4km0ZBjhyc6xnkHJ73xNEo"", ""position"": 1, ""title"": ""Amoonamo Bord"", ""duration_seconds"": 181.481, ""artist_credits"": [{""id"": """", ""name"": ""Naaji""}]}, {""id"": ""6BudSbyHcNw2GPFCJxV5xd"", ""position"": 2, ""title"": ""Plan B"", ""duration_seconds"": 133.636, ""artist_credits"": [{""id"": """", ""name"": ""Naaji""}]}, {""id"": ""7bW6xbCDYroKac1ekgmb8r"", ""position"": 3, ""title"": ""Didam"", ""duration_seconds"": 187.832, ""artist_credits"": [{""id"": """", ""name"": ""Naaji""}]}, {""id"": ""2JwlL6plQhdI9MxFtlGaiv"", ""position"": 4, ""title"": ""7AM"", ""duration_seconds"": 191.192, ""artist_credits"": [{""id"": """", ""name"": ""Naaji""}]}, {""id"": ""01FlJKkLb3zvF0AVx1jGYf"", ""position"": 5, ""title"": ""Heyfe"", ""duration_seconds"": 165.633, ""artist_credits"": [{""id"": """", ""name"": ""Naaji""}]}, {""id"": ""07aoUMj04ey7h0tCivOp7i"", ""position"": 6, ""title"": ""MF"", ""duration_seconds"": 207.157, ""artist_credits"": [{""id"": """", ""name"": ""Naaji""}]}, {""id"": ""1syowfsM6hRfzopDxy8pqG"", ""position"": 7, ""title"": ""Door Bemoon"", ""duration_seconds"": 219.2, ""artist_credits"": [{""id"": """", ""name"": ""Naaji""}]}, {""id"": ""3E08VnjqmXCDSUzF30vWVx"", ""position"": 8, ""title"": ""Dream"", ""duration_seconds"": 136.14, ""artist_credits"": [{""id"": """", ""name"": ""Naaji""}]}]",2026-10-04T14:28:24.857991+00:00,,not_rechecked,Provider probe indicates potentially supported full recording; acquisition and complete audio validation untested,No full-acquisition evidence attached,False
2026-10-04T14:47:54.222104+00:00,5d89fcedcc1c01d5f9f00b533242e6d9045fbb0f,spotify:album:74pfaLWuj1ZIwTMTrVrotu,spotify,74pfaLWuj1ZIwTMTrVrotu,G,https://open.spotify.com/album/74pfaLWuj1ZIwTMTrVrotu,LP,explicit_spotify_type,latest_candidate,[116],[],"[{""artist_id"": 1, ""artist"": ""Hossein Tiem""}, {""artist_id"": 2, ""artist"": ""Hesam Tiem""}, {""artist_id"": 5, ""artist"": ""Sajad Shahi""}, {""artist_id"": 116, ""artist"": ""Ali Geramy""}, {""artist_id"": 131, ""artist"": ""Matin Fattahi""}]",2025-09-26T00:00:00Z,16,"[{""id"": ""5C2k7gNXFOiW09K3nCjBmq"", ""name"": ""Ali Geramy""}]","[""Ali Geramy""]","[""Sajad Shahi"", ""HesamTiem"", ""Tiem"", ""Matin Fattahi""]","[{""name"": ""Ali Geramy"", ""credited_track_positions"": [1, 2, 3, 4, 5, 6, 7, 8, 9, 10, 11, 12, 13, 14, 15, 16], ""credited_track_count"": 16, ""leading_track_positions"": [1, 2, 3, 4, 5, 6, 7, 8, 9, 10, 11, 12, 13, 14, 15, 16]}, {""name"": ""Sajad Shahi"", ""credited_track_positions"": [10, 13], ""credited_track_count"": 2, ""leading_track_positions"": []}, {""name"": ""HesamTiem"", ""credited_track_positions"": [13], ""credited_track_count"": 1, ""leading_track_positions"": []}, {""name"": ""Tiem"", ""credited_track_positions"": [13], ""credited_track_count"": 1, ""leading_track_positions"": []}, {""name"": ""Matin Fattahi"", ""credited_track_positions"": [15], ""credited_track_count"": 1, ""leading_track_positions"": []}]",All-track credit intersection plus exact per-track coverage; roles require owner review where ambiguous,"[{""id"": ""45s2kQNIgnnqkY9nqVWnjL"", ""position"": 1, ""title"": ""G"", ""duration_seconds"": 212.951, ""artist_credits"": [{""id"": """", ""name"": ""Ali Geramy""}]}, {""id"": ""0amdNT1sXNEvNcsguoTHIJ"", ""position"": 2, ""title"": ""Fall In Drugs"", ""duration_seconds"": 205.298, ""artist_credits"": [{""id"": """", ""name"": ""Ali Geramy""}]}, {""id"": ""2hvwXm64uVFAG527K5HQ4L"", ""position"": 3, ""title"": ""Arizona"", ""duration_seconds"": 161.881, ""artist_credits"": [{""id"": """", ""name"": ""Ali Geramy""}]}, {""id"": ""78j3LDRu1p93t6y5mrSKFN"", ""position"": 4, ""title"": ""Heart Beat"", ""duration_seconds"": 126.692, ""artist_credits"": [{""id"": """", ""name"": ""Ali Geramy""}]}, {""id"": ""0fIakV9yDoVg33zLLJhwgE"", ""position"": 5, ""title"": ""NESCAFE+WEED"", ""duration_seconds"": 141.536, ""artist_credits"": [{""id"": """", ""name"": ""Ali Geramy""}]}, {""id"": ""3ShIY5SK5DewSawEajcW7V"", ""position"": 6, ""title"": ""Change"", ""duration_seconds"": 122.901, ""artist_credits"": [{""id"": """", ""name"": ""Ali Geramy""}]}, {""id"": ""46oepZFTYdLugR8oGpnJ1f"", ""position"": 7, ""title"": ""Dunk Flow 2"", ""duration_seconds"": 171.116, ""artist_credits"": [{""id"": """", ""name"": ""Ali Geramy""}]}, {""id"": ""4gVQXnDWkoxhAwiaRsgBeT"", ""position"": 8, ""title"": ""Gucci"", ""duration_seconds"": 147.933, ""artist_credits"": [{""id"": """", ""name"": ""Ali Geramy""}]}, {""id"": ""680I85OCWxOkMbbPrwxxej"", ""position"": 9, ""title"": ""No Case"", ""duration_seconds"": 165.298, ""artist_credits"": [{""id"": """", ""name"": ""Ali Geramy""}]}, {""id"": ""3aLxxje4pUaKpfKpd42zKh"", ""position"": 10, ""title"": ""Dawg"", ""duration_seconds"": 192.562, ""artist_credits"": [{""id"": """", ""name"": ""Ali Geramy""}, {""id"": """", ""name"": ""Sajad Shahi""}]}, {""id"": ""0k0kFGfqSMlQIhhEVDPMCq"", ""position"": 11, ""title"": ""Feelings"", ""duration_seconds"": 140.293, ""artist_credits"": [{""id"": """", ""name"": ""Ali Geramy""}]}, {""id"": ""38VCu3gpu9EPpMiBcTtYiN"", ""position"": 12, ""title"": ""Overthink"", ""duration_seconds"": 231.15, ""artist_credits"": [{""id"": """", ""name"": ""Ali Geramy""}]}, {""id"": ""24Q21OMuBg9y9tQ5DPCrc8"", ""position"": 13, ""title"": ""KHELT"", ""duration_seconds"": 301.828, ""artist_credits"": [{""id"": """", ""name"": ""Ali Geramy""}, {""id"": """", ""name"": ""HesamTiem""}, {""id"": """", ""name"": ""Tiem""}, {""id"": """", ""name"": ""Sajad Shahi""}]}, {""id"": ""3cWMg0wPFgXFjrv8XVZHHL"", ""position"": 14, ""title"": ""NiggaClone"", ""duration_seconds"": 134.741, ""artist_credits"": [{""id"": """", ""name"": ""Ali Geramy""}]}, {""id"": ""5N0QLmr5RcR5Cz5eylwYxP"", ""position"": 15, ""title"": ""Rapfarsi"", ""duration_seconds"": 222.53, ""artist_credits"": [{""id"": """", ""name"": ""Ali Geramy""}, {""id"": """", ""name"": ""Matin Fattahi""}]}, {""id"": ""1kLqPDMLl6PXMGSgJp0W8h"", ""position"": 16, ""title"": ""Legend"", ""duration_seconds"": 198.002, ""artist_credits"": [{""id"": """", ""name"": ""Ali Geramy""}]}]",2026-10-04T14:28:27.792782+00:00,,not_rechecked,No matching media source established by the earlier bounded metadata checks; full recording untested,No full-acquisition evidence attached,False
2026-10-04T14:47:54.222104+00:00,5d89fcedcc1c01d5f9f00b533242e6d9045fbb0f,spotify:album:7InVsgJrA6VVLJFngsWC5h,spotify,7InVsgJrA6VVLJFngsWC5h,"Virus, vol. 2",https://open.spotify.com/album/7InVsgJrA6VVLJFngsWC5h,LP,explicit_spotify_type,latest_candidate,[117],[],"[{""artist_id"": 117, ""artist"": ""XWHISKY""}]",2024-03-21T00:00:00Z,15,"[{""id"": ""4TO3iG7Rd36IKRcMVvPi2U"", ""name"": ""XWHISKY""}, {""id"": ""2CYyZPLioDtzyvXk7c21yA"", ""name"": ""Aroosak""}, {""id"": ""21OqS04202kuo9eIPGpnnE"", ""name"": ""NXOAH""}]","[""XWHISKY""]","[""Aroosak"", ""NXOAH""]","[{""name"": ""XWHISKY"", ""credited_track_positions"": [1, 2, 3, 4, 5, 6, 7, 8, 9, 10, 11, 12, 13, 14, 15], ""credited_track_count"": 15, ""leading_track_positions"": [1, 2, 3, 4, 5, 6, 7, 8, 9, 10, 11, 12, 13, 14, 15]}, {""name"": ""Aroosak"", ""credited_track_positions"": [2, 3, 6, 10, 15], ""credited_track_count"": 5, ""leading_track_positions"": []}, {""name"": ""NXOAH"", ""credited_track_positions"": [5], ""credited_track_count"": 1, ""leading_track_positions"": []}]",All-track credit intersection plus exact per-track coverage; roles require owner review where ambiguous,"[{""id"": ""6qWTHyNj4pdqU2g4Xb3daN"", ""position"": 1, ""title"": ""AM I STUPID?"", ""duration_seconds"": 124.694, ""artist_credits"": [{""id"": """", ""name"": ""XWHISKY""}]}, {""id"": ""6ufS1UaZxugaz2coTAQ2Rk"", ""position"": 2, ""title"": ""Aroosake Shikaste"", ""duration_seconds"": 128.0, ""artist_credits"": [{""id"": """", ""name"": ""XWHISKY""}, {""id"": """", ""name"": ""Aroosak""}]}, {""id"": ""1hKF8TX1G3BXQgZDUh2XNl"", ""position"": 3, ""title"": ""Unreal"", ""duration_seconds"": 182.87, ""artist_credits"": [{""id"": """", ""name"": ""XWHISKY""}, {""id"": """", ""name"": ""Aroosak""}]}, {""id"": ""306zhDnocNzhb80jnuSh1h"", ""position"": 4, ""title"": ""Moonlight Diamonds"", ""duration_seconds"": 165.837, ""artist_credits"": [{""id"": """", ""name"": ""XWHISKY""}]}, {""id"": ""1KMQi9Q4FaB8o8d8exWKcu"", ""position"": 5, ""title"": ""PRIVATE"", ""duration_seconds"": 168.031, ""artist_credits"": [{""id"": """", ""name"": ""XWHISKY""}, {""id"": """", ""name"": ""NXOAH""}]}, {""id"": ""3wFhE2Fas8nW4X54DuZ07j"", ""position"": 6, ""title"": ""OVERDOSE"", ""duration_seconds"": 162.885, ""artist_credits"": [{""id"": """", ""name"": ""XWHISKY""}, {""id"": """", ""name"": ""Aroosak""}]}, {""id"": ""04yBEhagdUUq5BcUX2om9f"", ""position"": 7, ""title"": ""Modern OD"", ""duration_seconds"": 140.101, ""artist_credits"": [{""id"": """", ""name"": ""XWHISKY""}]}, {""id"": ""1Ap8bBzaNXawNUNxvighuM"", ""position"": 8, ""title"": ""ICON Living"", ""duration_seconds"": 173.438, ""artist_credits"": [{""id"": """", ""name"": ""XWHISKY""}]}, {""id"": ""1vHUxHHbhE8UyqNRX62YW0"", ""position"": 9, ""title"": ""Nagu Behtare"", ""duration_seconds"": 216.47, ""artist_credits"": [{""id"": """", ""name"": ""XWHISKY""}]}, {""id"": ""3KfXc03zWZFdZEpqP15uKO"", ""position"": 10, ""title"": ""MISS MY WRLD"", ""duration_seconds"": 153.6, ""artist_credits"": [{""id"": """", ""name"": ""XWHISKY""}, {""id"": """", ""name"": ""Aroosak""}]}, {""id"": ""05xqsfPxoJDak7jgu2oxFE"", ""position"": 11, ""title"": ""DOKHTARE BAZIGAR"", ""duration_seconds"": 162.728, ""artist_credits"": [{""id"": """", ""name"": ""XWHISKY""}]}, {""id"": ""34W0NVge6kokHjKpLeOsvc"", ""position"": 12, ""title"": ""Sabeghe Nadare"", ""duration_seconds"": 168.482, ""artist_credits"": [{""id"": """", ""name"": ""XWHISKY""}]}, {""id"": ""51vWoyo2LrTfysrnkwfCkL"", ""position"": 13, ""title"": ""Yadam Naraft"", ""duration_seconds"": 174.562, ""artist_credits"": [{""id"": """", ""name"": ""XWHISKY""}]}, {""id"": ""5Q6cEideSs4YRPl5wTzU7W"", ""position"": 14, ""title"": ""Zemestoone Ghabli"", ""duration_seconds"": 142.352, ""artist_credits"": [{""id"": """", ""name"": ""XWHISKY""}]}, {""id"": ""0wWoRyIELY6Baw4FveEMrW"", ""position"": 15, ""title"": ""ANXIETY"", ""duration_seconds"": 160.0, ""artist_credits"": [{""id"": """", ""name"": ""XWHISKY""}, {""id"": """", ""name"": ""Aroosak""}]}]",2026-10-04T14:28:29.949929+00:00,,not_rechecked,No matching media source established by the earlier bounded metadata checks; full recording untested,No full-acquisition evidence attached,False
2026-10-04T14:47:54.222104+00:00,5d89fcedcc1c01d5f9f00b533242e6d9045fbb0f,spotify:album:2Vj0WnvHmn3L0nza1Efk2d,spotify,2Vj0WnvHmn3L0nza1Efk2d,Paranoia,https://open.spotify.com/album/2Vj0WnvHmn3L0nza1Efk2d,LP,explicit_spotify_type,latest_candidate,[119],[],"[{""artist_id"": 4, ""artist"": ""Mamazi""}, {""artist_id"": 7, ""artist"": ""Hoomaan""}, {""artist_id"": 8, ""artist"": ""Vinak""}, {""artist_id"": 13, ""artist"": ""Arta""}, {""artist_id"": 14, ""artist"": ""Koorosh Wantons""}, {""artist_id"": 18, ""artist"": ""Sepehr Khalse""}, {""artist_id"": 27, ""artist"": ""Erfan""}, {""artist_id"": 107, ""artist"": ""Sami Low""}, {""artist_id"": 114, ""artist"": ""Young Sudden""}, {""artist_id"": 119, ""artist"": ""Arman Miladi""}, {""artist_id"": 123, ""artist"": ""Isam""}, {""artist_id"": 124, ""artist"": ""Arown""}, {""artist_id"": 128, ""artist"": ""Parsa""}, {""artist_id"": 130, ""artist"": ""Raha""}]",2024-03-08T00:00:00Z,17,"[{""id"": ""3eqSr81gcNym9KLon3xcRR"", ""name"": ""Arman Miladi""}]","[""Arman Miladi""]","[""Hoomaan"", ""Koorosh"", ""Arown"", ""Isam"", ""Sepehr Khalse"", ""Vinak"", ""Arta"", ""Young Sudden"", ""Erfan"", ""Sami Low"", ""Raha"", ""Ashkan Kagan"", ""Mamazi"", ""Saretan"", ""Parsa"", ""Abri"", ""Raawdi""]","[{""name"": ""Arman Miladi"", ""credited_track_positions"": [1, 2, 3, 4, 5, 6, 7, 8, 9, 10, 11, 12, 13, 14, 15, 16, 17], ""credited_track_count"": 17, ""leading_track_positions"": [1, 2, 3, 4, 5, 6, 7, 8, 9, 10, 11, 12, 13, 14, 15, 16, 17]}, {""name"": ""Hoomaan"", ""credited_track_positions"": [1, 2, 3, 5, 8, 9, 10, 11, 12, 13, 14, 17], ""credited_track_count"": 12, ""leading_track_positions"": []}, {""name"": ""Koorosh"", ""credited_track_positions"": [1, 4, 9], ""credited_track_count"": 3, ""leading_track_positions"": []}, {""name"": ""Arown"", ""credited_track_positions"": [1, 2, 3, 4, 7, 8, 9, 11, 13, 14, 15, 16, 17], ""credited_track_count"": 13, ""leading_track_positions"": []}, {""name"": ""Isam"", ""credited_track_positions"": [3], ""credited_track_count"": 1, ""leading_track_positions"": []}, {""name"": ""Sepehr Khalse"", ""credited_track_positions"": [5], ""credited_track_count"": 1, ""leading_track_positions"": []}, {""name"": ""Vinak"", ""credited_track_positions"": [6], ""credited_track_count"": 1, ""leading_track_positions"": []}, {""name"": ""Arta"", ""credited_track_positions"": [7], ""credited_track_count"": 1, ""leading_track_positions"": []}, {""name"": ""Young Sudden"", ""credited_track_positions"": [8], ""credited_track_count"": 1, ""leading_track_positions"": []}, {""name"": ""Erfan"", ""credited_track_positions"": [10], ""credited_track_count"": 1, ""leading_track_positions"": []}, {""name"": ""Sami Low"", ""credited_track_positions"": [11], ""credited_track_count"": 1, ""leading_track_positions"": []}, {""name"": ""Raha"", ""credited_track_positions"": [11], ""credited_track_count"": 1, ""leading_track_positions"": []}, {""name"": ""Ashkan Kagan"", ""credited_track_positions"": [12], ""credited_track_count"": 1, ""leading_track_positions"": []}, {""name"": ""Mamazi"", ""credited_track_positions"": [13], ""credited_track_count"": 1, ""leading_track_positions"": []}, {""name"": ""Saretan"", ""credited_track_positions"": [15], ""credited_track_count"": 1, ""leading_track_positions"": []}, {""name"": ""Parsa"", ""credited_track_positions"": [15], ""credited_track_count"": 1, ""leading_track_positions"": []}, {""name"": ""Abri"", ""credited_track_positions"": [16], ""credited_track_count"": 1, ""leading_track_positions"": []}, {""name"": ""Raawdi"", ""credited_track_positions"": [16], ""credited_track_count"": 1, ""leading_track_positions"": []}]",All-track credit intersection plus exact per-track coverage; roles require owner review where ambiguous,"[{""id"": ""5FaDR2VkVrZDH56mN4KQgT"", ""position"": 1, ""title"": ""Paranoia"", ""duration_seconds"": 219.629, ""artist_credits"": [{""id"": """", ""name"": ""Arman Miladi""}, {""id"": """", ""name"": ""Hoomaan""}, {""id"": """", ""name"": ""Koorosh""}, {""id"": """", ""name"": ""Arown""}]}, {""id"": ""3Q2iwNnPG6GxdF98SJRWK9"", ""position"": 2, ""title"": ""Bijanbe"", ""duration_seconds"": 177.045, ""artist_credits"": [{""id"": """", ""name"": ""Arman Miladi""}, {""id"": """", ""name"": ""Hoomaan""}, {""id"": """", ""name"": ""Arown""}]}, {""id"": ""2eGwpOrqoFhi8jL1GBaSyH"", ""position"": 3, ""title"": ""Mahe Man"", ""duration_seconds"": 160.273, ""artist_credits"": [{""id"": """", ""name"": ""Arman Miladi""}, {""id"": """", ""name"": ""Hoomaan""}, {""id"": """", ""name"": ""Isam""}, {""id"": """", ""name"": ""Arown""}]}, {""id"": ""5an914ReqXWpXqCRz8GYuI"", ""position"": 4, ""title"": ""Buddha"", ""duration_seconds"": 142.784, ""artist_credits"": [{""id"": """", ""name"": ""Arman Miladi""}, {""id"": """", ""name"": ""Koorosh""}, {""id"": """", ""name"": ""Arown""}]}, {""id"": ""1rVKUv7PpYwPBHqKXOgqdG"", ""position"": 5, ""title"": ""Delam Az Donya Gerefte"", ""duration_seconds"": 176.239, ""artist_credits"": [{""id"": """", ""name"": ""Arman Miladi""}, {""id"": """", ""name"": ""Sepehr Khalse""}, {""id"": """", ""name"": ""Hoomaan""}]}, {""id"": ""0gtz1PGAe3JwwqHWELxdo9"", ""position"": 6, ""title"": ""Chief Keef"", ""duration_seconds"": 134.909, ""artist_credits"": [{""id"": """", ""name"": ""Arman Miladi""}, {""id"": """", ""name"": ""Vinak""}]}, {""id"": ""3QDCA3HwSd2BEmakds4UTq"", ""position"": 7, ""title"": ""24/7"", ""duration_seconds"": 168.25, ""artist_credits"": [{""id"": """", ""name"": ""Arman Miladi""}, {""id"": """", ""name"": ""Arta""}, {""id"": """", ""name"": ""Arown""}]}, {""id"": ""5BHCg2r1rfJlzbddxhFb3Y"", ""position"": 8, ""title"": ""Jenaaze"", ""duration_seconds"": 171.199, ""artist_credits"": [{""id"": """", ""name"": ""Arman Miladi""}, {""id"": """", ""name"": ""Hoomaan""}, {""id"": """", ""name"": ""Arown""}, {""id"": """", ""name"": ""Young Sudden""}]}, {""id"": ""0zHZ0BmbeiUi6032Tw8uTD"", ""position"": 9, ""title"": ""Freakam"", ""duration_seconds"": 153.952, ""artist_credits"": [{""id"": """", ""name"": ""Arman Miladi""}, {""id"": """", ""name"": ""Hoomaan""}, {""id"": """", ""name"": ""Koorosh""}, {""id"": """", ""name"": ""Arown""}]}, {""id"": ""0IxL4OmzGQ3Lo51qWhhuaO"", ""position"": 10, ""title"": ""Ankaboot"", ""duration_seconds"": 149.646, ""artist_credits"": [{""id"": """", ""name"": ""Arman Miladi""}, {""id"": """", ""name"": ""Hoomaan""}, {""id"": """", ""name"": ""Erfan""}]}, {""id"": ""2pSBjRDtlOIwvHUjM8qVIL"", ""position"": 11, ""title"": ""Friend Zone"", ""duration_seconds"": 215.545, ""artist_credits"": [{""id"": """", ""name"": ""Arman Miladi""}, {""id"": """", ""name"": ""Hoomaan""}, {""id"": """", ""name"": ""Arown""}, {""id"": """", ""name"": ""Sami Low""}, {""id"": """", ""name"": ""Raha""}]}, {""id"": ""5LYbbL7A6mRjPEv3Id9G7K"", ""position"": 12, ""title"": ""Akharin Shab"", ""duration_seconds"": 110.389, ""artist_credits"": [{""id"": """", ""name"": ""Arman Miladi""}, {""id"": """", ""name"": ""Hoomaan""}, {""id"": """", ""name"": ""Ashkan Kagan""}]}, {""id"": ""4I7wFUjqQsrADNnVx02l28"", ""position"": 13, ""title"": ""Hichvaght"", ""duration_seconds"": 150.422, ""artist_credits"": [{""id"": """", ""name"": ""Arman Miladi""}, {""id"": """", ""name"": ""Hoomaan""}, {""id"": """", ""name"": ""Mamazi""}, {""id"": """", ""name"": ""Arown""}]}, {""id"": ""1oQJIr94QBuZxuqZlnaVX5"", ""position"": 14, ""title"": ""Taghsire Shahre"", ""duration_seconds"": 154.058, ""artist_credits"": [{""id"": """", ""name"": ""Arman Miladi""}, {""id"": """", ""name"": ""Hoomaan""}, {""id"": """", ""name"": ""Arown""}]}, {""id"": ""1T5pzZuRDIO2zLzLZ4Egvk"", ""position"": 15, ""title"": ""Kaboos"", ""duration_seconds"": 214.486, ""artist_credits"": [{""id"": """", ""name"": ""Arman Miladi""}, {""id"": """", ""name"": ""Saretan""}, {""id"": """", ""name"": ""Arown""}, {""id"": """", ""name"": ""Parsa""}]}, {""id"": ""7Kg0eTJfvpT6YsKz7kXCDV"", ""position"": 16, ""title"": ""Gom o Goor"", ""duration_seconds"": 174.545, ""artist_credits"": [{""id"": """", ""name"": ""Arman Miladi""}, {""id"": """", ""name"": ""Abri""}, {""id"": """", ""name"": ""Arown""}, {""id"": """", ""name"": ""Raawdi""}]}, {""id"": ""0QEAcOKVnR0ONngQGhQgl7"", ""position"": 17, ""title"": ""Mohem Ni Vasam"", ""duration_seconds"": 176.967, ""artist_credits"": [{""id"": """", ""name"": ""Arman Miladi""}, {""id"": """", ""name"": ""Hoomaan""}, {""id"": """", ""name"": ""Arown""}]}]",2026-10-04T14:28:33.778319+00:00,,not_rechecked,No matching media source established by the earlier bounded metadata checks; full recording untested,No full-acquisition evidence attached,False
2026-10-04T14:47:54.222104+00:00,5d89fcedcc1c01d5f9f00b533242e6d9045fbb0f,spotify:album:22PgFvBhpQ5gr17pJgrikU,spotify,22PgFvBhpQ5gr17pJgrikU,Jangale Arezooha,https://open.spotify.com/album/22PgFvBhpQ5gr17pJgrikU,LP,explicit_spotify_type,latest_candidate,[121],[],"[{""artist_id"": 16, ""artist"": ""Sijal""}, {""artist_id"": 17, ""artist"": ""Behzad Leito""}, {""artist_id"": 18, ""artist"": ""Sepehr Khalse""}, {""artist_id"": 121, ""artist"": ""Heliyom""}]",2025-07-11T00:00:00Z,9,"[{""id"": ""5GS60wuvILuGWpx9rMvRTQ"", ""name"": ""Heliyom""}]","[""Heliyom""]","[""Sijal"", ""Tahas"", ""Cnjim"", ""Behzad Leito"", ""Namito"", ""Sepehr Khalse""]","[{""name"": ""Heliyom"", ""credited_track_positions"": [1, 2, 3, 4, 5, 6, 7, 8, 9], ""credited_track_count"": 9, ""leading_track_positions"": [1, 2, 3, 4, 5, 6, 7, 8, 9]}, {""name"": ""Sijal"", ""credited_track_positions"": [2, 7, 8], ""credited_track_count"": 3, ""leading_track_positions"": []}, {""name"": ""Tahas"", ""credited_track_positions"": [2], ""credited_track_count"": 1, ""leading_track_positions"": []}, {""name"": ""Cnjim"", ""credited_track_positions"": [3], ""credited_track_count"": 1, ""leading_track_positions"": []}, {""name"": ""Behzad Leito"", ""credited_track_positions"": [5], ""credited_track_count"": 1, ""leading_track_positions"": []}, {""name"": ""Namito"", ""credited_track_positions"": [7], ""credited_track_count"": 1, ""leading_track_positions"": []}, {""name"": ""Sepehr Khalse"", ""credited_track_positions"": [8], ""credited_track_count"": 1, ""leading_track_positions"": []}]",All-track credit intersection plus exact per-track coverage; roles require owner review where ambiguous,"[{""id"": ""37msPQsnEsws1NAT22Nl9C"", ""position"": 1, ""title"": ""Jangale Arezooha"", ""duration_seconds"": 132.0, ""artist_credits"": [{""id"": """", ""name"": ""Heliyom""}]}, {""id"": ""2vtvKj6xgVJ2DMOdUKFDvP"", ""position"": 2, ""title"": ""Man Delam Mikhad"", ""duration_seconds"": 152.181, ""artist_credits"": [{""id"": """", ""name"": ""Heliyom""}, {""id"": """", ""name"": ""Sijal""}, {""id"": """", ""name"": ""Tahas""}]}, {""id"": ""33fssXv1g9JYwUAFJU4eke"", ""position"": 3, ""title"": ""Koja Mikhay Beri?"", ""duration_seconds"": 148.0, ""artist_credits"": [{""id"": """", ""name"": ""Heliyom""}, {""id"": """", ""name"": ""Cnjim""}]}, {""id"": ""7ruO6HssflK3lztlf1eo7T"", ""position"": 4, ""title"": ""Nemikham Beri Na"", ""duration_seconds"": 107.076, ""artist_credits"": [{""id"": """", ""name"": ""Heliyom""}]}, {""id"": ""2Qjz3Dm2BR3irBHkytUsqm"", ""position"": 5, ""title"": ""Secret Love"", ""duration_seconds"": 171.84, ""artist_credits"": [{""id"": """", ""name"": ""Heliyom""}, {""id"": """", ""name"": ""Behzad Leito""}]}, {""id"": ""1hWAqZzPp2QDYnFc3NokSW"", ""position"": 6, ""title"": ""Age Bargardi"", ""duration_seconds"": 183.529, ""artist_credits"": [{""id"": """", ""name"": ""Heliyom""}]}, {""id"": ""18gH8TMAhyJLU2lisIvPmq"", ""position"": 7, ""title"": ""Ba Inke"", ""duration_seconds"": 225.0, ""artist_credits"": [{""id"": """", ""name"": ""Heliyom""}, {""id"": """", ""name"": ""Sijal""}, {""id"": """", ""name"": ""Namito""}]}, {""id"": ""3GHQnw5xoFW7auns13rqB0"", ""position"": 8, ""title"": ""Hofre"", ""duration_seconds"": 165.0, ""artist_credits"": [{""id"": """", ""name"": ""Heliyom""}, {""id"": """", ""name"": ""Sijal""}, {""id"": """", ""name"": ""Sepehr Khalse""}]}, {""id"": ""1YcCky9mAj5RwxEqNkhyao"", ""position"": 9, ""title"": ""Azam Nakha"", ""duration_seconds"": 136.0, ""artist_credits"": [{""id"": """", ""name"": ""Heliyom""}]}]",2026-10-04T14:28:36.584079+00:00,,not_rechecked,No matching media source established by the earlier bounded metadata checks; full recording untested,No full-acquisition evidence attached,False
2026-10-04T14:47:54.222104+00:00,5d89fcedcc1c01d5f9f00b533242e6d9045fbb0f,spotify:album:7q0vI93TCn9NcpuzFC0eOC,spotify,7q0vI93TCn9NcpuzFC0eOC,Prestige,https://open.spotify.com/album/7q0vI93TCn9NcpuzFC0eOC,EP,explicit_spotify_type,latest_candidate,[122],[],"[{""artist_id"": 16, ""artist"": ""Sijal""}, {""artist_id"": 122, ""artist"": ""The Don""}]",2023-08-22T00:00:00Z,6,"[{""id"": ""5F0BGBdSL945Bzxrq8aGbn"", ""name"": ""Sijal""}, {""id"": ""4rBWAKUMmLkl685zvk0LBH"", ""name"": ""The Don""}]","[""Sijal"", ""The Don""]",[],"[{""name"": ""Sijal"", ""credited_track_positions"": [1, 2, 3, 4, 5, 6], ""credited_track_count"": 6, ""leading_track_positions"": [1, 2, 3, 4, 5, 6]}, {""name"": ""The Don"", ""credited_track_positions"": [1, 2, 3, 4, 5, 6], ""credited_track_count"": 6, ""leading_track_positions"": []}]",All-track credit intersection plus exact per-track coverage; roles require owner review where ambiguous,"[{""id"": ""1OjAtS0kIVpzNDJwapbGMw"", ""position"": 1, ""title"": ""Ta Khode Farda"", ""duration_seconds"": 302.497, ""artist_credits"": [{""id"": """", ""name"": ""Sijal""}, {""id"": """", ""name"": ""The Don""}]}, {""id"": ""33MZwasclgz4SCvWOZJVfN"", ""position"": 2, ""title"": ""Ba To High Taram"", ""duration_seconds"": 264.071, ""artist_credits"": [{""id"": """", ""name"": ""Sijal""}, {""id"": """", ""name"": ""The Don""}]}, {""id"": ""642d0hjqQsPnPzMVI1WosG"", ""position"": 3, ""title"": ""Afsaneh"", ""duration_seconds"": 189.44, ""artist_credits"": [{""id"": """", ""name"": ""Sijal""}, {""id"": """", ""name"": ""The Don""}]}, {""id"": ""4pBwbnfrfl5wkyGsHDOyzz"", ""position"": 4, ""title"": ""Eshgh O Vojdan"", ""duration_seconds"": 205.557, ""artist_credits"": [{""id"": """", ""name"": ""Sijal""}, {""id"": """", ""name"": ""The Don""}]}, {""id"": ""3gvE0MjACwlPDz4YDx3pjw"", ""position"": 5, ""title"": ""Gangstere Tanha"", ""duration_seconds"": 222.667, ""artist_credits"": [{""id"": """", ""name"": ""Sijal""}, {""id"": """", ""name"": ""The Don""}]}, {""id"": ""2bdCde0hpFNrC6xePlcum3"", ""position"": 6, ""title"": ""Avaze Ghoo"", ""duration_seconds"": 213.133, ""artist_credits"": [{""id"": """", ""name"": ""Sijal""}, {""id"": """", ""name"": ""The Don""}]}]",2026-10-04T14:28:37.477111+00:00,,not_rechecked,No matching media source established by the earlier bounded metadata checks; full recording untested,No full-acquisition evidence attached,False
2026-10-04T14:47:54.222104+00:00,5d89fcedcc1c01d5f9f00b533242e6d9045fbb0f,spotify:album:3pU4AWSi1ggkUCsXS2wQ6F,spotify,3pU4AWSi1ggkUCsXS2wQ6F,GALLERY TALK,https://open.spotify.com/album/3pU4AWSi1ggkUCsXS2wQ6F,EP,explicit_spotify_type,latest_candidate,[123],[],"[{""artist_id"": 123, ""artist"": ""Isam""}]",2025-07-08T00:00:00Z,6,"[{""id"": ""2oJHjkrwOU6fFBoDiW1jDP"", ""name"": ""Isam""}]","[""Isam""]","[""JKC""]","[{""name"": ""Isam"", ""credited_track_positions"": [1, 2, 3, 4, 5, 6], ""credited_track_count"": 6, ""leading_track_positions"": [1, 2, 3, 4, 5, 6]}, {""name"": ""JKC"", ""credited_track_positions"": [2], ""credited_track_count"": 1, ""leading_track_positions"": []}]",All-track credit intersection plus exact per-track coverage; roles require owner review where ambiguous,"[{""id"": ""27bU78QRrIJqNJj5TligI5"", ""position"": 1, ""title"": ""T A N G I E"", ""duration_seconds"": 144.0, ""artist_credits"": [{""id"": """", ""name"": ""Isam""}]}, {""id"": ""3VzrF39v9O23mP18vUdt7Z"", ""position"": 2, ""title"": ""A D A M A"", ""duration_seconds"": 210.729, ""artist_credits"": [{""id"": """", ""name"": ""Isam""}, {""id"": """", ""name"": ""JKC""}]}, {""id"": ""065rByI85B4r3Pcp52znNp"", ""position"": 3, ""title"": ""B U T T E R F L Y . D O O R S"", ""duration_seconds"": 161.776, ""artist_credits"": [{""id"": """", ""name"": ""Isam""}]}, {""id"": ""5jjRs4leDcEBEww8ZwajTK"", ""position"": 4, ""title"": ""D O R O G H . B E G O O"", ""duration_seconds"": 180.76, ""artist_credits"": [{""id"": """", ""name"": ""Isam""}]}, {""id"": ""75P25yBODFhm1xG9EyoK50"", ""position"": 5, ""title"": ""L I S B O N"", ""duration_seconds"": 120.424, ""artist_credits"": [{""id"": """", ""name"": ""Isam""}]}, {""id"": ""7okDADbndTZfoV9OGFnOVa"", ""position"": 6, ""title"": ""A D A M A . - REMIX"", ""duration_seconds"": 191.268, ""artist_credits"": [{""id"": """", ""name"": ""Isam""}]}]",2026-10-04T14:28:39.246195+00:00,,not_rechecked,No matching media source established by the earlier bounded metadata checks; full recording untested,No full-acquisition evidence attached,False
2026-10-04T14:47:54.222104+00:00,5d89fcedcc1c01d5f9f00b533242e6d9045fbb0f,spotify:album:2W1pBaKkYDUXKyd8NHtCcb,spotify,2W1pBaKkYDUXKyd8NHtCcb,Adam Bozorga,https://open.spotify.com/album/2W1pBaKkYDUXKyd8NHtCcb,LP,explicit_spotify_type,latest_candidate,[125],[],"[{""artist_id"": 125, ""artist"": ""Octave""}]",2023-08-23T00:00:00Z,8,"[{""id"": ""78rQak8MeKSOo0smoQOSVE"", ""name"": ""Octave""}]","[""Octave""]",[],"[{""name"": ""Octave"", ""credited_track_positions"": [1, 2, 3, 4, 5, 6, 7, 8], ""credited_track_count"": 8, ""leading_track_positions"": [1, 2, 3, 4, 5, 6, 7, 8]}]",All-track credit intersection plus exact per-track coverage; roles require owner review where ambiguous,"[{""id"": ""3YBXqLrP2fLY33GClFl0ij"", ""position"": 1, ""title"": ""Akhare Hafte"", ""duration_seconds"": 259.114, ""artist_credits"": [{""id"": """", ""name"": ""Octave""}]}, {""id"": ""0MEuuw88aL4kGcODCv9J7R"", ""position"": 2, ""title"": ""Mishkane Delam"", ""duration_seconds"": 269.019, ""artist_credits"": [{""id"": """", ""name"": ""Octave""}]}, {""id"": ""0oJrGbRMFGsfJ7bLpeXSQq"", ""position"": 3, ""title"": ""Adam Bozorga"", ""duration_seconds"": 292.34, ""artist_credits"": [{""id"": """", ""name"": ""Octave""}]}, {""id"": ""4VgL0PmQS2B3c7W8tDjEb7"", ""position"": 4, ""title"": ""Baby Bebin Baroone"", ""duration_seconds"": 209.777, ""artist_credits"": [{""id"": """", ""name"": ""Octave""}]}, {""id"": ""4arhphrz1IRqJRuDVnjtcm"", ""position"": 5, ""title"": ""Doori o Doosti"", ""duration_seconds"": 224.0, ""artist_credits"": [{""id"": """", ""name"": ""Octave""}]}, {""id"": ""5aotAYVgW4l17Bo5GIl9PY"", ""position"": 6, ""title"": ""Nadare Mazze"", ""duration_seconds"": 219.652, ""artist_credits"": [{""id"": """", ""name"": ""Octave""}]}, {""id"": ""6loMrErSemha26myONmral"", ""position"": 7, ""title"": ""Gheyre Addi"", ""duration_seconds"": 273.559, ""artist_credits"": [{""id"": """", ""name"": ""Octave""}]}, {""id"": ""2clHoVWuWaket1LrCLY2jj"", ""position"": 8, ""title"": ""Aroom Aroom Aroom"", ""duration_seconds"": 277.548, ""artist_credits"": [{""id"": """", ""name"": ""Octave""}]}]",2026-10-04T14:28:41.227322+00:00,,not_rechecked,No matching media source established by the earlier bounded metadata checks; full recording untested,No full-acquisition evidence attached,False
2026-10-04T14:47:54.222104+00:00,5d89fcedcc1c01d5f9f00b533242e6d9045fbb0f,spotify:album:1Osk6KhD2Hyix5VGZMLFaA,spotify,1Osk6KhD2Hyix5VGZMLFaA,Khato Neshoun,https://open.spotify.com/album/1Osk6KhD2Hyix5VGZMLFaA,EP,explicit_spotify_type,latest_candidate,[126],[],"[{""artist_id"": 126, ""artist"": ""Maslak""}]",2022-03-21T00:00:00Z,5,"[{""id"": ""6JRWq2ja4nHQVqUnLtWarc"", ""name"": ""Merzhak""}, {""id"": ""6ZWZCww4so7LacgTJiFTWb"", ""name"": ""Maslak""}]","[""Merzhak"", ""Maslak""]","[""Nassim"", ""Aariel""]","[{""name"": ""Merzhak"", ""credited_track_positions"": [1, 2, 3, 4, 5], ""credited_track_count"": 5, ""leading_track_positions"": [1, 2, 3, 4, 5]}, {""name"": ""Maslak"", ""credited_track_positions"": [1, 2, 3, 4, 5], ""credited_track_count"": 5, ""leading_track_positions"": []}, {""name"": ""Nassim"", ""credited_track_positions"": [1], ""credited_track_count"": 1, ""leading_track_positions"": []}, {""name"": ""Aariel"", ""credited_track_positions"": [3], ""credited_track_count"": 1, ""leading_track_positions"": []}]",All-track credit intersection plus exact per-track coverage; roles require owner review where ambiguous,"[{""id"": ""1NGZhQii831KL01zn92blU"", ""position"": 1, ""title"": ""Quarantine"", ""duration_seconds"": 219.813, ""artist_credits"": [{""id"": """", ""name"": ""Merzhak""}, {""id"": """", ""name"": ""Maslak""}, {""id"": """", ""name"": ""Nassim""}]}, {""id"": ""6lnpLvvk1Uf0Ena4mJ87mP"", ""position"": 2, ""title"": ""Dast Bala Dast"", ""duration_seconds"": 192.0, ""artist_credits"": [{""id"": """", ""name"": ""Merzhak""}, {""id"": """", ""name"": ""Maslak""}]}, {""id"": ""4hHqcUn3kI7p73jxEdJ7ku"", ""position"": 3, ""title"": ""Ki Midoone"", ""duration_seconds"": 213.433, ""artist_credits"": [{""id"": """", ""name"": ""Merzhak""}, {""id"": """", ""name"": ""Maslak""}, {""id"": """", ""name"": ""Aariel""}]}, {""id"": ""0pRId4UqGKSDOR1yupaezN"", ""position"": 4, ""title"": ""Doosta Mian Doshmana Miran"", ""duration_seconds"": 205.613, ""artist_credits"": [{""id"": """", ""name"": ""Merzhak""}, {""id"": """", ""name"": ""Maslak""}]}, {""id"": ""0SY28cHqMjOSX8oQ6r3RE2"", ""position"": 5, ""title"": ""Khato Neshoun"", ""duration_seconds"": 122.186, ""artist_credits"": [{""id"": """", ""name"": ""Merzhak""}, {""id"": """", ""name"": ""Maslak""}]}]",2026-10-04T14:28:42.098567+00:00,,not_rechecked,No matching media source established by the earlier bounded metadata checks; full recording untested,No full-acquisition evidence attached,False
2026-10-04T14:47:54.222104+00:00,5d89fcedcc1c01d5f9f00b533242e6d9045fbb0f,spotify:album:0nSfDYxx7FWSUZwsYnY3KW,spotify,0nSfDYxx7FWSUZwsYnY3KW,6,https://open.spotify.com/album/0nSfDYxx7FWSUZwsYnY3KW,EP,explicit_spotify_type,latest_candidate,[127],[],"[{""artist_id"": 127, ""artist"": ""Shayan Yo""}]",2025-04-27T00:00:00Z,6,"[{""id"": ""1auD6S9qViY72nLUvLrL6a"", ""name"": ""Shayan Yo""}, {""id"": ""1eIDlFzGjgsKzlcqqGFl7N"", ""name"": ""Hassan Baba""}]","[""Shayan Yo""]","[""Hassan Baba""]","[{""name"": ""Shayan Yo"", ""credited_track_positions"": [1, 2, 3, 4, 5, 6], ""credited_track_count"": 6, ""leading_track_positions"": [1, 2, 3, 4, 5, 6]}, {""name"": ""Hassan Baba"", ""credited_track_positions"": [1, 2, 4, 5, 6], ""credited_track_count"": 5, ""leading_track_positions"": []}]",All-track credit intersection plus exact per-track coverage; roles require owner review where ambiguous,"[{""id"": ""4bFWN0MnkXcR1Yu6j8F9Db"", ""position"": 1, ""title"": ""Dastamo Vel Nakon"", ""duration_seconds"": 168.837, ""artist_credits"": [{""id"": """", ""name"": ""Shayan Yo""}, {""id"": """", ""name"": ""Hassan Baba""}]}, {""id"": ""4ilhelYjYp4DoyqLYtmy4e"", ""position"": 2, ""title"": ""Chand Mahe"", ""duration_seconds"": 142.857, ""artist_credits"": [{""id"": """", ""name"": ""Shayan Yo""}, {""id"": """", ""name"": ""Hassan Baba""}]}, {""id"": ""3SWkwRbK55lARWJZpHXzNX"", ""position"": 3, ""title"": ""Bejoz To"", ""duration_seconds"": 222.105, ""artist_credits"": [{""id"": """", ""name"": ""Shayan Yo""}]}, {""id"": ""25qRdwpIWQwIzUfYXYKxAt"", ""position"": 4, ""title"": ""Zadam Ziresh"", ""duration_seconds"": 184.999, ""artist_credits"": [{""id"": """", ""name"": ""Shayan Yo""}, {""id"": """", ""name"": ""Hassan Baba""}]}, {""id"": ""13RsRSBszcDcOxFUZjUvs8"", ""position"": 5, ""title"": ""Mano in Bi Halie"", ""duration_seconds"": 188.0, ""artist_credits"": [{""id"": """", ""name"": ""Shayan Yo""}, {""id"": """", ""name"": ""Hassan Baba""}]}, {""id"": ""5AJNefIpDDcQLEBdumFLC5"", ""position"": 6, ""title"": ""Nemikham Bargardi"", ""duration_seconds"": 201.745, ""artist_credits"": [{""id"": """", ""name"": ""Shayan Yo""}, {""id"": """", ""name"": ""Hassan Baba""}]}]",2026-10-04T14:28:43.053144+00:00,,not_rechecked,No matching media source established by the earlier bounded metadata checks; full recording untested,No full-acquisition evidence attached,False
2026-10-04T14:47:54.222104+00:00,5d89fcedcc1c01d5f9f00b533242e6d9045fbb0f,spotify:album:0tQeLVlLahdphQDgs5V5ai,spotify,0tQeLVlLahdphQDgs5V5ai,MERCURY ANGEL,https://open.spotify.com/album/0tQeLVlLahdphQDgs5V5ai,EP,explicit_spotify_type,latest_candidate,[128],[],"[{""artist_id"": 13, ""artist"": ""Arta""}, {""artist_id"": 128, ""artist"": ""Parsa""}]",2026-08-25T00:00:00Z,4,"[{""id"": ""34T7RZbXeBGkGRQEjKMRmE"", ""name"": ""Parsa""}]","[""Parsa""]","[""Arta"", ""Afta Hill""]","[{""name"": ""Parsa"", ""credited_track_positions"": [1, 2, 3, 4], ""credited_track_count"": 4, ""leading_track_positions"": [1, 2, 3, 4]}, {""name"": ""Arta"", ""credited_track_positions"": [1], ""credited_track_count"": 1, ""leading_track_positions"": []}, {""name"": ""Afta Hill"", ""credited_track_positions"": [4], ""credited_track_count"": 1, ""leading_track_positions"": []}]",All-track credit intersection plus exact per-track coverage; roles require owner review where ambiguous,"[{""id"": ""4BMvmop5jaYmkgdBUkhCYa"", ""position"": 1, ""title"": ""Voices"", ""duration_seconds"": 193.714, ""artist_credits"": [{""id"": """", ""name"": ""Parsa""}, {""id"": """", ""name"": ""Arta""}]}, {""id"": ""1n8aUylfld7Myvz1yjTTxp"", ""position"": 2, ""title"": ""Destination"", ""duration_seconds"": 151.0, ""artist_credits"": [{""id"": """", ""name"": ""Parsa""}]}, {""id"": ""2ejdb3nnmDErXqdSXmjxZs"", ""position"": 3, ""title"": ""Confession"", ""duration_seconds"": 202.718, ""artist_credits"": [{""id"": """", ""name"": ""Parsa""}]}, {""id"": ""5MJmNELSYIg2lYct6s0xzm"", ""position"": 4, ""title"": ""Peace, I Need"", ""duration_seconds"": 166.829, ""artist_credits"": [{""id"": """", ""name"": ""Parsa""}, {""id"": """", ""name"": ""Afta Hill""}]}]",2026-10-04T14:28:44.087917+00:00,,not_rechecked,No matching media source established by the earlier bounded metadata checks; full recording untested,No full-acquisition evidence attached,False
2026-10-04T14:47:54.222104+00:00,5d89fcedcc1c01d5f9f00b533242e6d9045fbb0f,spotify:album:1z1UIWoOBhNLXn6MQMGMab,spotify,1z1UIWoOBhNLXn6MQMGMab,Revival,https://open.spotify.com/album/1z1UIWoOBhNLXn6MQMGMab,LP,explicit_spotify_type,latest_candidate,[130],[],"[{""artist_id"": 14, ""artist"": ""Koorosh Wantons""}, {""artist_id"": 128, ""artist"": ""Parsa""}, {""artist_id"": 130, ""artist"": ""Raha""}]",2025-12-16T00:00:00Z,8,"[{""id"": ""0e6D1UNkt16eApxJuq0HaF"", ""name"": ""Raha""}]","[""Raha""]","[""Parsa"", ""Freddy"", ""Koorosh""]","[{""name"": ""Raha"", ""credited_track_positions"": [1, 2, 3, 4, 5, 6, 7, 8], ""credited_track_count"": 8, ""leading_track_positions"": [1, 2, 3, 4, 5, 6, 7, 8]}, {""name"": ""Parsa"", ""credited_track_positions"": [2, 7], ""credited_track_count"": 2, ""leading_track_positions"": []}, {""name"": ""Freddy"", ""credited_track_positions"": [3], ""credited_track_count"": 1, ""leading_track_positions"": []}, {""name"": ""Koorosh"", ""credited_track_positions"": [4], ""credited_track_count"": 1, ""leading_track_positions"": []}]",All-track credit intersection plus exact per-track coverage; roles require owner review where ambiguous,"[{""id"": ""4kMiVqWKBdvKMeKRQwUUkI"", ""position"": 1, ""title"": ""Raha"", ""duration_seconds"": 194.634, ""artist_credits"": [{""id"": """", ""name"": ""Raha""}]}, {""id"": ""68LkMGM10TLduMB0jMkrdl"", ""position"": 2, ""title"": ""Jaded"", ""duration_seconds"": 170.0, ""artist_credits"": [{""id"": """", ""name"": ""Raha""}, {""id"": """", ""name"": ""Parsa""}]}, {""id"": ""5q2u6eqQOjyCHstIqsYVWA"", ""position"": 3, ""title"": ""SinCity"", ""duration_seconds"": 183.058, ""artist_credits"": [{""id"": """", ""name"": ""Raha""}, {""id"": """", ""name"": ""Freddy""}]}, {""id"": ""6rA2rgOblviBoSZ9W32jKd"", ""position"": 4, ""title"": ""Gharibe"", ""duration_seconds"": 191.773, ""artist_credits"": [{""id"": """", ""name"": ""Raha""}, {""id"": """", ""name"": ""Koorosh""}]}, {""id"": ""5MSAPLd0T3RzXlACOr3GvE"", ""position"": 5, ""title"": ""Heyf"", ""duration_seconds"": 201.784, ""artist_credits"": [{""id"": """", ""name"": ""Raha""}]}, {""id"": ""5Dz1plMZgt9rg2R6bUsDpQ"", ""position"": 6, ""title"": ""Better to skip"", ""duration_seconds"": 173.0, ""artist_credits"": [{""id"": """", ""name"": ""Raha""}]}, {""id"": ""78gmIbHfgfoTrEVFJxy5l7"", ""position"": 7, ""title"": ""Kill for you"", ""duration_seconds"": 193.608, ""artist_credits"": [{""id"": """", ""name"": ""Raha""}, {""id"": """", ""name"": ""Parsa""}]}, {""id"": ""0yQ6F20360APmcA7Gwslej"", ""position"": 8, ""title"": ""Tamoom"", ""duration_seconds"": 142.608, ""artist_credits"": [{""id"": """", ""name"": ""Raha""}]}]",2026-10-04T14:28:46.793401+00:00,,not_rechecked,No matching media source established by the earlier bounded metadata checks; full recording untested,No full-acquisition evidence attached,False
2026-10-04T14:47:54.222104+00:00,5d89fcedcc1c01d5f9f00b533242e6d9045fbb0f,spotify:album:7qyawsVb9eOJoIysyHLQ1B,spotify,7qyawsVb9eOJoIysyHLQ1B,C4,https://open.spotify.com/album/7qyawsVb9eOJoIysyHLQ1B,EP,explicit_spotify_type,latest_candidate,[132],[],"[{""artist_id"": 132, ""artist"": ""021kid""}]",2025-02-21T00:00:00Z,4,"[{""id"": ""578d6XzxI0bCSi49dK0Qpx"", ""name"": ""021kid""}]","[""021kid""]",[],"[{""name"": ""021kid"", ""credited_track_positions"": [1, 2, 3, 4], ""credited_track_count"": 4, ""leading_track_positions"": [1, 2, 3, 4]}]",All-track credit intersection plus exact per-track coverage; roles require owner review where ambiguous,"[{""id"": ""3XXX9y02fWn9hcGGUQQPyG"", ""position"": 1, ""title"": ""MARDE TANHA"", ""duration_seconds"": 162.0, ""artist_credits"": [{""id"": """", ""name"": ""021kid""}]}, {""id"": ""28hXq3dUDmOUng8o8EkZ6h"", ""position"": 2, ""title"": ""TRAP ZAKHAR"", ""duration_seconds"": 153.975, ""artist_credits"": [{""id"": """", ""name"": ""021kid""}]}, {""id"": ""7aEfePWhi9MkRrGtZ8MQWK"", ""position"": 3, ""title"": ""PACK SEFID"", ""duration_seconds"": 144.319, ""artist_credits"": [{""id"": """", ""name"": ""021kid""}]}, {""id"": ""7G3L59S2LEKr9hoPN4F0Mk"", ""position"": 4, ""title"": ""NO TRUST"", ""duration_seconds"": 140.526, ""artist_credits"": [{""id"": """", ""name"": ""021kid""}]}]",2026-10-04T14:28:47.668443+00:00,,not_rechecked,No matching media source established by the earlier bounded metadata checks; full recording untested,No full-acquisition evidence attached,False
2026-10-04T14:47:54.222104+00:00,5d89fcedcc1c01d5f9f00b533242e6d9045fbb0f,spotify:album:37NEdEKaw2KCPbee1cq1ua,spotify,37NEdEKaw2KCPbee1cq1ua,Credit,https://open.spotify.com/album/37NEdEKaw2KCPbee1cq1ua,LP,explicit_spotify_type,latest_candidate,[133],[],"[{""artist_id"": 133, ""artist"": ""Mehyad""}]",2025-03-11T00:00:00Z,8,"[{""id"": ""2uGqYbaqHFEiKFOwfW0mUG"", ""name"": ""Mehyad""}]","[""Mehyad""]","[""Pidar"", ""Soby"", ""Alireza AG""]","[{""name"": ""Mehyad"", ""credited_track_positions"": [1, 2, 3, 4, 5, 6, 7, 8], ""credited_track_count"": 8, ""leading_track_positions"": [1, 2, 3, 4, 5, 6, 7, 8]}, {""name"": ""Pidar"", ""credited_track_positions"": [3], ""credited_track_count"": 1, ""leading_track_positions"": []}, {""name"": ""Soby"", ""credited_track_positions"": [3], ""credited_track_count"": 1, ""leading_track_positions"": []}, {""name"": ""Alireza AG"", ""credited_track_positions"": [7], ""credited_track_count"": 1, ""leading_track_positions"": []}]",All-track credit intersection plus exact per-track coverage; roles require owner review where ambiguous,"[{""id"": ""13bF4xhAuhjpa8F3k6Y5r4"", ""position"": 1, ""title"": ""Cheshat Migad"", ""duration_seconds"": 194.454, ""artist_credits"": [{""id"": """", ""name"": ""Mehyad""}]}, {""id"": ""61Eer6bQbLBJLVIVepBEHi"", ""position"": 2, ""title"": ""Ki Nemimone II"", ""duration_seconds"": 159.895, ""artist_credits"": [{""id"": """", ""name"": ""Mehyad""}]}, {""id"": ""4wI6gN7BkbKGd5fY2bUJqu"", ""position"": 3, ""title"": ""Fasele"", ""duration_seconds"": 211.382, ""artist_credits"": [{""id"": """", ""name"": ""Mehyad""}, {""id"": """", ""name"": ""Pidar""}, {""id"": """", ""name"": ""Soby""}]}, {""id"": ""6xH27A8esEzsAL5JMhTWRK"", ""position"": 4, ""title"": ""Tariki - Acoustic Version"", ""duration_seconds"": 165.955, ""artist_credits"": [{""id"": """", ""name"": ""Mehyad""}]}, {""id"": ""7ybqik7FevndqSxLKyP7ko"", ""position"": 5, ""title"": ""Credit"", ""duration_seconds"": 154.827, ""artist_credits"": [{""id"": """", ""name"": ""Mehyad""}]}, {""id"": ""6vOcuevMHKKirAWihRSgqE"", ""position"": 6, ""title"": ""Sefr O Sad"", ""duration_seconds"": 147.121, ""artist_credits"": [{""id"": """", ""name"": ""Mehyad""}]}, {""id"": ""3wU1iSPKC9zFEVo2EOn0uZ"", ""position"": 7, ""title"": ""Cartier"", ""duration_seconds"": 159.869, ""artist_credits"": [{""id"": """", ""name"": ""Mehyad""}, {""id"": """", ""name"": ""Alireza AG""}]}, {""id"": ""3XMngsY5BlyluZlvV4juSz"", ""position"": 8, ""title"": ""Shak Daram - Outro"", ""duration_seconds"": 109.792, ""artist_credits"": [{""id"": """", ""name"": ""Mehyad""}]}]",2026-10-04T14:28:50.088890+00:00,,not_rechecked,No matching media source established by the earlier bounded metadata checks; full recording untested,No full-acquisition evidence attached,False
2026-10-04T14:47:54.222104+00:00,5d89fcedcc1c01d5f9f00b533242e6d9045fbb0f,spotify:album:64jQOx8sk364oFOEIHOd75,spotify,64jQOx8sk364oFOEIHOd75,Siah Sefid,https://open.spotify.com/album/64jQOx8sk364oFOEIHOd75,LP,explicit_spotify_type,latest_candidate,[134],[],"[{""artist_id"": 4, ""artist"": ""Mamazi""}, {""artist_id"": 117, ""artist"": ""XWHISKY""}, {""artist_id"": 127, ""artist"": ""Shayan Yo""}, {""artist_id"": 128, ""artist"": ""Parsa""}, {""artist_id"": 134, ""artist"": ""Alipasha""}]",2026-06-17T00:00:00Z,18,"[{""id"": ""3uVb2GNMjiwv3talHFUvC1"", ""name"": ""Alipasha""}]","[""Alipasha""]","[""Sara Peyrovan"", ""Shayan Roohi"", ""Sahel"", ""Shayan Yo"", ""Hassan Baba"", ""Pidar"", ""CIA"", ""Saretan"", ""Lenna"", ""Mamazi"", ""Pooke"", ""Ali T"", ""Tber"", ""PDC"", ""XWHISKY"", ""Parsa""]","[{""name"": ""Alipasha"", ""credited_track_positions"": [1, 2, 3, 4, 5, 6, 7, 8, 9, 10, 11, 12, 13, 14, 15, 16, 17, 18], ""credited_track_count"": 18, ""leading_track_positions"": [1, 2, 3, 4, 5, 6, 7, 8, 9, 10, 11, 12, 13, 14, 15, 16, 17, 18]}, {""name"": ""Sara Peyrovan"", ""credited_track_positions"": [1], ""credited_track_count"": 1, ""leading_track_positions"": []}, {""name"": ""Shayan Roohi"", ""credited_track_positions"": [2, 11], ""credited_track_count"": 2, ""leading_track_positions"": []}, {""name"": ""Sahel"", ""credited_track_positions"": [3], ""credited_track_count"": 1, ""leading_track_positions"": []}, {""name"": ""Shayan Yo"", ""credited_track_positions"": [4], ""credited_track_count"": 1, ""leading_track_positions"": []}, {""name"": ""Hassan Baba"", ""credited_track_positions"": [4], ""credited_track_count"": 1, ""leading_track_positions"": []}, {""name"": ""Pidar"", ""credited_track_positions"": [5], ""credited_track_count"": 1, ""leading_track_positions"": []}, {""name"": ""CIA"", ""credited_track_positions"": [6, 11], ""credited_track_count"": 2, ""leading_track_positions"": []}, {""name"": ""Saretan"", ""credited_track_positions"": [7], ""credited_track_count"": 1, ""leading_track_positions"": []}, {""name"": ""Lenna"", ""credited_track_positions"": [8], ""credited_track_count"": 1, ""leading_track_positions"": []}, {""name"": ""Mamazi"", ""credited_track_positions"": [8], ""credited_track_count"": 1, ""leading_track_positions"": []}, {""name"": ""Pooke"", ""credited_track_positions"": [9], ""credited_track_count"": 1, ""leading_track_positions"": []}, {""name"": ""Ali T"", ""credited_track_positions"": [12], ""credited_track_count"": 1, ""leading_track_positions"": []}, {""name"": ""Tber"", ""credited_track_positions"": [13], ""credited_track_count"": 1, ""leading_track_positions"": []}, {""name"": ""PDC"", ""credited_track_positions"": [14, 15], ""credited_track_count"": 2, ""leading_track_positions"": []}, {""name"": ""XWHISKY"", ""credited_track_positions"": [16], ""credited_track_count"": 1, ""leading_track_positions"": []}, {""name"": ""Parsa"", ""credited_track_positions"": [17], ""credited_track_count"": 1, ""leading_track_positions"": []}]",All-track credit intersection plus exact per-track coverage; roles require owner review where ambiguous,"[{""id"": ""68L9Bg6fIfAvjjYTMh0gbm"", ""position"": 1, ""title"": ""Siasefid"", ""duration_seconds"": 178.599, ""artist_credits"": [{""id"": """", ""name"": ""Alipasha""}, {""id"": """", ""name"": ""Sara Peyrovan""}]}, {""id"": ""47vLyKoQcSfB2wUzw53fu2"", ""position"": 2, ""title"": ""Nagoo Ye Lahze Sabr Kon"", ""duration_seconds"": 175.951, ""artist_credits"": [{""id"": """", ""name"": ""Alipasha""}, {""id"": """", ""name"": ""Shayan Roohi""}]}, {""id"": ""2dsoigyQueIWUulNs9rpn7"", ""position"": 3, ""title"": ""Mage Zore"", ""duration_seconds"": 173.348, ""artist_credits"": [{""id"": """", ""name"": ""Alipasha""}, {""id"": """", ""name"": ""Sahel""}]}, {""id"": ""0tQO7TIp2kWlofvjdPKIWt"", ""position"": 4, ""title"": ""Panic"", ""duration_seconds"": 190.223, ""artist_credits"": [{""id"": """", ""name"": ""Alipasha""}, {""id"": """", ""name"": ""Shayan Yo""}, {""id"": """", ""name"": ""Hassan Baba""}]}, {""id"": ""7r03oUiIDJFoS36MWX3vu1"", ""position"": 5, ""title"": ""Na Refigh"", ""duration_seconds"": 169.049, ""artist_credits"": [{""id"": """", ""name"": ""Alipasha""}, {""id"": """", ""name"": ""Pidar""}]}, {""id"": ""6dlzOArlFyE3LErtJyImkW"", ""position"": 6, ""title"": ""Violet"", ""duration_seconds"": 128.888, ""artist_credits"": [{""id"": """", ""name"": ""Alipasha""}, {""id"": """", ""name"": ""CIA""}]}, {""id"": ""7odPAHDote6gWQ1tYoI1Pq"", ""position"": 7, ""title"": ""Betoche"", ""duration_seconds"": 167.279, ""artist_credits"": [{""id"": """", ""name"": ""Alipasha""}, {""id"": """", ""name"": ""Saretan""}]}, {""id"": ""4cgksDquG4IKd2dEJMR6hY"", ""position"": 8, ""title"": ""Abri"", ""duration_seconds"": 185.06, ""artist_credits"": [{""id"": """", ""name"": ""Alipasha""}, {""id"": """", ""name"": ""Lenna""}, {""id"": """", ""name"": ""Mamazi""}]}, {""id"": ""5Bn4fykfcW94ZD0s8fv5gX"", ""position"": 9, ""title"": ""Nistam Flex"", ""duration_seconds"": 155.832, ""artist_credits"": [{""id"": """", ""name"": ""Alipasha""}, {""id"": """", ""name"": ""Pooke""}]}, {""id"": ""5p9PyKW03RlOhlburJmUKN"", ""position"": 10, ""title"": ""Yebar"", ""duration_seconds"": 170.942, ""artist_credits"": [{""id"": """", ""name"": ""Alipasha""}]}, {""id"": ""6cINUZGnnQdXDo1RGcBIk2"", ""position"": 11, ""title"": ""HOTEL"", ""duration_seconds"": 183.04, ""artist_credits"": [{""id"": """", ""name"": ""Alipasha""}, {""id"": """", ""name"": ""CIA""}, {""id"": """", ""name"": ""Shayan Roohi""}]}, {""id"": ""15zivZxZhaI9LUQgC245MS"", ""position"": 12, ""title"": ""Partgah"", ""duration_seconds"": 183.84, ""artist_credits"": [{""id"": """", ""name"": ""Alipasha""}, {""id"": """", ""name"": ""Ali T""}]}, {""id"": ""4paHVHVPeMMKgnN9Ay3Hca"", ""position"": 13, ""title"": ""Tahe Khat"", ""duration_seconds"": 149.48, ""artist_credits"": [{""id"": """", ""name"": ""Alipasha""}, {""id"": """", ""name"": ""Tber""}]}, {""id"": ""01m37Q1eMDk8XmCbYMfonq"", ""position"": 14, ""title"": ""MINECRAFT"", ""duration_seconds"": 164.2, ""artist_credits"": [{""id"": """", ""name"": ""Alipasha""}, {""id"": """", ""name"": ""PDC""}]}, {""id"": ""0ufwKRvbVSBKQ5dqNzgAU7"", ""position"": 15, ""title"": ""Noghte Sare Khat"", ""duration_seconds"": 184.254, ""artist_credits"": [{""id"": """", ""name"": ""Alipasha""}, {""id"": """", ""name"": ""PDC""}]}, {""id"": ""49NaAS3dV0Jc8HGNqk63ur"", ""position"": 16, ""title"": ""Ghasedak"", ""duration_seconds"": 154.285, ""artist_credits"": [{""id"": """", ""name"": ""Alipasha""}, {""id"": """", ""name"": ""XWHISKY""}]}, {""id"": ""4wM0wq3pfPjJmjI8uWjx5a"", ""position"": 17, ""title"": ""Winter Coming"", ""duration_seconds"": 137.0, ""artist_credits"": [{""id"": """", ""name"": ""Alipasha""}, {""id"": """", ""name"": ""Parsa""}]}, {""id"": ""5iOIIxLFxDzeNwxhcl5IKW"", ""position"": 18, ""title"": ""Guardrail"", ""duration_seconds"": 83.121, ""artist_credits"": [{""id"": """", ""name"": ""Alipasha""}]}]",2026-10-04T14:28:52.308861+00:00,,not_rechecked,No matching media source established by the earlier bounded metadata checks; full recording untested,No full-acquisition evidence attached,False
2026-10-04T14:47:54.222104+00:00,5d89fcedcc1c01d5f9f00b533242e6d9045fbb0f,spotify:album:2VlSXTzPnjjQOpIfoBEdpQ,spotify,2VlSXTzPnjjQOpIfoBEdpQ,Cheqer Mood 2,https://open.spotify.com/album/2VlSXTzPnjjQOpIfoBEdpQ,LP,explicit_spotify_type,latest_candidate,[136],[],"[{""artist_id"": 3, ""artist"": ""Amin Tijay""}, {""artist_id"": 4, ""artist"": ""Mamazi""}, {""artist_id"": 5, ""artist"": ""Sajad Shahi""}, {""artist_id"": 99, ""artist"": ""Catchybeatz""}, {""artist_id"": 136, ""artist"": ""Pouriya Adroit""}]",2024-08-19T00:00:00Z,18,"[{""id"": ""7lH1vL9VXRSTutpZ0JOyim"", ""name"": ""Pouriya Adroit""}, {""id"": ""2PkCTpGB90WI3guF3BxTL2"", ""name"": ""LiderBeatz""}]","[""Pouriya Adroit"", ""LiderBeatz""]","[""Catchybeatz"", ""Mamazi"", ""Amin Tijay"", ""Sajad Shahi"", ""Cnjim"", ""Saretan"", ""Kaveh"", ""Kusha"", ""Siohash"", ""Mandassan"", ""Lili"", ""Shahemoon"", ""Kueen Shax"", ""AshExo"", ""6ehtash""]","[{""name"": ""Pouriya Adroit"", ""credited_track_positions"": [1, 2, 3, 4, 5, 6, 7, 8, 9, 10, 11, 12, 13, 14, 15, 16, 17, 18], ""credited_track_count"": 18, ""leading_track_positions"": [1, 2, 3, 4, 5, 6, 7, 8, 9, 10, 11, 12, 13, 14, 15, 16, 17, 18]}, {""name"": ""LiderBeatz"", ""credited_track_positions"": [1, 2, 3, 4, 5, 6, 7, 8, 9, 10, 11, 12, 13, 14, 15, 16, 17, 18], ""credited_track_count"": 18, ""leading_track_positions"": []}, {""name"": ""Catchybeatz"", ""credited_track_positions"": [1, 10], ""credited_track_count"": 2, ""leading_track_positions"": []}, {""name"": ""Mamazi"", ""credited_track_positions"": [3], ""credited_track_count"": 1, ""leading_track_positions"": []}, {""name"": ""Amin Tijay"", ""credited_track_positions"": [4], ""credited_track_count"": 1, ""leading_track_positions"": []}, {""name"": ""Sajad Shahi"", ""credited_track_positions"": [5], ""credited_track_count"": 1, ""leading_track_positions"": []}, {""name"": ""Cnjim"", ""credited_track_positions"": [6], ""credited_track_count"": 1, ""leading_track_positions"": []}, {""name"": ""Saretan"", ""credited_track_positions"": [8], ""credited_track_count"": 1, ""leading_track_positions"": []}, {""name"": ""Kaveh"", ""credited_track_positions"": [9], ""credited_track_count"": 1, ""leading_track_positions"": []}, {""name"": ""Kusha"", ""credited_track_positions"": [10], ""credited_track_count"": 1, ""leading_track_positions"": []}, {""name"": ""Siohash"", ""credited_track_positions"": [10], ""credited_track_count"": 1, ""leading_track_positions"": []}, {""name"": ""Mandassan"", ""credited_track_positions"": [10], ""credited_track_count"": 1, ""leading_track_positions"": []}, {""name"": ""Lili"", ""credited_track_positions"": [11], ""credited_track_count"": 1, ""leading_track_positions"": []}, {""name"": ""Shahemoon"", ""credited_track_positions"": [12], ""credited_track_count"": 1, ""leading_track_positions"": []}, {""name"": ""Kueen Shax"", ""credited_track_positions"": [13], ""credited_track_count"": 1, ""leading_track_positions"": []}, {""name"": ""AshExo"", ""credited_track_positions"": [14], ""credited_track_count"": 1, ""leading_track_positions"": []}, {""name"": ""6ehtash"", ""credited_track_positions"": [14], ""credited_track_count"": 1, ""leading_track_positions"": []}]",All-track credit intersection plus exact per-track coverage; roles require owner review where ambiguous,"[{""id"": ""3ff3WViUh5hZUZ9Dyo5YxX"", ""position"": 1, ""title"": ""Jijiya"", ""duration_seconds"": 204.0, ""artist_credits"": [{""id"": """", ""name"": ""Pouriya Adroit""}, {""id"": """", ""name"": ""LiderBeatz""}, {""id"": """", ""name"": ""Catchybeatz""}]}, {""id"": ""6b4utFqTUjdRS4batRQMge"", ""position"": 2, ""title"": ""Baste Pool"", ""duration_seconds"": 177.162, ""artist_credits"": [{""id"": """", ""name"": ""Pouriya Adroit""}, {""id"": """", ""name"": ""LiderBeatz""}]}, {""id"": ""16YRajpxbceAQ7cpbGBsrE"", ""position"": 3, ""title"": ""Arshavin"", ""duration_seconds"": 145.511, ""artist_credits"": [{""id"": """", ""name"": ""Pouriya Adroit""}, {""id"": """", ""name"": ""LiderBeatz""}, {""id"": """", ""name"": ""Mamazi""}]}, {""id"": ""0MNdl6rQVlYK1iFSz6ojaM"", ""position"": 4, ""title"": ""Dale"", ""duration_seconds"": 206.0, ""artist_credits"": [{""id"": """", ""name"": ""Pouriya Adroit""}, {""id"": """", ""name"": ""LiderBeatz""}, {""id"": """", ""name"": ""Amin Tijay""}]}, {""id"": ""25b8hpH1Rv4CbpQGcHFJA9"", ""position"": 5, ""title"": ""Head Shot"", ""duration_seconds"": 143.513, ""artist_credits"": [{""id"": """", ""name"": ""Pouriya Adroit""}, {""id"": """", ""name"": ""LiderBeatz""}, {""id"": """", ""name"": ""Sajad Shahi""}]}, {""id"": ""1eEavnjDCb3raU5FyYafbi"", ""position"": 6, ""title"": ""Mirizan"", ""duration_seconds"": 187.555, ""artist_credits"": [{""id"": """", ""name"": ""Pouriya Adroit""}, {""id"": """", ""name"": ""LiderBeatz""}, {""id"": """", ""name"": ""Cnjim""}]}, {""id"": ""57HzT627NvyVEpUG1u1gQU"", ""position"": 7, ""title"": ""Business Kush"", ""duration_seconds"": 140.16, ""artist_credits"": [{""id"": """", ""name"": ""Pouriya Adroit""}, {""id"": """", ""name"": ""LiderBeatz""}]}, {""id"": ""2rhLszapTCQEjyqCY5ofSF"", ""position"": 8, ""title"": ""Ye Taraf"", ""duration_seconds"": 144.661, ""artist_credits"": [{""id"": """", ""name"": ""Pouriya Adroit""}, {""id"": """", ""name"": ""LiderBeatz""}, {""id"": """", ""name"": ""Saretan""}]}, {""id"": ""25aGdph0xOcFhupo4g8EZ7"", ""position"": 9, ""title"": ""Trap Money"", ""duration_seconds"": 137.088, ""artist_credits"": [{""id"": """", ""name"": ""Pouriya Adroit""}, {""id"": """", ""name"": ""LiderBeatz""}, {""id"": """", ""name"": ""Kaveh""}]}, {""id"": ""7zRDUblbYlmeWEKBDPJybI"", ""position"": 10, ""title"": ""Candy"", ""duration_seconds"": 286.105, ""artist_credits"": [{""id"": """", ""name"": ""Pouriya Adroit""}, {""id"": """", ""name"": ""LiderBeatz""}, {""id"": """", ""name"": ""Catchybeatz""}, {""id"": """", ""name"": ""Kusha""}, {""id"": """", ""name"": ""Siohash""}, {""id"": """", ""name"": ""Mandassan""}]}, {""id"": ""50d0fQx3ewxfDOFhAvJpO5"", ""position"": 11, ""title"": ""Vojdan"", ""duration_seconds"": 156.377, ""artist_credits"": [{""id"": """", ""name"": ""Pouriya Adroit""}, {""id"": """", ""name"": ""LiderBeatz""}, {""id"": """", ""name"": ""Lili""}]}, {""id"": ""5OTVHllOizoWeKLzYV9R7p"", ""position"": 12, ""title"": ""10X"", ""duration_seconds"": 146.548, ""artist_credits"": [{""id"": """", ""name"": ""Pouriya Adroit""}, {""id"": """", ""name"": ""LiderBeatz""}, {""id"": """", ""name"": ""Shahemoon""}]}, {""id"": ""46vr0BKHmsdl0pLRZ7vwLf"", ""position"": 13, ""title"": ""Madrese Mousha"", ""duration_seconds"": 191.803, ""artist_credits"": [{""id"": """", ""name"": ""Pouriya Adroit""}, {""id"": """", ""name"": ""LiderBeatz""}, {""id"": """", ""name"": ""Kueen Shax""}]}, {""id"": ""2c81pDty2ZfugwlMX1vXha"", ""position"": 14, ""title"": ""Dada"", ""duration_seconds"": 172.391, ""artist_credits"": [{""id"": """", ""name"": ""Pouriya Adroit""}, {""id"": """", ""name"": ""LiderBeatz""}, {""id"": """", ""name"": ""AshExo""}, {""id"": """", ""name"": ""6ehtash""}]}, {""id"": ""29Hv4laGFt3sI4BebpvzqJ"", ""position"": 15, ""title"": ""Pepsi Man"", ""duration_seconds"": 154.285, ""artist_credits"": [{""id"": """", ""name"": ""Pouriya Adroit""}, {""id"": """", ""name"": ""LiderBeatz""}]}, {""id"": ""1lbXa9C33i8bSlSkehTCCF"", ""position"": 16, ""title"": ""Hale Kharab"", ""duration_seconds"": 135.0, ""artist_credits"": [{""id"": """", ""name"": ""Pouriya Adroit""}, {""id"": """", ""name"": ""LiderBeatz""}]}, {""id"": ""2dtUmj0WPp75tStHxJVReL"", ""position"": 17, ""title"": ""Garme"", ""duration_seconds"": 183.829, ""artist_credits"": [{""id"": """", ""name"": ""Pouriya Adroit""}, {""id"": """", ""name"": ""LiderBeatz""}]}, {""id"": ""4C41NNQDoEwYYYN3j8OH54"", ""position"": 18, ""title"": ""Baroon"", ""duration_seconds"": 159.183, ""artist_credits"": [{""id"": """", ""name"": ""Pouriya Adroit""}, {""id"": """", ""name"": ""LiderBeatz""}]}]",2026-10-04T14:28:53.205353+00:00,,not_rechecked,No matching media source established by the earlier bounded metadata checks; full recording untested,No full-acquisition evidence attached,False
