generation_timestamp,application_sha,artist_id,artist,source_verification_current,catalog_observed_at,native_release_id,release_title,spotify_type,official_release_date,spotify_url,detail_track_count,note
2026-10-04T14:47:54.222104+00:00,5d89fcedcc1c01d5f9f00b533242e6d9045fbb0f,1,Hossein Tiem,verified,2026-10-04T14:25:08.688588+00:00,0oi0AO9zZGcqRRS5nd3fvd,Colonel,ALBUM,2025-02-03T00:00:00Z,https://open.spotify.com/album/0oi0AO9zZGcqRRS5nd3fvd,10,Complete monitored catalog membership; classification/eligibility is not independently validated for every historical release
2026-10-04T14:47:54.222104+00:00,5d89fcedcc1c01d5f9f00b533242e6d9045fbb0f,1,Hossein Tiem,verified,2026-10-04T14:25:08.688588+00:00,4MnTwu0VVwZwYQRXgwYr0h,OLEG,ALBUM,2024-04-19T00:00:00Z,https://open.spotify.com/album/4MnTwu0VVwZwYQRXgwYr0h,13,Complete monitored catalog membership; classification/eligibility is not independently validated for every historical release
2026-10-04T14:47:54.222104+00:00,5d89fcedcc1c01d5f9f00b533242e6d9045fbb0f,1,Hossein Tiem,verified,2026-10-04T14:25:08.688588+00:00,3veFTNAW0vsqS43ggikHO9,Cannabis,EP,2023-02-01T00:00:00Z,https://open.spotify.com/album/3veFTNAW0vsqS43ggikHO9,6,Complete monitored catalog membership; classification/eligibility is not independently validated for every historical release
2026-10-04T14:47:54.222104+00:00,5d89fcedcc1c01d5f9f00b533242e6d9045fbb0f,2,Hesam Tiem,verified,2026-10-04T14:25:09.419327+00:00,6RlbbqO6RIjqLyvuKajnUV,Ay,ALBUM,2026-08-11T00:00:00Z,https://open.spotify.com/album/6RlbbqO6RIjqLyvuKajnUV,12,Complete monitored catalog membership; classification/eligibility is not independently validated for every historical release
2026-10-04T14:47:54.222104+00:00,5d89fcedcc1c01d5f9f00b533242e6d9045fbb0f,2,Hesam Tiem,verified,2026-10-04T14:25:09.419327+00:00,0Iqj819pWkluJ7pco0s9XN,SPIDER,ALBUM,2025-04-19T00:00:00Z,https://open.spotify.com/album/0Iqj819pWkluJ7pco0s9XN,8,Complete monitored catalog membership; classification/eligibility is not independently validated for every historical release
2026-10-04T14:47:54.222104+00:00,5d89fcedcc1c01d5f9f00b533242e6d9045fbb0f,3,Amin Tijay,verified,2026-10-04T14:25:10.136895+00:00,2YU2B2VwnmKFezMe0KCYWF,RIP Underratedbo!,ALBUM,2025-08-04T00:00:00Z,https://open.spotify.com/album/2YU2B2VwnmKFezMe0KCYWF,13,Complete monitored catalog membership; classification/eligibility is not independently validated for every historical release
2026-10-04T14:47:54.222104+00:00,5d89fcedcc1c01d5f9f00b533242e6d9045fbb0f,3,Amin Tijay,verified,2026-10-04T14:25:10.136895+00:00,5RL60GpQrGkuJHws8uN0Lq,Tabaghe 13 (Deluxe),ALBUM,2025-03-18T00:00:00Z,https://open.spotify.com/album/5RL60GpQrGkuJHws8uN0Lq,7,Complete monitored catalog membership; classification/eligibility is not independently validated for every historical release
2026-10-04T14:47:54.222104+00:00,5d89fcedcc1c01d5f9f00b533242e6d9045fbb0f,3,Amin Tijay,verified,2026-10-04T14:25:10.136895+00:00,6HFvOCMsTiM6jFzMZcCiKt,Tabaghe 13,ALBUM,2025-02-01T00:00:00Z,https://open.spotify.com/album/6HFvOCMsTiM6jFzMZcCiKt,13,Complete monitored catalog membership; classification/eligibility is not independently validated for every historical release
2026-10-04T14:47:54.222104+00:00,5d89fcedcc1c01d5f9f00b533242e6d9045fbb0f,3,Amin Tijay,verified,2026-10-04T14:25:10.136895+00:00,7jpOGmZSmjJQqnTzdh9FlD,Gang Over Love,ALBUM,2024-09-11T00:00:00Z,https://open.spotify.com/album/7jpOGmZSmjJQqnTzdh9FlD,,Complete monitored catalog membership; classification/eligibility is not independently validated for every historical release
2026-10-04T14:47:54.222104+00:00,5d89fcedcc1c01d5f9f00b533242e6d9045fbb0f,3,Amin Tijay,verified,2026-10-04T14:25:10.136895+00:00,7yqM6fquYaFDYGi9ySspvE,Bruce Lee Jackie Chan,ALBUM,2024-01-09T00:00:00Z,https://open.spotify.com/album/7yqM6fquYaFDYGi9ySspvE,8,Complete monitored catalog membership; classification/eligibility is not independently validated for every historical release
2026-10-04T14:47:54.222104+00:00,5d89fcedcc1c01d5f9f00b533242e6d9045fbb0f,3,Amin Tijay,verified,2026-10-04T14:25:10.136895+00:00,6EJ35I2jeoInMBJcCFWLNi,Underrated,ALBUM,2023-08-04T00:00:00Z,https://open.spotify.com/album/6EJ35I2jeoInMBJcCFWLNi,,Complete monitored catalog membership; classification/eligibility is not independently validated for every historical release
2026-10-04T14:47:54.222104+00:00,5d89fcedcc1c01d5f9f00b533242e6d9045fbb0f,3,Amin Tijay,verified,2026-10-04T14:25:10.136895+00:00,5gbA6Am9RrlMEm4XdsghN1,Adam Barfi,ALBUM,2023-02-14T00:00:00Z,https://open.spotify.com/album/5gbA6Am9RrlMEm4XdsghN1,,Complete monitored catalog membership; classification/eligibility is not independently validated for every historical release
2026-10-04T14:47:54.222104+00:00,5d89fcedcc1c01d5f9f00b533242e6d9045fbb0f,3,Amin Tijay,verified,2026-10-04T14:25:10.136895+00:00,1APkt8vLAO5bUTV3gjeP5L,Terror,ALBUM,2021-02-11T00:00:00Z,https://open.spotify.com/album/1APkt8vLAO5bUTV3gjeP5L,,Complete monitored catalog membership; classification/eligibility is not independently validated for every historical release
2026-10-04T14:47:54.222104+00:00,5d89fcedcc1c01d5f9f00b533242e6d9045fbb0f,4,Mamazi,verified,2026-10-04T14:25:10.881656+00:00,2ZmZaj0f8KSFdSiStWiHRr,Devil May Cry (D.M.C),ALBUM,2025-04-15T00:00:00Z,https://open.spotify.com/album/2ZmZaj0f8KSFdSiStWiHRr,19,Complete monitored catalog membership; classification/eligibility is not independently validated for every historical release
2026-10-04T14:47:54.222104+00:00,5d89fcedcc1c01d5f9f00b533242e6d9045fbb0f,4,Mamazi,verified,2026-10-04T14:25:10.881656+00:00,0fniarIAlQx9MTFe4BdogJ,HEAVENLY HELL,ALBUM,2024-04-16T00:00:00Z,https://open.spotify.com/album/0fniarIAlQx9MTFe4BdogJ,7,Complete monitored catalog membership; classification/eligibility is not independently validated for every historical release
2026-10-04T14:47:54.222104+00:00,5d89fcedcc1c01d5f9f00b533242e6d9045fbb0f,4,Mamazi,verified,2026-10-04T14:25:10.881656+00:00,2yE1YQWt7tWPaVudzllNf6,APPETIZER,EP,2023-12-22T00:00:00Z,https://open.spotify.com/album/2yE1YQWt7tWPaVudzllNf6,6,Complete monitored catalog membership; classification/eligibility is not independently validated for every historical release
2026-10-04T14:47:54.222104+00:00,5d89fcedcc1c01d5f9f00b533242e6d9045fbb0f,4,Mamazi,verified,2026-10-04T14:25:10.881656+00:00,2DOgJMDXu4A2V4u0sV1b56,Grand Slam,ALBUM,2023-01-06T00:00:00Z,https://open.spotify.com/album/2DOgJMDXu4A2V4u0sV1b56,,Complete monitored catalog membership; classification/eligibility is not independently validated for every historical release
2026-10-04T14:47:54.222104+00:00,5d89fcedcc1c01d5f9f00b533242e6d9045fbb0f,4,Mamazi,verified,2026-10-04T14:25:10.881656+00:00,4yGaHOl9yRj36O5VSYEfJL,OMA,ALBUM,2021-04-15T00:00:00Z,https://open.spotify.com/album/4yGaHOl9yRj36O5VSYEfJL,,Complete monitored catalog membership; classification/eligibility is not independently validated for every historical release
2026-10-04T14:47:54.222104+00:00,5d89fcedcc1c01d5f9f00b533242e6d9045fbb0f,4,Mamazi,verified,2026-10-04T14:25:10.881656+00:00,1NZXFv2zvuc0s3tcnKmxqn,Long Story Short,EP,2020-06-01T00:00:00Z,https://open.spotify.com/album/1NZXFv2zvuc0s3tcnKmxqn,,Complete monitored catalog membership; classification/eligibility is not independently validated for every historical release
2026-10-04T14:47:54.222104+00:00,5d89fcedcc1c01d5f9f00b533242e6d9045fbb0f,5,Sajad Shahi,verified,2026-10-04T14:25:11.643215+00:00,7nbBAMwJArumwlmp2AM2SR,MIRAS,ALBUM,2025-08-01T00:00:00Z,https://open.spotify.com/album/7nbBAMwJArumwlmp2AM2SR,10,Complete monitored catalog membership; classification/eligibility is not independently validated for every historical release
2026-10-04T14:47:54.222104+00:00,5d89fcedcc1c01d5f9f00b533242e6d9045fbb0f,5,Sajad Shahi,verified,2026-10-04T14:25:11.643215+00:00,5Sv4sFjsPgn62TQuZTyyI4,TAJ,ALBUM,2024-06-26T00:00:00Z,https://open.spotify.com/album/5Sv4sFjsPgn62TQuZTyyI4,10,Complete monitored catalog membership; classification/eligibility is not independently validated for every historical release
2026-10-04T14:47:54.222104+00:00,5d89fcedcc1c01d5f9f00b533242e6d9045fbb0f,7,Hoomaan,verified,2026-10-04T14:25:13.072195+00:00,34Th2FiVSnbZbUxsop0PBo,Shahre Moon,ALBUM,2023-06-09T00:00:00Z,https://open.spotify.com/album/34Th2FiVSnbZbUxsop0PBo,13,Complete monitored catalog membership; classification/eligibility is not independently validated for every historical release
2026-10-04T14:47:54.222104+00:00,5d89fcedcc1c01d5f9f00b533242e6d9045fbb0f,8,Vinak,verified,2026-10-04T14:25:13.851216+00:00,3ElC9tdBi3mZJDNtJsktSt,Concert Type (Vol. 1),ALBUM,2026-08-27T00:00:00Z,https://open.spotify.com/album/3ElC9tdBi3mZJDNtJsktSt,7,Complete monitored catalog membership; classification/eligibility is not independently validated for every historical release
2026-10-04T14:47:54.222104+00:00,5d89fcedcc1c01d5f9f00b533242e6d9045fbb0f,8,Vinak,verified,2026-10-04T14:25:13.851216+00:00,0WSY9fNwo4wkbYhksKONbB,Moosh Zade,EP,2026-07-12T00:00:00Z,https://open.spotify.com/album/0WSY9fNwo4wkbYhksKONbB,1,Complete monitored catalog membership; classification/eligibility is not independently validated for every historical release
2026-10-04T14:47:54.222104+00:00,5d89fcedcc1c01d5f9f00b533242e6d9045fbb0f,8,Vinak,verified,2026-10-04T14:25:13.851216+00:00,137JBqSX3ibbwI30nFHJdK,Gheddis,ALBUM,2025-10-17T00:00:00Z,https://open.spotify.com/album/137JBqSX3ibbwI30nFHJdK,22,Complete monitored catalog membership; classification/eligibility is not independently validated for every historical release
2026-10-04T14:47:54.222104+00:00,5d89fcedcc1c01d5f9f00b533242e6d9045fbb0f,8,Vinak,verified,2026-10-04T14:25:13.851216+00:00,3Axz0VUF3kAQJ9jc8RkQhU,TNT,ALBUM,2024-03-12T00:00:00Z,https://open.spotify.com/album/3Axz0VUF3kAQJ9jc8RkQhU,,Complete monitored catalog membership; classification/eligibility is not independently validated for every historical release
2026-10-04T14:47:54.222104+00:00,5d89fcedcc1c01d5f9f00b533242e6d9045fbb0f,8,Vinak,verified,2026-10-04T14:25:13.851216+00:00,6pxeQnqtx26jjMtI9YlUeU,El Goat,ALBUM,2023-06-09T00:00:00Z,https://open.spotify.com/album/6pxeQnqtx26jjMtI9YlUeU,,Complete monitored catalog membership; classification/eligibility is not independently validated for every historical release
2026-10-04T14:47:54.222104+00:00,5d89fcedcc1c01d5f9f00b533242e6d9045fbb0f,9,Dorcci,verified,2026-10-04T14:25:14.659487+00:00,52qjd27T8RrB5vIvqIMKnE,YOUNG MORVARID,ALBUM,2025-02-21T00:00:00Z,https://open.spotify.com/album/52qjd27T8RrB5vIvqIMKnE,12,Complete monitored catalog membership; classification/eligibility is not independently validated for every historical release
2026-10-04T14:47:54.222104+00:00,5d89fcedcc1c01d5f9f00b533242e6d9045fbb0f,10,Hiphopologist,verified,2026-10-04T14:25:15.603668+00:00,3FyXcxmpYzwXy0ZE76Oy7P,Enhelale Label,EP,2026-07-11T00:00:00Z,https://open.spotify.com/album/3FyXcxmpYzwXy0ZE76Oy7P,1,Complete monitored catalog membership; classification/eligibility is not independently validated for every historical release
2026-10-04T14:47:54.222104+00:00,5d89fcedcc1c01d5f9f00b533242e6d9045fbb0f,10,Hiphopologist,verified,2026-10-04T14:25:15.603668+00:00,6fNHYJD6cQh0U5bMW6ArBj,Heart Attack,ALBUM,2025-11-12T00:00:00Z,https://open.spotify.com/album/6fNHYJD6cQh0U5bMW6ArBj,10,Complete monitored catalog membership; classification/eligibility is not independently validated for every historical release
2026-10-04T14:47:54.222104+00:00,5d89fcedcc1c01d5f9f00b533242e6d9045fbb0f,10,Hiphopologist,verified,2026-10-04T14:25:15.603668+00:00,3FiEYWkpoPsOxEGdvWEmKn,Scarface,ALBUM,2025-03-06T00:00:00Z,https://open.spotify.com/album/3FiEYWkpoPsOxEGdvWEmKn,9,Complete monitored catalog membership; classification/eligibility is not independently validated for every historical release
2026-10-04T14:47:54.222104+00:00,5d89fcedcc1c01d5f9f00b533242e6d9045fbb0f,10,Hiphopologist,verified,2026-10-04T14:25:15.603668+00:00,2FvTi7bX5UAOu8KCXvtSqY,Noskhe,ALBUM,2023-07-15T00:00:00Z,https://open.spotify.com/album/2FvTi7bX5UAOu8KCXvtSqY,,Complete monitored catalog membership; classification/eligibility is not independently validated for every historical release
2026-10-04T14:47:54.222104+00:00,5d89fcedcc1c01d5f9f00b533242e6d9045fbb0f,10,Hiphopologist,verified,2026-10-04T14:25:15.603668+00:00,66TIT5URycd54KR4aGZDtX,LEAKSHIT,ALBUM,2023-04-20T00:00:00Z,https://open.spotify.com/album/66TIT5URycd54KR4aGZDtX,,Complete monitored catalog membership; classification/eligibility is not independently validated for every historical release
2026-10-04T14:47:54.222104+00:00,5d89fcedcc1c01d5f9f00b533242e6d9045fbb0f,10,Hiphopologist,verified,2026-10-04T14:25:15.603668+00:00,2vavtSpuAvTPJVt8pMJz9K,Capsule,ALBUM,2022-12-03T00:00:00Z,https://open.spotify.com/album/2vavtSpuAvTPJVt8pMJz9K,,Complete monitored catalog membership; classification/eligibility is not independently validated for every historical release
2026-10-04T14:47:54.222104+00:00,5d89fcedcc1c01d5f9f00b533242e6d9045fbb0f,11,Chvrsi,verified,2026-10-04T14:25:16.438186+00:00,00lH6uNeOKJfwyckC9toxJ,Mochale,EP,2026-06-13T00:00:00Z,https://open.spotify.com/album/00lH6uNeOKJfwyckC9toxJ,6,Complete monitored catalog membership; classification/eligibility is not independently validated for every historical release
2026-10-04T14:47:54.222104+00:00,5d89fcedcc1c01d5f9f00b533242e6d9045fbb0f,11,Chvrsi,verified,2026-10-04T14:25:16.438186+00:00,02OxQ7rXjoU4kxiBoZteuK,Zaar,ALBUM,2024-11-20T00:00:00Z,https://open.spotify.com/album/02OxQ7rXjoU4kxiBoZteuK,13,Complete monitored catalog membership; classification/eligibility is not independently validated for every historical release
2026-10-04T14:47:54.222104+00:00,5d89fcedcc1c01d5f9f00b533242e6d9045fbb0f,11,Chvrsi,verified,2026-10-04T14:25:16.438186+00:00,5jwWpEi4llYEHcdnarbl7O,DAAM (Deluxe),ALBUM,2023-10-26T00:00:00Z,https://open.spotify.com/album/5jwWpEi4llYEHcdnarbl7O,19,Complete monitored catalog membership; classification/eligibility is not independently validated for every historical release
2026-10-04T14:47:54.222104+00:00,5d89fcedcc1c01d5f9f00b533242e6d9045fbb0f,11,Chvrsi,verified,2026-10-04T14:25:16.438186+00:00,1YbbBqHBdqy5xPvJdEZ5cG,DAAM,ALBUM,2023-09-29T00:00:00Z,https://open.spotify.com/album/1YbbBqHBdqy5xPvJdEZ5cG,,Complete monitored catalog membership; classification/eligibility is not independently validated for every historical release
2026-10-04T14:47:54.222104+00:00,5d89fcedcc1c01d5f9f00b533242e6d9045fbb0f,11,Chvrsi,verified,2026-10-04T14:25:16.438186+00:00,0QNbfgTGVWaJEFoMEStbfV,"Tonnage, Vol. 2",EP,2021-06-15T00:00:00Z,https://open.spotify.com/album/0QNbfgTGVWaJEFoMEStbfV,,Complete monitored catalog membership; classification/eligibility is not independently validated for every historical release
2026-10-04T14:47:54.222104+00:00,5d89fcedcc1c01d5f9f00b533242e6d9045fbb0f,12,Poori,verified,2026-10-04T14:25:17.356634+00:00,4kusQzCYYlUcIgZnL3bH36,Az Khoda Betars,ALBUM,2025-06-04T00:00:00Z,https://open.spotify.com/album/4kusQzCYYlUcIgZnL3bH36,12,Complete monitored catalog membership; classification/eligibility is not independently validated for every historical release
2026-10-04T14:47:54.222104+00:00,5d89fcedcc1c01d5f9f00b533242e6d9045fbb0f,12,Poori,verified,2026-10-04T14:25:17.356634+00:00,4FQHPSBze1oSgSkLgKqSOa,Daddy's Back,EP,2024-10-18T00:00:00Z,https://open.spotify.com/album/4FQHPSBze1oSgSkLgKqSOa,5,Complete monitored catalog membership; classification/eligibility is not independently validated for every historical release
2026-10-04T14:47:54.222104+00:00,5d89fcedcc1c01d5f9f00b533242e6d9045fbb0f,12,Poori,verified,2026-10-04T14:25:17.356634+00:00,1Up9TFYoVvs8vHMDIJDeU8,FIL,ALBUM,2024-01-18T00:00:00Z,https://open.spotify.com/album/1Up9TFYoVvs8vHMDIJDeU8,27,Complete monitored catalog membership; classification/eligibility is not independently validated for every historical release
2026-10-04T14:47:54.222104+00:00,5d89fcedcc1c01d5f9f00b533242e6d9045fbb0f,12,Poori,verified,2026-10-04T14:25:17.356634+00:00,0zvIZAYltUasp4Ogr13GJG,7 Khat,ALBUM,2023-05-26T00:00:00Z,https://open.spotify.com/album/0zvIZAYltUasp4Ogr13GJG,,Complete monitored catalog membership; classification/eligibility is not independently validated for every historical release
2026-10-04T14:47:54.222104+00:00,5d89fcedcc1c01d5f9f00b533242e6d9045fbb0f,12,Poori,verified,2026-10-04T14:25:17.356634+00:00,04gIPAcZaE8RsiHlWo84rI,پ,ALBUM,2022-03-10T00:00:00Z,https://open.spotify.com/album/04gIPAcZaE8RsiHlWo84rI,,Complete monitored catalog membership; classification/eligibility is not independently validated for every historical release
2026-10-04T14:47:54.222104+00:00,5d89fcedcc1c01d5f9f00b533242e6d9045fbb0f,13,Arta,verified,2026-10-04T14:25:18.404224+00:00,643tLZ4wQii7WcMnjTmPdL,HITMAN,ALBUM,2024-12-28T00:00:00Z,https://open.spotify.com/album/643tLZ4wQii7WcMnjTmPdL,21,Complete monitored catalog membership; classification/eligibility is not independently validated for every historical release
2026-10-04T14:47:54.222104+00:00,5d89fcedcc1c01d5f9f00b533242e6d9045fbb0f,13,Arta,verified,2026-10-04T14:25:18.404224+00:00,3aL51keWMQjKpUMyuMF7qh,HITMAN,ALBUM,2024-12-28T00:00:00Z,https://open.spotify.com/album/3aL51keWMQjKpUMyuMF7qh,21,Complete monitored catalog membership; classification/eligibility is not independently validated for every historical release
2026-10-04T14:47:54.222104+00:00,5d89fcedcc1c01d5f9f00b533242e6d9045fbb0f,13,Arta,verified,2026-10-04T14:25:18.404224+00:00,0Aqi8DvNKWmyHRvDYmbgNz,Tsunami,ALBUM,2023-07-21T00:00:00Z,https://open.spotify.com/album/0Aqi8DvNKWmyHRvDYmbgNz,16,Complete monitored catalog membership; classification/eligibility is not independently validated for every historical release
2026-10-04T14:47:54.222104+00:00,5d89fcedcc1c01d5f9f00b533242e6d9045fbb0f,13,Arta,verified,2026-10-04T14:25:18.404224+00:00,0hLujKf8Hnka0x2VYLdKWQ,Ye Wan Tony,ALBUM,2020-05-15T00:00:00Z,https://open.spotify.com/album/0hLujKf8Hnka0x2VYLdKWQ,,Complete monitored catalog membership; classification/eligibility is not independently validated for every historical release
2026-10-04T14:47:54.222104+00:00,5d89fcedcc1c01d5f9f00b533242e6d9045fbb0f,14,Koorosh Wantons,verified,2026-10-04T14:25:19.334940+00:00,1zoub0zRSL76zkkDsrwipt,TEHRAN 2585,EP,2026-06-08T00:00:00Z,https://open.spotify.com/album/1zoub0zRSL76zkkDsrwipt,5,Complete monitored catalog membership; classification/eligibility is not independently validated for every historical release
2026-10-04T14:47:54.222104+00:00,5d89fcedcc1c01d5f9f00b533242e6d9045fbb0f,14,Koorosh Wantons,verified,2026-10-04T14:25:19.334940+00:00,3lEXyPeyBzW02bCML4VDkP,HOME ALONE,ALBUM,2024-03-29T00:00:00Z,https://open.spotify.com/album/3lEXyPeyBzW02bCML4VDkP,20,Complete monitored catalog membership; classification/eligibility is not independently validated for every historical release
2026-10-04T14:47:54.222104+00:00,5d89fcedcc1c01d5f9f00b533242e6d9045fbb0f,14,Koorosh Wantons,verified,2026-10-04T14:25:19.334940+00:00,17OalwQkMMFVgcT8qsoLzf,"420, Vol. 2",ALBUM,2022-08-25T00:00:00Z,https://open.spotify.com/album/17OalwQkMMFVgcT8qsoLzf,13,Complete monitored catalog membership; classification/eligibility is not independently validated for every historical release
2026-10-04T14:47:54.222104+00:00,5d89fcedcc1c01d5f9f00b533242e6d9045fbb0f,14,Koorosh Wantons,verified,2026-10-04T14:25:19.334940+00:00,6YIEP9svRUEP9nVpBNAUbX,420,ALBUM,2022-06-08T00:00:00Z,https://open.spotify.com/album/6YIEP9svRUEP9nVpBNAUbX,,Complete monitored catalog membership; classification/eligibility is not independently validated for every historical release
2026-10-04T14:47:54.222104+00:00,5d89fcedcc1c01d5f9f00b533242e6d9045fbb0f,14,Koorosh Wantons,verified,2026-10-04T14:25:19.334940+00:00,0K5B27KuWccxXMiWcCryXF,420,ALBUM,2019-01-01T00:00:00Z,https://open.spotify.com/album/0K5B27KuWccxXMiWcCryXF,,Complete monitored catalog membership; classification/eligibility is not independently validated for every historical release
2026-10-04T14:47:54.222104+00:00,5d89fcedcc1c01d5f9f00b533242e6d9045fbb0f,15,Canis,verified,2026-10-04T14:25:20.200587+00:00,4rY8LwQfjEUPZEk7T6m5k1,AKA,ALBUM,2024-10-12T00:00:00Z,https://open.spotify.com/album/4rY8LwQfjEUPZEk7T6m5k1,11,Complete monitored catalog membership; classification/eligibility is not independently validated for every historical release
2026-10-04T14:47:54.222104+00:00,5d89fcedcc1c01d5f9f00b533242e6d9045fbb0f,15,Canis,verified,2026-10-04T14:25:20.200587+00:00,3wA5iFmkQpuF0UZwxHyDUl,Ravani,ALBUM,2021-04-17T00:00:00Z,https://open.spotify.com/album/3wA5iFmkQpuF0UZwxHyDUl,9,Complete monitored catalog membership; classification/eligibility is not independently validated for every historical release
2026-10-04T14:47:54.222104+00:00,5d89fcedcc1c01d5f9f00b533242e6d9045fbb0f,16,Sijal,verified,2026-10-04T14:25:20.928324+00:00,2yHJfINmVWOpGLymx3JxaW,OCD,ALBUM,2025-11-28T00:00:00Z,https://open.spotify.com/album/2yHJfINmVWOpGLymx3JxaW,9,Complete monitored catalog membership; classification/eligibility is not independently validated for every historical release
2026-10-04T14:47:54.222104+00:00,5d89fcedcc1c01d5f9f00b533242e6d9045fbb0f,16,Sijal,verified,2026-10-04T14:25:20.928324+00:00,6kZVLX8guYvJVxc9eru2SJ,Resonance,ALBUM,2025-02-28T00:00:00Z,https://open.spotify.com/album/6kZVLX8guYvJVxc9eru2SJ,7,Complete monitored catalog membership; classification/eligibility is not independently validated for every historical release
2026-10-04T14:47:54.222104+00:00,5d89fcedcc1c01d5f9f00b533242e6d9045fbb0f,16,Sijal,verified,2026-10-04T14:25:20.928324+00:00,0AaERFhQBOxgxCq8ODks4U,Serotonin,ALBUM,2024-04-19T00:00:00Z,https://open.spotify.com/album/0AaERFhQBOxgxCq8ODks4U,10,Complete monitored catalog membership; classification/eligibility is not independently validated for every historical release
2026-10-04T14:47:54.222104+00:00,5d89fcedcc1c01d5f9f00b533242e6d9045fbb0f,16,Sijal,verified,2026-10-04T14:25:20.928324+00:00,7q0vI93TCn9NcpuzFC0eOC,Prestige,EP,2023-08-22T00:00:00Z,https://open.spotify.com/album/7q0vI93TCn9NcpuzFC0eOC,6,Complete monitored catalog membership; classification/eligibility is not independently validated for every historical release
2026-10-04T14:47:54.222104+00:00,5d89fcedcc1c01d5f9f00b533242e6d9045fbb0f,16,Sijal,verified,2026-10-04T14:25:20.928324+00:00,4j5Rn1GY3pzAR9a3Cge8pp,Solojal,ALBUM,2023-02-05T00:00:00Z,https://open.spotify.com/album/4j5Rn1GY3pzAR9a3Cge8pp,,Complete monitored catalog membership; classification/eligibility is not independently validated for every historical release
2026-10-04T14:47:54.222104+00:00,5d89fcedcc1c01d5f9f00b533242e6d9045fbb0f,16,Sijal,verified,2026-10-04T14:25:20.928324+00:00,1ewQ0qANpu32LY2IAwqTnh,Double Album,ALBUM,2020-10-05T00:00:00Z,https://open.spotify.com/album/1ewQ0qANpu32LY2IAwqTnh,21,Complete monitored catalog membership; classification/eligibility is not independently validated for every historical release
2026-10-04T14:47:54.222104+00:00,5d89fcedcc1c01d5f9f00b533242e6d9045fbb0f,16,Sijal,verified,2026-10-04T14:25:20.928324+00:00,78g8wcu2TMb4HhME1G50eq,Pir Shodim Vali Bozorg Na Vol 2,ALBUM,2016-01-01T00:00:00Z,https://open.spotify.com/album/78g8wcu2TMb4HhME1G50eq,,Complete monitored catalog membership; classification/eligibility is not independently validated for every historical release
2026-10-04T14:47:54.222104+00:00,5d89fcedcc1c01d5f9f00b533242e6d9045fbb0f,16,Sijal,verified,2026-10-04T14:25:20.928324+00:00,2P7sPFxDPCvJipcFfeJFMJ,Pir Shodim Vali Bozorg Na,ALBUM,2014-01-01T00:00:00Z,https://open.spotify.com/album/2P7sPFxDPCvJipcFfeJFMJ,,Complete monitored catalog membership; classification/eligibility is not independently validated for every historical release
2026-10-04T14:47:54.222104+00:00,5d89fcedcc1c01d5f9f00b533242e6d9045fbb0f,17,Behzad Leito,verified,2026-10-04T14:25:21.839514+00:00,2fgQ1CW4NipK8HCe4Gobn5,Late Night Drive,ALBUM,2026-06-19T00:00:00Z,https://open.spotify.com/album/2fgQ1CW4NipK8HCe4Gobn5,10,Complete monitored catalog membership; classification/eligibility is not independently validated for every historical release
2026-10-04T14:47:54.222104+00:00,5d89fcedcc1c01d5f9f00b533242e6d9045fbb0f,17,Behzad Leito,verified,2026-10-04T14:25:21.839514+00:00,2s9rwozGxZAsStAwBjgogF,SPICY,ALBUM,2024-07-24T00:00:00Z,https://open.spotify.com/album/2s9rwozGxZAsStAwBjgogF,16,Complete monitored catalog membership; classification/eligibility is not independently validated for every historical release
2026-10-04T14:47:54.222104+00:00,5d89fcedcc1c01d5f9f00b533242e6d9045fbb0f,17,Behzad Leito,verified,2026-10-04T14:25:21.839514+00:00,0dba18W0kpzHlfmceeKXE2,SPICY‌,ALBUM,2024-07-24T00:00:00Z,https://open.spotify.com/album/0dba18W0kpzHlfmceeKXE2,16,Complete monitored catalog membership; classification/eligibility is not independently validated for every historical release
2026-10-04T14:47:54.222104+00:00,5d89fcedcc1c01d5f9f00b533242e6d9045fbb0f,17,Behzad Leito,verified,2026-10-04T14:25:21.839514+00:00,3VVTnXurnRRnPf0US3jjvu,Bache Tokhs,ALBUM,2023-05-08T00:00:00Z,https://open.spotify.com/album/3VVTnXurnRRnPf0US3jjvu,,Complete monitored catalog membership; classification/eligibility is not independently validated for every historical release
2026-10-04T14:47:54.222104+00:00,5d89fcedcc1c01d5f9f00b533242e6d9045fbb0f,17,Behzad Leito,verified,2026-10-04T14:25:21.839514+00:00,0aH8N0iPmHEzIjQIdHZVW0,Takhgaaz,ALBUM,2020-06-24T00:00:00Z,https://open.spotify.com/album/0aH8N0iPmHEzIjQIdHZVW0,,Complete monitored catalog membership; classification/eligibility is not independently validated for every historical release
2026-10-04T14:47:54.222104+00:00,5d89fcedcc1c01d5f9f00b533242e6d9045fbb0f,17,Behzad Leito,verified,2026-10-04T14:25:21.839514+00:00,50plObK8Xq64AHNd5kaQFO,Therapy,ALBUM,2016-12-23T00:00:00Z,https://open.spotify.com/album/50plObK8Xq64AHNd5kaQFO,,Complete monitored catalog membership; classification/eligibility is not independently validated for every historical release
2026-10-04T14:47:54.222104+00:00,5d89fcedcc1c01d5f9f00b533242e6d9045fbb0f,17,Behzad Leito,verified,2026-10-04T14:25:21.839514+00:00,5JRwvhK77vOrHrBJwZ226z,23,ALBUM,2015-11-14T00:00:00Z,https://open.spotify.com/album/5JRwvhK77vOrHrBJwZ226z,,Complete monitored catalog membership; classification/eligibility is not independently validated for every historical release
2026-10-04T14:47:54.222104+00:00,5d89fcedcc1c01d5f9f00b533242e6d9045fbb0f,17,Behzad Leito,verified,2026-10-04T14:25:21.839514+00:00,5BGGGH6HA4VrjAoIgJcHxC,Khakestari,ALBUM,2014-10-10T00:00:00Z,https://open.spotify.com/album/5BGGGH6HA4VrjAoIgJcHxC,,Complete monitored catalog membership; classification/eligibility is not independently validated for every historical release
2026-10-04T14:47:54.222104+00:00,5d89fcedcc1c01d5f9f00b533242e6d9045fbb0f,18,Sepehr Khalse,verified,2026-10-04T14:25:22.631359+00:00,6YbfLFtFRkIO1YEvx4n9rz,Margo Zendegi,ALBUM,2026-08-11T00:00:00Z,https://open.spotify.com/album/6YbfLFtFRkIO1YEvx4n9rz,9,Complete monitored catalog membership; classification/eligibility is not independently validated for every historical release
2026-10-04T14:47:54.222104+00:00,5d89fcedcc1c01d5f9f00b533242e6d9045fbb0f,18,Sepehr Khalse,verified,2026-10-04T14:25:22.631359+00:00,2yHJfINmVWOpGLymx3JxaW,OCD,ALBUM,2025-11-28T00:00:00Z,https://open.spotify.com/album/2yHJfINmVWOpGLymx3JxaW,9,Complete monitored catalog membership; classification/eligibility is not independently validated for every historical release
2026-10-04T14:47:54.222104+00:00,5d89fcedcc1c01d5f9f00b533242e6d9045fbb0f,18,Sepehr Khalse,verified,2026-10-04T14:25:22.631359+00:00,6lw6WSkztMj4APVzaBien0,SOS,ALBUM,2024-09-02T00:00:00Z,https://open.spotify.com/album/6lw6WSkztMj4APVzaBien0,9,Complete monitored catalog membership; classification/eligibility is not independently validated for every historical release
2026-10-04T14:47:54.222104+00:00,5d89fcedcc1c01d5f9f00b533242e6d9045fbb0f,18,Sepehr Khalse,verified,2026-10-04T14:25:22.631359+00:00,3fYwjnSWQbbQBclP0hIfur,Pesare ‌Maryam,ALBUM,2023-08-11T00:00:00Z,https://open.spotify.com/album/3fYwjnSWQbbQBclP0hIfur,,Complete monitored catalog membership; classification/eligibility is not independently validated for every historical release
2026-10-04T14:47:54.222104+00:00,5d89fcedcc1c01d5f9f00b533242e6d9045fbb0f,18,Sepehr Khalse,verified,2026-10-04T14:25:22.631359+00:00,1ewQ0qANpu32LY2IAwqTnh,Double Album,ALBUM,2020-10-05T00:00:00Z,https://open.spotify.com/album/1ewQ0qANpu32LY2IAwqTnh,21,Complete monitored catalog membership; classification/eligibility is not independently validated for every historical release
2026-10-04T14:47:54.222104+00:00,5d89fcedcc1c01d5f9f00b533242e6d9045fbb0f,18,Sepehr Khalse,verified,2026-10-04T14:25:22.631359+00:00,50plObK8Xq64AHNd5kaQFO,Therapy,ALBUM,2016-12-23T00:00:00Z,https://open.spotify.com/album/50plObK8Xq64AHNd5kaQFO,,Complete monitored catalog membership; classification/eligibility is not independently validated for every historical release
2026-10-04T14:47:54.222104+00:00,5d89fcedcc1c01d5f9f00b533242e6d9045fbb0f,18,Sepehr Khalse,verified,2026-10-04T14:25:22.631359+00:00,1wgPrSi8CNwLDC2OUnjCK0,Fekr o Khial,EP,2014-04-07T00:00:00Z,https://open.spotify.com/album/1wgPrSi8CNwLDC2OUnjCK0,5,Complete monitored catalog membership; classification/eligibility is not independently validated for every historical release
2026-10-04T14:47:54.222104+00:00,5d89fcedcc1c01d5f9f00b533242e6d9045fbb0f,19,Shayea,verified,2026-10-04T14:25:23.754112+00:00,4xuR2xJ1C6kltAQPLFoggI,Asli Mix 001,EP,2026-08-10T00:00:00Z,https://open.spotify.com/album/4xuR2xJ1C6kltAQPLFoggI,1,Complete monitored catalog membership; classification/eligibility is not independently validated for every historical release
2026-10-04T14:47:54.222104+00:00,5d89fcedcc1c01d5f9f00b533242e6d9045fbb0f,19,Shayea,verified,2026-10-04T14:25:23.754112+00:00,1LbPKdJfPK1vPdwZqdNgEq,Pizza,EP,2024-06-02T00:00:00Z,https://open.spotify.com/album/1LbPKdJfPK1vPdwZqdNgEq,6,Complete monitored catalog membership; classification/eligibility is not independently validated for every historical release
2026-10-04T14:47:54.222104+00:00,5d89fcedcc1c01d5f9f00b533242e6d9045fbb0f,19,Shayea,verified,2026-10-04T14:25:23.754112+00:00,0Kb9If1RugF6MCVSz5GxJH,Pizza,EP,2024-05-31T00:00:00Z,https://open.spotify.com/album/0Kb9If1RugF6MCVSz5GxJH,6,Complete monitored catalog membership; classification/eligibility is not independently validated for every historical release
2026-10-04T14:47:54.222104+00:00,5d89fcedcc1c01d5f9f00b533242e6d9045fbb0f,19,Shayea,verified,2026-10-04T14:25:23.754112+00:00,5XNU2QTDaLGS6Gc6ihiaXD,Amadebash,ALBUM,2023-04-27T00:00:00Z,https://open.spotify.com/album/5XNU2QTDaLGS6Gc6ihiaXD,18,Complete monitored catalog membership; classification/eligibility is not independently validated for every historical release
2026-10-04T14:47:54.222104+00:00,5d89fcedcc1c01d5f9f00b533242e6d9045fbb0f,19,Shayea,verified,2026-10-04T14:25:23.754112+00:00,0MtvwoG4ZAOmzphXEtlPQ2,Asabani,EP,2021-03-12T00:00:00Z,https://open.spotify.com/album/0MtvwoG4ZAOmzphXEtlPQ2,,Complete monitored catalog membership; classification/eligibility is not independently validated for every historical release
2026-10-04T14:47:54.222104+00:00,5d89fcedcc1c01d5f9f00b533242e6d9045fbb0f,19,Shayea,verified,2026-10-04T14:25:23.754112+00:00,2UDaGDyCb6IJfXWZS0CiRQ,Injaneb‌,ALBUM,2019-09-29T00:00:00Z,https://open.spotify.com/album/2UDaGDyCb6IJfXWZS0CiRQ,,Complete monitored catalog membership; classification/eligibility is not independently validated for every historical release
2026-10-04T14:47:54.222104+00:00,5d89fcedcc1c01d5f9f00b533242e6d9045fbb0f,19,Shayea,verified,2026-10-04T14:25:23.754112+00:00,3pugdgwh3jeeJLQ2rVl2KD,Naghabel,EP,2017-12-10T00:00:00Z,https://open.spotify.com/album/3pugdgwh3jeeJLQ2rVl2KD,,Complete monitored catalog membership; classification/eligibility is not independently validated for every historical release
2026-10-04T14:47:54.222104+00:00,5d89fcedcc1c01d5f9f00b533242e6d9045fbb0f,19,Shayea,verified,2026-10-04T14:25:23.754112+00:00,6x1ij6XpNqe6kqbSJrGp1a,Do Be Shak,EP,2015-08-12T00:00:00Z,https://open.spotify.com/album/6x1ij6XpNqe6kqbSJrGp1a,,Complete monitored catalog membership; classification/eligibility is not independently validated for every historical release
2026-10-04T14:47:54.222104+00:00,5d89fcedcc1c01d5f9f00b533242e6d9045fbb0f,19,Shayea,verified,2026-10-04T14:25:23.754112+00:00,7iutULStrm5MWr3U2Cft9C,Kerm,EP,2013-07-03T00:00:00Z,https://open.spotify.com/album/7iutULStrm5MWr3U2Cft9C,,Complete monitored catalog membership; classification/eligibility is not independently validated for every historical release
2026-10-04T14:47:54.222104+00:00,5d89fcedcc1c01d5f9f00b533242e6d9045fbb0f,20,Fadaei,verified,2026-10-04T14:25:24.621570+00:00,6H2dUgWnssEDFFYGOxRlcK,Rend,ALBUM,2026-01-05T00:00:00Z,https://open.spotify.com/album/6H2dUgWnssEDFFYGOxRlcK,8,Complete monitored catalog membership; classification/eligibility is not independently validated for every historical release
2026-10-04T14:47:54.222104+00:00,5d89fcedcc1c01d5f9f00b533242e6d9045fbb0f,20,Fadaei,verified,2026-10-04T14:25:24.621570+00:00,6r8TLZrvxV90fwvX59HF8l,Eshgh,ALBUM,2024-08-27T00:00:00Z,https://open.spotify.com/album/6r8TLZrvxV90fwvX59HF8l,7,Complete monitored catalog membership; classification/eligibility is not independently validated for every historical release
2026-10-04T14:47:54.222104+00:00,5d89fcedcc1c01d5f9f00b533242e6d9045fbb0f,20,Fadaei,verified,2026-10-04T14:25:24.621570+00:00,3POuzbVIBjAFNYMjY5GYbo,Hagh,ALBUM,2022-09-24T00:00:00Z,https://open.spotify.com/album/3POuzbVIBjAFNYMjY5GYbo,13,Complete monitored catalog membership; classification/eligibility is not independently validated for every historical release
2026-10-04T14:47:54.222104+00:00,5d89fcedcc1c01d5f9f00b533242e6d9045fbb0f,20,Fadaei,verified,2026-10-04T14:25:24.621570+00:00,4kn0HuQXr7RVHBMYELIELs,Adl Ep,EP,2012-11-12T00:00:00Z,https://open.spotify.com/album/4kn0HuQXr7RVHBMYELIELs,6,Complete monitored catalog membership; classification/eligibility is not independently validated for every historical release
2026-10-04T14:47:54.222104+00:00,5d89fcedcc1c01d5f9f00b533242e6d9045fbb0f,21,Sina Sae,verified,2026-10-04T14:25:25.403385+00:00,2kA0wiTt80o0Rq8TPtWZxa,Carnival Series Episode 1,EP,2025-11-07T00:00:00Z,https://open.spotify.com/album/2kA0wiTt80o0Rq8TPtWZxa,1,Complete monitored catalog membership; classification/eligibility is not independently validated for every historical release
2026-10-04T14:47:54.222104+00:00,5d89fcedcc1c01d5f9f00b533242e6d9045fbb0f,21,Sina Sae,verified,2026-10-04T14:25:25.403385+00:00,3Wb9GGGGiEidDo0RntlSLq,Deja vu,EP,2025-05-21T00:00:00Z,https://open.spotify.com/album/3Wb9GGGGiEidDo0RntlSLq,4,Complete monitored catalog membership; classification/eligibility is not independently validated for every historical release
2026-10-04T14:47:54.222104+00:00,5d89fcedcc1c01d5f9f00b533242e6d9045fbb0f,23,Yas,verified,2026-10-04T14:25:27.135595+00:00,7oQ2HPJmaoE8PZlGDAnkgG,Old of YAS,ALBUM,2008-06-05T00:00:00Z,https://open.spotify.com/album/7oQ2HPJmaoE8PZlGDAnkgG,18,Complete monitored catalog membership; classification/eligibility is not independently validated for every historical release
2026-10-04T14:47:54.222104+00:00,5d89fcedcc1c01d5f9f00b533242e6d9045fbb0f,24,Reza Pishro,verified,2026-10-04T14:25:27.907477+00:00,55M4NLSgJ9L44cEQgMIfH5,REFIGH,ALBUM,2026-09-26T00:00:00Z,https://open.spotify.com/album/55M4NLSgJ9L44cEQgMIfH5,11,Complete monitored catalog membership; classification/eligibility is not independently validated for every historical release
2026-10-04T14:47:54.222104+00:00,5d89fcedcc1c01d5f9f00b533242e6d9045fbb0f,24,Reza Pishro,verified,2026-10-04T14:25:27.907477+00:00,3qjVDg0hjqQnTg3lGzEvgK,Nirvana,ALBUM,2023-07-31T00:00:00Z,https://open.spotify.com/album/3qjVDg0hjqQnTg3lGzEvgK,7,Complete monitored catalog membership; classification/eligibility is not independently validated for every historical release
2026-10-04T14:47:54.222104+00:00,5d89fcedcc1c01d5f9f00b533242e6d9045fbb0f,24,Reza Pishro,verified,2026-10-04T14:25:27.907477+00:00,4osMwbaDExywj0KXHkTubG,Parvaz,ALBUM,2021-03-17T00:00:00Z,https://open.spotify.com/album/4osMwbaDExywj0KXHkTubG,15,Complete monitored catalog membership; classification/eligibility is not independently validated for every historical release
2026-10-04T14:47:54.222104+00:00,5d89fcedcc1c01d5f9f00b533242e6d9045fbb0f,24,Reza Pishro,verified,2026-10-04T14:25:27.907477+00:00,0FiP6WjptERrgN6j4RJPPU,Azad,ALBUM,2019-01-12T00:00:00Z,https://open.spotify.com/album/0FiP6WjptERrgN6j4RJPPU,,Complete monitored catalog membership; classification/eligibility is not independently validated for every historical release
2026-10-04T14:47:54.222104+00:00,5d89fcedcc1c01d5f9f00b533242e6d9045fbb0f,24,Reza Pishro,verified,2026-10-04T14:25:27.907477+00:00,0Bcemh18XSNOBUGq3VoTdP,Rail (Vol. 1),ALBUM,2017-09-08T00:00:00Z,https://open.spotify.com/album/0Bcemh18XSNOBUGq3VoTdP,,Complete monitored catalog membership; classification/eligibility is not independently validated for every historical release
2026-10-04T14:47:54.222104+00:00,5d89fcedcc1c01d5f9f00b533242e6d9045fbb0f,24,Reza Pishro,verified,2026-10-04T14:25:27.907477+00:00,5JXM8puGeH8XH9EOuatg0j,Singles Vol. 1,EP,2017-08-22T00:00:00Z,https://open.spotify.com/album/5JXM8puGeH8XH9EOuatg0j,6,Complete monitored catalog membership; classification/eligibility is not independently validated for every historical release
2026-10-04T14:47:54.222104+00:00,5d89fcedcc1c01d5f9f00b533242e6d9045fbb0f,24,Reza Pishro,verified,2026-10-04T14:25:27.907477+00:00,13wZC5pAixcNW3MhnvZPne,Aghaz Injast,ALBUM,2013-10-18T00:00:00Z,https://open.spotify.com/album/13wZC5pAixcNW3MhnvZPne,,Complete monitored catalog membership; classification/eligibility is not independently validated for every historical release
2026-10-04T14:47:54.222104+00:00,5d89fcedcc1c01d5f9f00b533242e6d9045fbb0f,24,Reza Pishro,verified,2026-10-04T14:25:27.907477+00:00,0rjUxVxlaCH2YuKFVtZgtY,Dorane Talaei,ALBUM,2012-12-21T00:00:00Z,https://open.spotify.com/album/0rjUxVxlaCH2YuKFVtZgtY,,Complete monitored catalog membership; classification/eligibility is not independently validated for every historical release
2026-10-04T14:47:54.222104+00:00,5d89fcedcc1c01d5f9f00b533242e6d9045fbb0f,26,Tohi,verified,2026-10-04T14:25:29.509345+00:00,55M4NLSgJ9L44cEQgMIfH5,REFIGH,ALBUM,2026-09-26T00:00:00Z,https://open.spotify.com/album/55M4NLSgJ9L44cEQgMIfH5,11,Complete monitored catalog membership; classification/eligibility is not independently validated for every historical release
2026-10-04T14:47:54.222104+00:00,5d89fcedcc1c01d5f9f00b533242e6d9045fbb0f,26,Tohi,verified,2026-10-04T14:25:29.509345+00:00,5ZUWBSbOQXDjTrhSqPuLdQ,Superstar,ALBUM,2022-03-14T00:00:00Z,https://open.spotify.com/album/5ZUWBSbOQXDjTrhSqPuLdQ,7,Complete monitored catalog membership; classification/eligibility is not independently validated for every historical release
2026-10-04T14:47:54.222104+00:00,5d89fcedcc1c01d5f9f00b533242e6d9045fbb0f,26,Tohi,verified,2026-10-04T14:25:29.509345+00:00,75NrnXa37AM6oWBctKXEMy,Del Del (Remixes),EP,2020-09-18T00:00:00Z,https://open.spotify.com/album/75NrnXa37AM6oWBctKXEMy,5,Complete monitored catalog membership; classification/eligibility is not independently validated for every historical release
2026-10-04T14:47:54.222104+00:00,5d89fcedcc1c01d5f9f00b533242e6d9045fbb0f,27,Erfan,verified,2026-10-04T14:25:30.327258+00:00,2Fcz6pS1lB234jeHGZ4TH0,The Poet's Chamber,ALBUM,2025-11-14T00:00:00Z,https://open.spotify.com/album/2Fcz6pS1lB234jeHGZ4TH0,8,Complete monitored catalog membership; classification/eligibility is not independently validated for every historical release
2026-10-04T14:47:54.222104+00:00,5d89fcedcc1c01d5f9f00b533242e6d9045fbb0f,27,Erfan,verified,2026-10-04T14:25:30.327258+00:00,3YMfsrNdBKGt7gM7jnCq0w,Khorshid Vol. 1 (Tolou),ALBUM,2024-05-10T00:00:00Z,https://open.spotify.com/album/3YMfsrNdBKGt7gM7jnCq0w,14,Complete monitored catalog membership; classification/eligibility is not independently validated for every historical release
2026-10-04T14:47:54.222104+00:00,5d89fcedcc1c01d5f9f00b533242e6d9045fbb0f,27,Erfan,verified,2026-10-04T14:25:30.327258+00:00,69bbJYBX5zVx0c1ikZWjM3,NUR,ALBUM,2022-03-25T00:00:00Z,https://open.spotify.com/album/69bbJYBX5zVx0c1ikZWjM3,8,Complete monitored catalog membership; classification/eligibility is not independently validated for every historical release
2026-10-04T14:47:54.222104+00:00,5d89fcedcc1c01d5f9f00b533242e6d9045fbb0f,27,Erfan,verified,2026-10-04T14:25:30.327258+00:00,1QMZiqfGiriGMqVgN0oVVC,Angizeh,ALBUM,2020-08-03T00:00:00Z,https://open.spotify.com/album/1QMZiqfGiriGMqVgN0oVVC,,Complete monitored catalog membership; classification/eligibility is not independently validated for every historical release
2026-10-04T14:47:54.222104+00:00,5d89fcedcc1c01d5f9f00b533242e6d9045fbb0f,27,Erfan,verified,2026-10-04T14:25:30.327258+00:00,72e7Y18H7PG6nVQsDam22A,Ayatoltrap,ALBUM,2019-01-11T00:00:00Z,https://open.spotify.com/album/72e7Y18H7PG6nVQsDam22A,,Complete monitored catalog membership; classification/eligibility is not independently validated for every historical release
2026-10-04T14:47:54.222104+00:00,5d89fcedcc1c01d5f9f00b533242e6d9045fbb0f,27,Erfan,verified,2026-10-04T14:25:30.327258+00:00,7kkFr6XNZVWbi3UjWljKeS,Khodafezi,ALBUM,2016-02-20T00:00:00Z,https://open.spotify.com/album/7kkFr6XNZVWbi3UjWljKeS,,Complete monitored catalog membership; classification/eligibility is not independently validated for every historical release
2026-10-04T14:47:54.222104+00:00,5d89fcedcc1c01d5f9f00b533242e6d9045fbb0f,27,Erfan,verified,2026-10-04T14:25:30.327258+00:00,2qsjXt8K7dJmWXKStWobZZ,Hamishegi,ALBUM,2010-01-01T00:00:00Z,https://open.spotify.com/album/2qsjXt8K7dJmWXKStWobZZ,,Complete monitored catalog membership; classification/eligibility is not independently validated for every historical release
2026-10-04T14:47:54.222104+00:00,5d89fcedcc1c01d5f9f00b533242e6d9045fbb0f,27,Erfan,verified,2026-10-04T14:25:30.327258+00:00,3an8he04HEB449AELrnYXq,Az Khaneh Ta Goor,ALBUM,2007-07-24T00:00:00Z,https://open.spotify.com/album/3an8he04HEB449AELrnYXq,,Complete monitored catalog membership; classification/eligibility is not independently validated for every historical release
2026-10-04T14:47:54.222104+00:00,5d89fcedcc1c01d5f9f00b533242e6d9045fbb0f,28,Amir Tataloo,verified,2026-10-04T14:25:31.481720+00:00,20xFt3YcYMN4hyNQ0mqvon,Tars,EP,2026-09-29T00:00:00Z,https://open.spotify.com/album/20xFt3YcYMN4hyNQ0mqvon,1,Complete monitored catalog membership; classification/eligibility is not independently validated for every historical release
2026-10-04T14:47:54.222104+00:00,5d89fcedcc1c01d5f9f00b533242e6d9045fbb0f,28,Amir Tataloo,verified,2026-10-04T14:25:31.481720+00:00,2n6ZXHgmPgbzPBtDDHocOB,Man Yadet Naram 2,EP,2026-09-23T00:00:00Z,https://open.spotify.com/album/2n6ZXHgmPgbzPBtDDHocOB,1,Complete monitored catalog membership; classification/eligibility is not independently validated for every historical release
2026-10-04T14:47:54.222104+00:00,5d89fcedcc1c01d5f9f00b533242e6d9045fbb0f,28,Amir Tataloo,verified,2026-10-04T14:25:31.481720+00:00,3glkLdAOUuNnjI1Py4AS76,Treyli,EP,2026-07-02T00:00:00Z,https://open.spotify.com/album/3glkLdAOUuNnjI1Py4AS76,1,Complete monitored catalog membership; classification/eligibility is not independently validated for every historical release
2026-10-04T14:47:54.222104+00:00,5d89fcedcc1c01d5f9f00b533242e6d9045fbb0f,28,Amir Tataloo,verified,2026-10-04T14:25:31.481720+00:00,1hCPBottJkZCUDUPP2xecz,Cheshmamo Beshoor,EP,2026-06-24T00:00:00Z,https://open.spotify.com/album/1hCPBottJkZCUDUPP2xecz,,Complete monitored catalog membership; classification/eligibility is not independently validated for every historical release
2026-10-04T14:47:54.222104+00:00,5d89fcedcc1c01d5f9f00b533242e6d9045fbb0f,28,Amir Tataloo,verified,2026-10-04T14:25:31.481720+00:00,4DQOsPn6xsUClojzxTVKt6,Dejavu (Remix),EP,2025-07-25T00:00:00Z,https://open.spotify.com/album/4DQOsPn6xsUClojzxTVKt6,,Complete monitored catalog membership; classification/eligibility is not independently validated for every historical release
2026-10-04T14:47:54.222104+00:00,5d89fcedcc1c01d5f9f00b533242e6d9045fbb0f,28,Amir Tataloo,verified,2026-10-04T14:25:31.481720+00:00,5nRFebsR5dtpRQEaXfaTBw,Rahe Nejat (Marg Lotfabadi Remix),EP,2025-02-14T00:00:00Z,https://open.spotify.com/album/5nRFebsR5dtpRQEaXfaTBw,,Complete monitored catalog membership; classification/eligibility is not independently validated for every historical release
2026-10-04T14:47:54.222104+00:00,5d89fcedcc1c01d5f9f00b533242e6d9045fbb0f,28,Amir Tataloo,verified,2026-10-04T14:25:31.481720+00:00,69uCTmwdMZLfQdsY3vE4hH,Sahebe Sabr (Marg Lotfabadi Remix),EP,2024-11-26T00:00:00Z,https://open.spotify.com/album/69uCTmwdMZLfQdsY3vE4hH,,Complete monitored catalog membership; classification/eligibility is not independently validated for every historical release
2026-10-04T14:47:54.222104+00:00,5d89fcedcc1c01d5f9f00b533242e6d9045fbb0f,28,Amir Tataloo,verified,2026-10-04T14:25:31.481720+00:00,34IOFzro71FLXLLAkAFI9u,"Angel Album Mix, Vol. 1",EP,2021-08-23T00:00:00Z,https://open.spotify.com/album/34IOFzro71FLXLLAkAFI9u,,Complete monitored catalog membership; classification/eligibility is not independently validated for every historical release
2026-10-04T14:47:54.222104+00:00,5d89fcedcc1c01d5f9f00b533242e6d9045fbb0f,28,Amir Tataloo,verified,2026-10-04T14:25:31.481720+00:00,7zDhdSc5i4EZ7975DyiTJb,Mikham,EP,2020-12-30T00:00:00Z,https://open.spotify.com/album/7zDhdSc5i4EZ7975DyiTJb,,Complete monitored catalog membership; classification/eligibility is not independently validated for every historical release
2026-10-04T14:47:54.222104+00:00,5d89fcedcc1c01d5f9f00b533242e6d9045fbb0f,28,Amir Tataloo,verified,2026-10-04T14:25:31.481720+00:00,6LFW1UXOWQFUDq3P6jQdMg,"Tataloo's Music Mix, Pt. 1",EP,2020-11-30T00:00:00Z,https://open.spotify.com/album/6LFW1UXOWQFUDq3P6jQdMg,,Complete monitored catalog membership; classification/eligibility is not independently validated for every historical release
2026-10-04T14:47:54.222104+00:00,5d89fcedcc1c01d5f9f00b533242e6d9045fbb0f,28,Amir Tataloo,verified,2026-10-04T14:25:31.481720+00:00,3qb9vNeeRaDdc540GiSt8v,"Sheytan, Vol .1 (Mix)",EP,2020-11-23T00:00:00Z,https://open.spotify.com/album/3qb9vNeeRaDdc540GiSt8v,,Complete monitored catalog membership; classification/eligibility is not independently validated for every historical release
2026-10-04T14:47:54.222104+00:00,5d89fcedcc1c01d5f9f00b533242e6d9045fbb0f,28,Amir Tataloo,verified,2026-10-04T14:25:31.481720+00:00,2dHK31gT2SFFDXjWBQCl6l,Ye Saram Be Ma Bezan,EP,2020-08-22T00:00:00Z,https://open.spotify.com/album/2dHK31gT2SFFDXjWBQCl6l,,Complete monitored catalog membership; classification/eligibility is not independently validated for every historical release
2026-10-04T14:47:54.222104+00:00,5d89fcedcc1c01d5f9f00b533242e6d9045fbb0f,28,Amir Tataloo,verified,2026-10-04T14:25:31.481720+00:00,6n6RTuIc8FhXVz8aYp61t0,Man 2 (Guitar Version),EP,2020-06-01T00:00:00Z,https://open.spotify.com/album/6n6RTuIc8FhXVz8aYp61t0,,Complete monitored catalog membership; classification/eligibility is not independently validated for every historical release
2026-10-04T14:47:54.222104+00:00,5d89fcedcc1c01d5f9f00b533242e6d9045fbb0f,28,Amir Tataloo,verified,2026-10-04T14:25:31.481720+00:00,7vrn98HUMMLlLkvDVwTfl9,Man 3,EP,2020-05-14T00:00:00Z,https://open.spotify.com/album/7vrn98HUMMLlLkvDVwTfl9,,Complete monitored catalog membership; classification/eligibility is not independently validated for every historical release
2026-10-04T14:47:54.222104+00:00,5d89fcedcc1c01d5f9f00b533242e6d9045fbb0f,28,Amir Tataloo,verified,2026-10-04T14:25:31.481720+00:00,6V9LcKHrqKhxwRrodsUyrU,Man 2 (Instrumental),EP,2019-05-03T00:00:00Z,https://open.spotify.com/album/6V9LcKHrqKhxwRrodsUyrU,,Complete monitored catalog membership; classification/eligibility is not independently validated for every historical release
2026-10-04T14:47:54.222104+00:00,5d89fcedcc1c01d5f9f00b533242e6d9045fbb0f,28,Amir Tataloo,verified,2026-10-04T14:25:31.481720+00:00,0Ogm3qyn20Brq8eOHyPP4q,Barzakh,EP,2018-12-01T00:00:00Z,https://open.spotify.com/album/0Ogm3qyn20Brq8eOHyPP4q,,Complete monitored catalog membership; classification/eligibility is not independently validated for every historical release
2026-10-04T14:47:54.222104+00:00,5d89fcedcc1c01d5f9f00b533242e6d9045fbb0f,28,Amir Tataloo,verified,2026-10-04T14:25:31.481720+00:00,4MXLxl7Af2Yzgm1OihWVDu,Man 2,EP,2018-11-12T00:00:00Z,https://open.spotify.com/album/4MXLxl7Af2Yzgm1OihWVDu,,Complete monitored catalog membership; classification/eligibility is not independently validated for every historical release
2026-10-04T14:47:54.222104+00:00,5d89fcedcc1c01d5f9f00b533242e6d9045fbb0f,28,Amir Tataloo,verified,2026-10-04T14:25:31.481720+00:00,1iL9DwnGphoCy7tpyzQWH9,Sayeh,ALBUM,2018-06-20T00:00:00Z,https://open.spotify.com/album/1iL9DwnGphoCy7tpyzQWH9,8,Complete monitored catalog membership; classification/eligibility is not independently validated for every historical release
2026-10-04T14:47:54.222104+00:00,5d89fcedcc1c01d5f9f00b533242e6d9045fbb0f,28,Amir Tataloo,verified,2026-10-04T14:25:31.481720+00:00,0pP2H053NaOOYMJqr51Ohm,Amir,ALBUM,2017-12-27T00:00:00Z,https://open.spotify.com/album/0pP2H053NaOOYMJqr51Ohm,,Complete monitored catalog membership; classification/eligibility is not independently validated for every historical release
2026-10-04T14:47:54.222104+00:00,5d89fcedcc1c01d5f9f00b533242e6d9045fbb0f,28,Amir Tataloo,verified,2026-10-04T14:25:31.481720+00:00,1bLlXmoO0wf8QlZcsJWxiG,Shomare 7,ALBUM,2016-08-03T00:00:00Z,https://open.spotify.com/album/1bLlXmoO0wf8QlZcsJWxiG,,Complete monitored catalog membership; classification/eligibility is not independently validated for every historical release
2026-10-04T14:47:54.222104+00:00,5d89fcedcc1c01d5f9f00b533242e6d9045fbb0f,28,Amir Tataloo,verified,2026-10-04T14:25:31.481720+00:00,0cM0rG0HztXnfmVay20Ewj,Shomare 6,ALBUM,2016-01-14T00:00:00Z,https://open.spotify.com/album/0cM0rG0HztXnfmVay20Ewj,,Complete monitored catalog membership; classification/eligibility is not independently validated for every historical release
2026-10-04T14:47:54.222104+00:00,5d89fcedcc1c01d5f9f00b533242e6d9045fbb0f,28,Amir Tataloo,verified,2026-10-04T14:25:31.481720+00:00,01YveJzX5iWX99WvMcAels,Mamnoo,ALBUM,2015-08-07T00:00:00Z,https://open.spotify.com/album/01YveJzX5iWX99WvMcAels,,Complete monitored catalog membership; classification/eligibility is not independently validated for every historical release
2026-10-04T14:47:54.222104+00:00,5d89fcedcc1c01d5f9f00b533242e6d9045fbb0f,28,Amir Tataloo,verified,2026-10-04T14:25:31.481720+00:00,2f8yl8lR8aUAoFsmlOcYbE,Man,ALBUM,2014-11-21T00:00:00Z,https://open.spotify.com/album/2f8yl8lR8aUAoFsmlOcYbE,,Complete monitored catalog membership; classification/eligibility is not independently validated for every historical release
2026-10-04T14:47:54.222104+00:00,5d89fcedcc1c01d5f9f00b533242e6d9045fbb0f,28,Amir Tataloo,verified,2026-10-04T14:25:31.481720+00:00,3qYtAVxG7wnEUirfk0VB4C,Tatality,ALBUM,2013-09-13T00:00:00Z,https://open.spotify.com/album/3qYtAVxG7wnEUirfk0VB4C,,Complete monitored catalog membership; classification/eligibility is not independently validated for every historical release
2026-10-04T14:47:54.222104+00:00,5d89fcedcc1c01d5f9f00b533242e6d9045fbb0f,29,Sohrab Mj,verified,2026-10-04T14:25:34.804867+00:00,63uBYgmUpGSHeojA6jkHCb,Magnet,ALBUM,2025-01-16T00:00:00Z,https://open.spotify.com/album/63uBYgmUpGSHeojA6jkHCb,10,Complete monitored catalog membership; classification/eligibility is not independently validated for every historical release
2026-10-04T14:47:54.222104+00:00,5d89fcedcc1c01d5f9f00b533242e6d9045fbb0f,29,Sohrab Mj,verified,2026-10-04T14:25:34.804867+00:00,5wPTWkusBmcgEsAUDtUvop,Magnet,ALBUM,2025-01-16T00:00:00Z,https://open.spotify.com/album/5wPTWkusBmcgEsAUDtUvop,10,Complete monitored catalog membership; classification/eligibility is not independently validated for every historical release
2026-10-04T14:47:54.222104+00:00,5d89fcedcc1c01d5f9f00b533242e6d9045fbb0f,29,Sohrab Mj,verified,2026-10-04T14:25:34.804867+00:00,3CHdkGD0ellzJgUazqtfWw,Magnet,ALBUM,2025-01-16T00:00:00Z,https://open.spotify.com/album/3CHdkGD0ellzJgUazqtfWw,8,Complete monitored catalog membership; classification/eligibility is not independently validated for every historical release
2026-10-04T14:47:54.222104+00:00,5d89fcedcc1c01d5f9f00b533242e6d9045fbb0f,29,Sohrab Mj,verified,2026-10-04T14:25:34.804867+00:00,2suAvf4rLkDDI32rfNdJr7,Ghahreman,EP,2024-09-19T00:00:00Z,https://open.spotify.com/album/2suAvf4rLkDDI32rfNdJr7,4,Complete monitored catalog membership; classification/eligibility is not independently validated for every historical release
2026-10-04T14:47:54.222104+00:00,5d89fcedcc1c01d5f9f00b533242e6d9045fbb0f,29,Sohrab Mj,verified,2026-10-04T14:25:34.804867+00:00,0qFwNSs8lHCryK7VrdrHTh,Zakhare Asli,ALBUM,2021-03-31T00:00:00Z,https://open.spotify.com/album/0qFwNSs8lHCryK7VrdrHTh,,Complete monitored catalog membership; classification/eligibility is not independently validated for every historical release
2026-10-04T14:47:54.222104+00:00,5d89fcedcc1c01d5f9f00b533242e6d9045fbb0f,29,Sohrab Mj,verified,2026-10-04T14:25:34.804867+00:00,6N3zd5EK7MqzZdQutOpwni,Yeksin,EP,2017-09-20T00:00:00Z,https://open.spotify.com/album/6N3zd5EK7MqzZdQutOpwni,,Complete monitored catalog membership; classification/eligibility is not independently validated for every historical release
2026-10-04T14:47:54.222104+00:00,5d89fcedcc1c01d5f9f00b533242e6d9045fbb0f,30,Mehrad Hidden,verified,2026-10-04T14:25:35.756172+00:00,4cqDo7W3Eu6jkbLp5DD92c,Alavis 2,EP,2024-08-07T00:00:00Z,https://open.spotify.com/album/4cqDo7W3Eu6jkbLp5DD92c,5,Complete monitored catalog membership; classification/eligibility is not independently validated for every historical release
2026-10-04T14:47:54.222104+00:00,5d89fcedcc1c01d5f9f00b533242e6d9045fbb0f,30,Mehrad Hidden,verified,2026-10-04T14:25:35.756172+00:00,1LbPKdJfPK1vPdwZqdNgEq,Pizza,EP,2024-06-02T00:00:00Z,https://open.spotify.com/album/1LbPKdJfPK1vPdwZqdNgEq,6,Complete monitored catalog membership; classification/eligibility is not independently validated for every historical release
2026-10-04T14:47:54.222104+00:00,5d89fcedcc1c01d5f9f00b533242e6d9045fbb0f,30,Mehrad Hidden,verified,2026-10-04T14:25:35.756172+00:00,0Kb9If1RugF6MCVSz5GxJH,Pizza,EP,2024-05-31T00:00:00Z,https://open.spotify.com/album/0Kb9If1RugF6MCVSz5GxJH,6,Complete monitored catalog membership; classification/eligibility is not independently validated for every historical release
2026-10-04T14:47:54.222104+00:00,5d89fcedcc1c01d5f9f00b533242e6d9045fbb0f,30,Mehrad Hidden,verified,2026-10-04T14:25:35.756172+00:00,61ls9EwSwhDuElW9xzyb3M,Zoozanaghe,ALBUM,2022-03-02T00:00:00Z,https://open.spotify.com/album/61ls9EwSwhDuElW9xzyb3M,14,Complete monitored catalog membership; classification/eligibility is not independently validated for every historical release
2026-10-04T14:47:54.222104+00:00,5d89fcedcc1c01d5f9f00b533242e6d9045fbb0f,30,Mehrad Hidden,verified,2026-10-04T14:25:35.756172+00:00,66yGmhR8S8XkEC1bkaIk8O,Alavis,EP,2021-02-17T00:00:00Z,https://open.spotify.com/album/66yGmhR8S8XkEC1bkaIk8O,,Complete monitored catalog membership; classification/eligibility is not independently validated for every historical release
2026-10-04T14:47:54.222104+00:00,5d89fcedcc1c01d5f9f00b533242e6d9045fbb0f,30,Mehrad Hidden,verified,2026-10-04T14:25:35.756172+00:00,1OtxvzEVOEzgOAQuNIWxbI,Mehrad Hidden Online Performance in Tehran (Live),ALBUM,2020-12-16T00:00:00Z,https://open.spotify.com/album/1OtxvzEVOEzgOAQuNIWxbI,,Complete monitored catalog membership; classification/eligibility is not independently validated for every historical release
2026-10-04T14:47:54.222104+00:00,5d89fcedcc1c01d5f9f00b533242e6d9045fbb0f,30,Mehrad Hidden,verified,2026-10-04T14:25:35.756172+00:00,5IXVAT87NDNGoqvMvVT1cZ,"Toonel, Vol. 2",ALBUM,2020-08-08T00:00:00Z,https://open.spotify.com/album/5IXVAT87NDNGoqvMvVT1cZ,,Complete monitored catalog membership; classification/eligibility is not independently validated for every historical release
2026-10-04T14:47:54.222104+00:00,5d89fcedcc1c01d5f9f00b533242e6d9045fbb0f,30,Mehrad Hidden,verified,2026-10-04T14:25:35.756172+00:00,53zPdSbJYUZA0XfBFIImp7,Sefr (Alternative Version - Studio 54 Performance),EP,2019-06-15T00:00:00Z,https://open.spotify.com/album/53zPdSbJYUZA0XfBFIImp7,,Complete monitored catalog membership; classification/eligibility is not independently validated for every historical release
2026-10-04T14:47:54.222104+00:00,5d89fcedcc1c01d5f9f00b533242e6d9045fbb0f,30,Mehrad Hidden,verified,2026-10-04T14:25:35.756172+00:00,37ZbMqJ795AOJKMpSNxdVP,Salakh,EP,2019-02-27T00:00:00Z,https://open.spotify.com/album/37ZbMqJ795AOJKMpSNxdVP,,Complete monitored catalog membership; classification/eligibility is not independently validated for every historical release
2026-10-04T14:47:54.222104+00:00,5d89fcedcc1c01d5f9f00b533242e6d9045fbb0f,30,Mehrad Hidden,verified,2026-10-04T14:25:35.756172+00:00,0xllTbEkAuLP6By9ms46MS,Sefr,ALBUM,2018-01-01T00:00:00Z,https://open.spotify.com/album/0xllTbEkAuLP6By9ms46MS,,Complete monitored catalog membership; classification/eligibility is not independently validated for every historical release
2026-10-04T14:47:54.222104+00:00,5d89fcedcc1c01d5f9f00b533242e6d9045fbb0f,30,Mehrad Hidden,verified,2026-10-04T14:25:35.756172+00:00,12R1AKMnOuxDEhhxKOFpB9,"Toonel, Vol. 1",ALBUM,2017-02-01T00:00:00Z,https://open.spotify.com/album/12R1AKMnOuxDEhhxKOFpB9,,Complete monitored catalog membership; classification/eligibility is not independently validated for every historical release
2026-10-04T14:47:54.222104+00:00,5d89fcedcc1c01d5f9f00b533242e6d9045fbb0f,30,Mehrad Hidden,verified,2026-10-04T14:25:35.756172+00:00,4a8nVbcRrtPmXQZQLioG7o,"Bozorg, Vol. 2",ALBUM,2015-02-27T00:00:00Z,https://open.spotify.com/album/4a8nVbcRrtPmXQZQLioG7o,19,Complete monitored catalog membership; classification/eligibility is not independently validated for every historical release
2026-10-04T14:47:54.222104+00:00,5d89fcedcc1c01d5f9f00b533242e6d9045fbb0f,84,Bahram,verified,2026-10-04T14:25:36.475216+00:00,0lXvCzjiBL50iJhcEJntB6,HEECH,ALBUM,2025-12-20T00:00:00Z,https://open.spotify.com/album/0lXvCzjiBL50iJhcEJntB6,11,Complete monitored catalog membership; classification/eligibility is not independently validated for every historical release
2026-10-04T14:47:54.222104+00:00,5d89fcedcc1c01d5f9f00b533242e6d9045fbb0f,84,Bahram,verified,2026-10-04T14:25:36.475216+00:00,47U0dkAKLqJ1Y13cTpiznw,Khoone Khorshid,EP,2024-11-11T00:00:00Z,https://open.spotify.com/album/47U0dkAKLqJ1Y13cTpiznw,5,Complete monitored catalog membership; classification/eligibility is not independently validated for every historical release
2026-10-04T14:47:54.222104+00:00,5d89fcedcc1c01d5f9f00b533242e6d9045fbb0f,84,Bahram,verified,2026-10-04T14:25:36.475216+00:00,0Ke17UNvnha7KdZJRW1v2y,KHODHA,ALBUM,2023-04-15T00:00:00Z,https://open.spotify.com/album/0Ke17UNvnha7KdZJRW1v2y,12,Complete monitored catalog membership; classification/eligibility is not independently validated for every historical release
2026-10-04T14:47:54.222104+00:00,5d89fcedcc1c01d5f9f00b533242e6d9045fbb0f,84,Bahram,verified,2026-10-04T14:25:36.475216+00:00,4B9X89aBH87MeD5SWZPhOs,Gozaar,EP,2020-03-22T00:00:00Z,https://open.spotify.com/album/4B9X89aBH87MeD5SWZPhOs,,Complete monitored catalog membership; classification/eligibility is not independently validated for every historical release
2026-10-04T14:47:54.222104+00:00,5d89fcedcc1c01d5f9f00b533242e6d9045fbb0f,84,Bahram,verified,2026-10-04T14:25:36.475216+00:00,5uOWUX5ee1y8w4vbX2hMfY,ESHTEBAHE KHOOB,ALBUM,2015-07-04T00:00:00Z,https://open.spotify.com/album/5uOWUX5ee1y8w4vbX2hMfY,,Complete monitored catalog membership; classification/eligibility is not independently validated for every historical release
2026-10-04T14:47:54.222104+00:00,5d89fcedcc1c01d5f9f00b533242e6d9045fbb0f,85,Shahin Najafi,verified,2026-10-04T14:25:37.259885+00:00,1M7ICkaPMy3kIaAuINBGKj,Sigma,ALBUM,2022-07-16T00:00:00Z,https://open.spotify.com/album/1M7ICkaPMy3kIaAuINBGKj,8,Complete monitored catalog membership; classification/eligibility is not independently validated for every historical release
2026-10-04T14:47:54.222104+00:00,5d89fcedcc1c01d5f9f00b533242e6d9045fbb0f,85,Shahin Najafi,verified,2026-10-04T14:25:37.259885+00:00,2McyhoSrkKT8dsK1FymtlT,The Sacred and the Violence,ALBUM,2019-07-03T00:00:00Z,https://open.spotify.com/album/2McyhoSrkKT8dsK1FymtlT,10,Complete monitored catalog membership; classification/eligibility is not independently validated for every historical release
2026-10-04T14:47:54.222104+00:00,5d89fcedcc1c01d5f9f00b533242e6d9045fbb0f,85,Shahin Najafi,verified,2026-10-04T14:25:37.259885+00:00,1jv8BY69tlv7U8t13Dfjvt,Jens Sevom,ALBUM,2019-01-18T00:00:00Z,https://open.spotify.com/album/1jv8BY69tlv7U8t13Dfjvt,10,Complete monitored catalog membership; classification/eligibility is not independently validated for every historical release
2026-10-04T14:47:54.222104+00:00,5d89fcedcc1c01d5f9f00b533242e6d9045fbb0f,85,Shahin Najafi,verified,2026-10-04T14:25:37.259885+00:00,6mvx3uzJhJngZQJDHjuBRj,Meta Phrygian,ALBUM,2017-12-15T00:00:00Z,https://open.spotify.com/album/6mvx3uzJhJngZQJDHjuBRj,,Complete monitored catalog membership; classification/eligibility is not independently validated for every historical release
2026-10-04T14:47:54.222104+00:00,5d89fcedcc1c01d5f9f00b533242e6d9045fbb0f,85,Shahin Najafi,verified,2026-10-04T14:25:37.259885+00:00,1xs8eei21c00uYoeBOhkBF,Radikal,ALBUM,2017-02-17T00:00:00Z,https://open.spotify.com/album/1xs8eei21c00uYoeBOhkBF,,Complete monitored catalog membership; classification/eligibility is not independently validated for every historical release
2026-10-04T14:47:54.222104+00:00,5d89fcedcc1c01d5f9f00b533242e6d9045fbb0f,85,Shahin Najafi,verified,2026-10-04T14:25:37.259885+00:00,1Le7kk3tyUHDRIVZPisb0Q,Sade,ALBUM,2015-05-01T00:00:00Z,https://open.spotify.com/album/1Le7kk3tyUHDRIVZPisb0Q,,Complete monitored catalog membership; classification/eligibility is not independently validated for every historical release
2026-10-04T14:47:54.222104+00:00,5d89fcedcc1c01d5f9f00b533242e6d9045fbb0f,85,Shahin Najafi,verified,2026-10-04T14:25:37.259885+00:00,1toVGNBCMP4dELiUNUcuTJ,1414,EP,2014-04-14T00:00:00Z,https://open.spotify.com/album/1toVGNBCMP4dELiUNUcuTJ,4,Complete monitored catalog membership; classification/eligibility is not independently validated for every historical release
2026-10-04T14:47:54.222104+00:00,5d89fcedcc1c01d5f9f00b533242e6d9045fbb0f,85,Shahin Najafi,verified,2026-10-04T14:25:37.259885+00:00,1q6ql646IIOmFXDaI8W6Oe,Tramadol,ALBUM,2013-10-07T00:00:00Z,https://open.spotify.com/album/1q6ql646IIOmFXDaI8W6Oe,,Complete monitored catalog membership; classification/eligibility is not independently validated for every historical release
2026-10-04T14:47:54.222104+00:00,5d89fcedcc1c01d5f9f00b533242e6d9045fbb0f,85,Shahin Najafi,verified,2026-10-04T14:25:37.259885+00:00,3dJeSBWAkOyzDxuT2aVFdS,Hich Hich Hich,ALBUM,2012-02-28T00:00:00Z,https://open.spotify.com/album/3dJeSBWAkOyzDxuT2aVFdS,,Complete monitored catalog membership; classification/eligibility is not independently validated for every historical release
2026-10-04T14:47:54.222104+00:00,5d89fcedcc1c01d5f9f00b533242e6d9045fbb0f,86,Saman Wilson,verified,2026-10-04T14:25:38.949994+00:00,4a8nVbcRrtPmXQZQLioG7o,"Bozorg, Vol. 2",ALBUM,2015-02-27T00:00:00Z,https://open.spotify.com/album/4a8nVbcRrtPmXQZQLioG7o,19,Complete monitored catalog membership; classification/eligibility is not independently validated for every historical release
2026-10-04T14:47:54.222104+00:00,5d89fcedcc1c01d5f9f00b533242e6d9045fbb0f,87,Alireza Jj,verified,2026-10-04T14:25:39.871695+00:00,2cypAUwFLV50MzFfWtlfFb,LEITMOTIV,ALBUM,2024-07-18T00:00:00Z,https://open.spotify.com/album/2cypAUwFLV50MzFfWtlfFb,14,Complete monitored catalog membership; classification/eligibility is not independently validated for every historical release
2026-10-04T14:47:54.222104+00:00,5d89fcedcc1c01d5f9f00b533242e6d9045fbb0f,87,Alireza Jj,verified,2026-10-04T14:25:39.871695+00:00,2WQxDGSERRnawZRpmItbGF,Amadeus,ALBUM,2022-03-06T00:00:00Z,https://open.spotify.com/album/2WQxDGSERRnawZRpmItbGF,11,Complete monitored catalog membership; classification/eligibility is not independently validated for every historical release
2026-10-04T14:47:54.222104+00:00,5d89fcedcc1c01d5f9f00b533242e6d9045fbb0f,87,Alireza Jj,verified,2026-10-04T14:25:39.871695+00:00,1ewQ0qANpu32LY2IAwqTnh,Double Album,ALBUM,2020-10-05T00:00:00Z,https://open.spotify.com/album/1ewQ0qANpu32LY2IAwqTnh,21,Complete monitored catalog membership; classification/eligibility is not independently validated for every historical release
2026-10-04T14:47:54.222104+00:00,5d89fcedcc1c01d5f9f00b533242e6d9045fbb0f,87,Alireza Jj,verified,2026-10-04T14:25:39.871695+00:00,78g8wcu2TMb4HhME1G50eq,Pir Shodim Vali Bozorg Na Vol 2,ALBUM,2016-01-01T00:00:00Z,https://open.spotify.com/album/78g8wcu2TMb4HhME1G50eq,,Complete monitored catalog membership; classification/eligibility is not independently validated for every historical release
2026-10-04T14:47:54.222104+00:00,5d89fcedcc1c01d5f9f00b533242e6d9045fbb0f,87,Alireza Jj,verified,2026-10-04T14:25:39.871695+00:00,2P7sPFxDPCvJipcFfeJFMJ,Pir Shodim Vali Bozorg Na,ALBUM,2014-01-01T00:00:00Z,https://open.spotify.com/album/2P7sPFxDPCvJipcFfeJFMJ,,Complete monitored catalog membership; classification/eligibility is not independently validated for every historical release
2026-10-04T14:47:54.222104+00:00,5d89fcedcc1c01d5f9f00b533242e6d9045fbb0f,88,Quf,verified,2026-10-04T14:25:40.709021+00:00,0vaU6nncOdSP8Rm1XvXoKH,Zir o Bam e Zirzamin,ALBUM,2011-09-29T00:00:00Z,https://open.spotify.com/album/0vaU6nncOdSP8Rm1XvXoKH,12,Complete monitored catalog membership; classification/eligibility is not independently validated for every historical release
2026-10-04T14:47:54.222104+00:00,5d89fcedcc1c01d5f9f00b533242e6d9045fbb0f,89,Ali Sorena,verified,2026-10-04T14:25:41.451964+00:00,1YomRnpVLMXxzVCgs3CVl9,Mojassameh,ALBUM,2025-02-20T00:00:00Z,https://open.spotify.com/album/1YomRnpVLMXxzVCgs3CVl9,20,Complete monitored catalog membership; classification/eligibility is not independently validated for every historical release
2026-10-04T14:47:54.222104+00:00,5d89fcedcc1c01d5f9f00b533242e6d9045fbb0f,89,Ali Sorena,verified,2026-10-04T14:25:41.451964+00:00,47U0dkAKLqJ1Y13cTpiznw,Khoone Khorshid,EP,2024-11-11T00:00:00Z,https://open.spotify.com/album/47U0dkAKLqJ1Y13cTpiznw,5,Complete monitored catalog membership; classification/eligibility is not independently validated for every historical release
2026-10-04T14:47:54.222104+00:00,5d89fcedcc1c01d5f9f00b533242e6d9045fbb0f,89,Ali Sorena,verified,2026-10-04T14:25:41.451964+00:00,6265U5D19afrjhrxiGgOy5,Gavazn,ALBUM,2021-03-08T00:00:00Z,https://open.spotify.com/album/6265U5D19afrjhrxiGgOy5,18,Complete monitored catalog membership; classification/eligibility is not independently validated for every historical release
2026-10-04T14:47:54.222104+00:00,5d89fcedcc1c01d5f9f00b533242e6d9045fbb0f,89,Ali Sorena,verified,2026-10-04T14:25:41.451964+00:00,0ZyKQZ5gd1uIbGZZmsfEPf,Three songs by Ali Sorena,EP,2019-09-02T00:00:00Z,https://open.spotify.com/album/0ZyKQZ5gd1uIbGZZmsfEPf,,Complete monitored catalog membership; classification/eligibility is not independently validated for every historical release
2026-10-04T14:47:54.222104+00:00,5d89fcedcc1c01d5f9f00b533242e6d9045fbb0f,89,Ali Sorena,verified,2026-10-04T14:25:41.451964+00:00,24oxzU03pTZNoqfR3GVvxP,Kavir,ALBUM,2017-11-19T00:00:00Z,https://open.spotify.com/album/24oxzU03pTZNoqfR3GVvxP,,Complete monitored catalog membership; classification/eligibility is not independently validated for every historical release
2026-10-04T14:47:54.222104+00:00,5d89fcedcc1c01d5f9f00b533242e6d9045fbb0f,89,Ali Sorena,verified,2026-10-04T14:25:41.451964+00:00,6nx1G3kzXoutqZJN02Dlff,Negar,ALBUM,2016-03-16T00:00:00Z,https://open.spotify.com/album/6nx1G3kzXoutqZJN02Dlff,,Complete monitored catalog membership; classification/eligibility is not independently validated for every historical release
2026-10-04T14:47:54.222104+00:00,5d89fcedcc1c01d5f9f00b533242e6d9045fbb0f,89,Ali Sorena,verified,2026-10-04T14:25:41.451964+00:00,2ZB3lZB3x4PXZmTrQjsE9J,Aavaar,ALBUM,2014-02-08T00:00:00Z,https://open.spotify.com/album/2ZB3lZB3x4PXZmTrQjsE9J,,Complete monitored catalog membership; classification/eligibility is not independently validated for every historical release
2026-10-04T14:47:54.222104+00:00,5d89fcedcc1c01d5f9f00b533242e6d9045fbb0f,89,Ali Sorena,verified,2026-10-04T14:25:41.451964+00:00,702m3BxS9ZQZq5GLEFA28R,Marde Tanha,ALBUM,2012-02-08T00:00:00Z,https://open.spotify.com/album/702m3BxS9ZQZq5GLEFA28R,,Complete monitored catalog membership; classification/eligibility is not independently validated for every historical release
2026-10-04T14:47:54.222104+00:00,5d89fcedcc1c01d5f9f00b533242e6d9045fbb0f,90,Sadegh,verified,2026-10-04T14:25:42.415986+00:00,22C1OnNz1EvwYCEmrpBPxd,Nashod Begam,ALBUM,2023-09-27T00:00:00Z,https://open.spotify.com/album/22C1OnNz1EvwYCEmrpBPxd,7,Complete monitored catalog membership; classification/eligibility is not independently validated for every historical release
2026-10-04T14:47:54.222104+00:00,5d89fcedcc1c01d5f9f00b533242e6d9045fbb0f,90,Sadegh,verified,2026-10-04T14:25:42.415986+00:00,1nYBV7uEQhSPVURZGa8ecA,Perspective,EP,2021-03-19T00:00:00Z,https://open.spotify.com/album/1nYBV7uEQhSPVURZGa8ecA,6,Complete monitored catalog membership; classification/eligibility is not independently validated for every historical release
2026-10-04T14:47:54.222104+00:00,5d89fcedcc1c01d5f9f00b533242e6d9045fbb0f,90,Sadegh,verified,2026-10-04T14:25:42.415986+00:00,3vmRt3Ifnc1fyGqAPkSk78,Baal,EP,2016-09-16T00:00:00Z,https://open.spotify.com/album/3vmRt3Ifnc1fyGqAPkSk78,5,Complete monitored catalog membership; classification/eligibility is not independently validated for every historical release
2026-10-04T14:47:54.222104+00:00,5d89fcedcc1c01d5f9f00b533242e6d9045fbb0f,90,Sadegh,verified,2026-10-04T14:25:42.415986+00:00,0eSgOuzyEvbzl6qqwLKdc2,Parvaresh,EP,2014-02-07T00:00:00Z,https://open.spotify.com/album/0eSgOuzyEvbzl6qqwLKdc2,,Complete monitored catalog membership; classification/eligibility is not independently validated for every historical release
2026-10-04T14:47:54.222104+00:00,5d89fcedcc1c01d5f9f00b533242e6d9045fbb0f,90,Sadegh,verified,2026-10-04T14:25:42.415986+00:00,1L5gPzszR8OI2rX3WchNBP,Sarbaze Khoda,EP,2012-12-11T00:00:00Z,https://open.spotify.com/album/1L5gPzszR8OI2rX3WchNBP,,Complete monitored catalog membership; classification/eligibility is not independently validated for every historical release
2026-10-04T14:47:54.222104+00:00,5d89fcedcc1c01d5f9f00b533242e6d9045fbb0f,90,Sadegh,verified,2026-10-04T14:25:42.415986+00:00,25hSG44jHifMy2Cv3WJIaS,Kasi Be Name Khoda,EP,2012-07-03T00:00:00Z,https://open.spotify.com/album/25hSG44jHifMy2Cv3WJIaS,,Complete monitored catalog membership; classification/eligibility is not independently validated for every historical release
2026-10-04T14:47:54.222104+00:00,5d89fcedcc1c01d5f9f00b533242e6d9045fbb0f,90,Sadegh,verified,2026-10-04T14:25:42.415986+00:00,7vw6ClBnUpNliVCo07BOv1,Sobh Bekheir Iran,EP,2012-04-29T00:00:00Z,https://open.spotify.com/album/7vw6ClBnUpNliVCo07BOv1,,Complete monitored catalog membership; classification/eligibility is not independently validated for every historical release
2026-10-04T14:47:54.222104+00:00,5d89fcedcc1c01d5f9f00b533242e6d9045fbb0f,90,Sadegh,verified,2026-10-04T14:25:42.415986+00:00,6cNFNqT2kkeaQH4RP5RC5h,"Shaba, Radepa, Tanhaei",EP,2012-02-08T00:00:00Z,https://open.spotify.com/album/6cNFNqT2kkeaQH4RP5RC5h,,Complete monitored catalog membership; classification/eligibility is not independently validated for every historical release
2026-10-04T14:47:54.222104+00:00,5d89fcedcc1c01d5f9f00b533242e6d9045fbb0f,91,Sogand,verified,2026-10-04T14:25:43.238271+00:00,35wT0eSuG97nyh4su1wXHH,Khune,EP,2024-04-14T00:00:00Z,https://open.spotify.com/album/35wT0eSuG97nyh4su1wXHH,6,Complete monitored catalog membership; classification/eligibility is not independently validated for every historical release
2026-10-04T14:47:54.222104+00:00,5d89fcedcc1c01d5f9f00b533242e6d9045fbb0f,91,Sogand,verified,2026-10-04T14:25:43.238271+00:00,3ZEImN3EXfWZMMjLYuWSOa,Man,EP,2020-12-24T00:00:00Z,https://open.spotify.com/album/3ZEImN3EXfWZMMjLYuWSOa,6,Complete monitored catalog membership; classification/eligibility is not independently validated for every historical release
2026-10-04T14:47:54.222104+00:00,5d89fcedcc1c01d5f9f00b533242e6d9045fbb0f,92,Gdaal,verified,2026-10-04T14:25:44.069765+00:00,7k3kmzV0rhopPPYvf7Yw0u,Abraye Noghrei 3,ALBUM,2025-05-01T00:00:00Z,https://open.spotify.com/album/7k3kmzV0rhopPPYvf7Yw0u,17,Complete monitored catalog membership; classification/eligibility is not independently validated for every historical release
2026-10-04T14:47:54.222104+00:00,5d89fcedcc1c01d5f9f00b533242e6d9045fbb0f,92,Gdaal,verified,2026-10-04T14:25:44.069765+00:00,02X6UYfsW72g9iobQn82qy,Setare Soheil,ALBUM,2023-10-09T00:00:00Z,https://open.spotify.com/album/02X6UYfsW72g9iobQn82qy,7,Complete monitored catalog membership; classification/eligibility is not independently validated for every historical release
2026-10-04T14:47:54.222104+00:00,5d89fcedcc1c01d5f9f00b533242e6d9045fbb0f,92,Gdaal,verified,2026-10-04T14:25:44.069765+00:00,482vzXFjN13gxYZwmB1YAV,Banafsh,EP,2021-09-09T00:00:00Z,https://open.spotify.com/album/482vzXFjN13gxYZwmB1YAV,6,Complete monitored catalog membership; classification/eligibility is not independently validated for every historical release
2026-10-04T14:47:54.222104+00:00,5d89fcedcc1c01d5f9f00b533242e6d9045fbb0f,92,Gdaal,verified,2026-10-04T14:25:44.069765+00:00,72e7Y18H7PG6nVQsDam22A,Ayatoltrap,ALBUM,2019-01-11T00:00:00Z,https://open.spotify.com/album/72e7Y18H7PG6nVQsDam22A,,Complete monitored catalog membership; classification/eligibility is not independently validated for every historical release
2026-10-04T14:47:54.222104+00:00,5d89fcedcc1c01d5f9f00b533242e6d9045fbb0f,92,Gdaal,verified,2026-10-04T14:25:44.069765+00:00,1InrMIY4r16iBOZit9VN2D,Abr Haaye Noghrei Vol 2,ALBUM,2018-03-04T00:00:00Z,https://open.spotify.com/album/1InrMIY4r16iBOZit9VN2D,,Complete monitored catalog membership; classification/eligibility is not independently validated for every historical release
2026-10-04T14:47:54.222104+00:00,5d89fcedcc1c01d5f9f00b533242e6d9045fbb0f,92,Gdaal,verified,2026-10-04T14:25:44.069765+00:00,1wP1R42Owq3qWIZBBmp4jS,Abraye Noghrei Vol1,ALBUM,2017-09-12T00:00:00Z,https://open.spotify.com/album/1wP1R42Owq3qWIZBBmp4jS,,Complete monitored catalog membership; classification/eligibility is not independently validated for every historical release
2026-10-04T14:47:54.222104+00:00,5d89fcedcc1c01d5f9f00b533242e6d9045fbb0f,92,Gdaal,verified,2026-10-04T14:25:44.069765+00:00,3S71gH93iNVzT61oyGe5cC,70,ALBUM,2016-08-28T00:00:00Z,https://open.spotify.com/album/3S71gH93iNVzT61oyGe5cC,,Complete monitored catalog membership; classification/eligibility is not independently validated for every historical release
2026-10-04T14:47:54.222104+00:00,5d89fcedcc1c01d5f9f00b533242e6d9045fbb0f,92,Gdaal,verified,2026-10-04T14:25:44.069765+00:00,7zKKmw5ECgd5VnO7rLVaOH,Zemestoon Oomad O Raft,EP,2015-06-10T00:00:00Z,https://open.spotify.com/album/7zKKmw5ECgd5VnO7rLVaOH,,Complete monitored catalog membership; classification/eligibility is not independently validated for every historical release
2026-10-04T14:47:54.222104+00:00,5d89fcedcc1c01d5f9f00b533242e6d9045fbb0f,92,Gdaal,verified,2026-10-04T14:25:44.069765+00:00,3EAiGWGIkMKEYH3iFzdSWQ,Zemestoon Oomad O Raft,EP,2015-06-10T00:00:00Z,https://open.spotify.com/album/3EAiGWGIkMKEYH3iFzdSWQ,,Complete monitored catalog membership; classification/eligibility is not independently validated for every historical release
2026-10-04T14:47:54.222104+00:00,5d89fcedcc1c01d5f9f00b533242e6d9045fbb0f,93,Amir Khalvat,verified,2026-10-04T14:25:44.985471+00:00,04SiDOxnvZSgNMjHQsl5dX,Man,EP,2015-02-20T00:00:00Z,https://open.spotify.com/album/04SiDOxnvZSgNMjHQsl5dX,4,Complete monitored catalog membership; classification/eligibility is not independently validated for every historical release
2026-10-04T14:47:54.222104+00:00,5d89fcedcc1c01d5f9f00b533242e6d9045fbb0f,95,poobon,verified,2026-10-04T14:25:47.304255+00:00,2qCN8thNCMHWvzSQ47qt3A,Midnight,EP,2021-02-14T00:00:00Z,https://open.spotify.com/album/2qCN8thNCMHWvzSQ47qt3A,6,Complete monitored catalog membership; classification/eligibility is not independently validated for every historical release
2026-10-04T14:47:54.222104+00:00,5d89fcedcc1c01d5f9f00b533242e6d9045fbb0f,95,poobon,verified,2026-10-04T14:25:47.304255+00:00,1muiVqaSrwB2awnuYHun9j,Midnight,EP,2020-12-31T00:00:00Z,https://open.spotify.com/album/1muiVqaSrwB2awnuYHun9j,6,Complete monitored catalog membership; classification/eligibility is not independently validated for every historical release
2026-10-04T14:47:54.222104+00:00,5d89fcedcc1c01d5f9f00b533242e6d9045fbb0f,96,Armin Zareei,verified,2026-10-04T14:25:48.299064+00:00,5TMBih6ttTA4dNLBQ69MW1,Toure Concertam,EP,2023-03-02T00:00:00Z,https://open.spotify.com/album/5TMBih6ttTA4dNLBQ69MW1,4,Complete monitored catalog membership; classification/eligibility is not independently validated for every historical release
2026-10-04T14:47:54.222104+00:00,5d89fcedcc1c01d5f9f00b533242e6d9045fbb0f,97,Zakhmi,verified,2026-10-04T14:25:49.052325+00:00,75zv6v0DISo36fh9MLE9QL,Mehraboon,EP,2021-07-12T00:00:00Z,https://open.spotify.com/album/75zv6v0DISo36fh9MLE9QL,5,Complete monitored catalog membership; classification/eligibility is not independently validated for every historical release
2026-10-04T14:47:54.222104+00:00,5d89fcedcc1c01d5f9f00b533242e6d9045fbb0f,97,Zakhmi,verified,2026-10-04T14:25:49.052325+00:00,3qUULxcBJJa6Nhq6Xlt5ol,Shakhsi,ALBUM,2018-06-25T00:00:00Z,https://open.spotify.com/album/3qUULxcBJJa6Nhq6Xlt5ol,9,Complete monitored catalog membership; classification/eligibility is not independently validated for every historical release
2026-10-04T14:47:54.222104+00:00,5d89fcedcc1c01d5f9f00b533242e6d9045fbb0f,98,Sina Mafee,verified,2026-10-04T14:25:50.664519+00:00,1KejPTn7hcYDiokER7IsXT,Mafia,ALBUM,2025-05-14T00:00:00Z,https://open.spotify.com/album/1KejPTn7hcYDiokER7IsXT,11,Complete monitored catalog membership; classification/eligibility is not independently validated for every historical release
2026-10-04T14:47:54.222104+00:00,5d89fcedcc1c01d5f9f00b533242e6d9045fbb0f,99,Catchybeatz,verified,2026-10-04T14:25:51.512157+00:00,75mbHoMrkobQUe5b1RCPti,Zooze,ALBUM,2022-12-24T00:00:00Z,https://open.spotify.com/album/75mbHoMrkobQUe5b1RCPti,8,Complete monitored catalog membership; classification/eligibility is not independently validated for every historical release
2026-10-04T14:47:54.222104+00:00,5d89fcedcc1c01d5f9f00b533242e6d9045fbb0f,99,Catchybeatz,verified,2026-10-04T14:25:51.512157+00:00,0NOzGRplOb1ImF9BQpEQSn,YAYA Album,ALBUM,2022-09-01T00:00:00Z,https://open.spotify.com/album/0NOzGRplOb1ImF9BQpEQSn,13,Complete monitored catalog membership; classification/eligibility is not independently validated for every historical release
2026-10-04T14:47:54.222104+00:00,5d89fcedcc1c01d5f9f00b533242e6d9045fbb0f,99,Catchybeatz,verified,2026-10-04T14:25:51.512157+00:00,2fLGQBOMaLWIpYwVxp6pU1,Etesali,ALBUM,2020-10-28T00:00:00Z,https://open.spotify.com/album/2fLGQBOMaLWIpYwVxp6pU1,12,Complete monitored catalog membership; classification/eligibility is not independently validated for every historical release
2026-10-04T14:47:54.222104+00:00,5d89fcedcc1c01d5f9f00b533242e6d9045fbb0f,102,Bamdad,verified,2026-10-04T14:25:53.771877+00:00,2JnDcFfeRxCGlLPv5aWJj2,Mantaghe 5 Pelake 8,EP,2025-08-15T00:00:00Z,https://open.spotify.com/album/2JnDcFfeRxCGlLPv5aWJj2,3,Complete monitored catalog membership; classification/eligibility is not independently validated for every historical release
2026-10-04T14:47:54.222104+00:00,5d89fcedcc1c01d5f9f00b533242e6d9045fbb0f,102,Bamdad,verified,2026-10-04T14:25:53.771877+00:00,0WNhMayGPWr88oMRuLFPXR,Zurvan,EP,2024-03-16T00:00:00Z,https://open.spotify.com/album/0WNhMayGPWr88oMRuLFPXR,5,Complete monitored catalog membership; classification/eligibility is not independently validated for every historical release
2026-10-04T14:47:54.222104+00:00,5d89fcedcc1c01d5f9f00b533242e6d9045fbb0f,102,Bamdad,verified,2026-10-04T14:25:53.771877+00:00,5ntQPeOmffR0nHyNAR3wr6,Gheychi,EP,2020-11-21T00:00:00Z,https://open.spotify.com/album/5ntQPeOmffR0nHyNAR3wr6,4,Complete monitored catalog membership; classification/eligibility is not independently validated for every historical release
2026-10-04T14:47:54.222104+00:00,5d89fcedcc1c01d5f9f00b533242e6d9045fbb0f,102,Bamdad,verified,2026-10-04T14:25:53.771877+00:00,7GGoboSXUmHPXnWp11Otfr,Ahan,ALBUM,2016-03-17T00:00:00Z,https://open.spotify.com/album/7GGoboSXUmHPXnWp11Otfr,11,Complete monitored catalog membership; classification/eligibility is not independently validated for every historical release
2026-10-04T14:47:54.222104+00:00,5d89fcedcc1c01d5f9f00b533242e6d9045fbb0f,102,Bamdad,verified,2026-10-04T14:25:53.771877+00:00,7AyCkJ409M6Cz8827gWVGb,Khate Sevom,ALBUM,2015-06-23T00:00:00Z,https://open.spotify.com/album/7AyCkJ409M6Cz8827gWVGb,,Complete monitored catalog membership; classification/eligibility is not independently validated for every historical release
2026-10-04T14:47:54.222104+00:00,5d89fcedcc1c01d5f9f00b533242e6d9045fbb0f,102,Bamdad,verified,2026-10-04T14:25:53.771877+00:00,5AaUSQZTA7o2BD6ExQ3J7U,Khaabe Zemestooni,EP,2014-02-14T00:00:00Z,https://open.spotify.com/album/5AaUSQZTA7o2BD6ExQ3J7U,,Complete monitored catalog membership; classification/eligibility is not independently validated for every historical release
2026-10-04T14:47:54.222104+00:00,5d89fcedcc1c01d5f9f00b533242e6d9045fbb0f,103,Dariu$h,verified,2026-10-04T14:25:54.552929+00:00,7k1VaG1Ak2XAVPuvNufguK,BROKE TKAR [2018 - 2022 LEAKS],EP,2024-09-16T00:00:00Z,https://open.spotify.com/album/7k1VaG1Ak2XAVPuvNufguK,5,Complete monitored catalog membership; classification/eligibility is not independently validated for every historical release
2026-10-04T14:47:54.222104+00:00,5d89fcedcc1c01d5f9f00b533242e6d9045fbb0f,103,Dariu$h,verified,2026-10-04T14:25:54.552929+00:00,76NyIF90AK368y0Dmqn0Wz,Sarbaz 0,ALBUM,2012-07-14T00:00:00Z,https://open.spotify.com/album/76NyIF90AK368y0Dmqn0Wz,7,Complete monitored catalog membership; classification/eligibility is not independently validated for every historical release
2026-10-04T14:47:54.222104+00:00,5d89fcedcc1c01d5f9f00b533242e6d9045fbb0f,104,Parsalip,verified,2026-10-04T14:25:55.298367+00:00,0Lm0DJTiL6H6PB8SuSP4mL,Parvaneha,EP,2020-07-14T00:00:00Z,https://open.spotify.com/album/0Lm0DJTiL6H6PB8SuSP4mL,4,Complete monitored catalog membership; classification/eligibility is not independently validated for every historical release
2026-10-04T14:47:54.222104+00:00,5d89fcedcc1c01d5f9f00b533242e6d9045fbb0f,105,Putak,verified,2026-10-04T14:25:56.141136+00:00,3av4laDlNglRFGODbCadkq,Red Horn,ALBUM,2023-08-17T00:00:00Z,https://open.spotify.com/album/3av4laDlNglRFGODbCadkq,14,Complete monitored catalog membership; classification/eligibility is not independently validated for every historical release
2026-10-04T14:47:54.222104+00:00,5d89fcedcc1c01d5f9f00b533242e6d9045fbb0f,105,Putak,verified,2026-10-04T14:25:56.141136+00:00,5LyoRdFSkBfRebDKncOEiS,Rothschild,ALBUM,2022-01-20T00:00:00Z,https://open.spotify.com/album/5LyoRdFSkBfRebDKncOEiS,13,Complete monitored catalog membership; classification/eligibility is not independently validated for every historical release
2026-10-04T14:47:54.222104+00:00,5d89fcedcc1c01d5f9f00b533242e6d9045fbb0f,105,Putak,verified,2026-10-04T14:25:56.141136+00:00,0n5MQjiOmhQxUNWIx94YJ0,The Prophet,ALBUM,2020-11-13T00:00:00Z,https://open.spotify.com/album/0n5MQjiOmhQxUNWIx94YJ0,13,Complete monitored catalog membership; classification/eligibility is not independently validated for every historical release
2026-10-04T14:47:54.222104+00:00,5d89fcedcc1c01d5f9f00b533242e6d9045fbb0f,105,Putak,verified,2026-10-04T14:25:56.141136+00:00,4bX5vNCvgTFw5K0nsTrtSO,Kanashi,ALBUM,2019-12-18T00:00:00Z,https://open.spotify.com/album/4bX5vNCvgTFw5K0nsTrtSO,,Complete monitored catalog membership; classification/eligibility is not independently validated for every historical release
2026-10-04T14:47:54.222104+00:00,5d89fcedcc1c01d5f9f00b533242e6d9045fbb0f,105,Putak,verified,2026-10-04T14:25:56.141136+00:00,2aNeLNtAqtsx9XIpqPMHDh,313,ALBUM,2018-11-30T00:00:00Z,https://open.spotify.com/album/2aNeLNtAqtsx9XIpqPMHDh,,Complete monitored catalog membership; classification/eligibility is not independently validated for every historical release
2026-10-04T14:47:54.222104+00:00,5d89fcedcc1c01d5f9f00b533242e6d9045fbb0f,105,Putak,verified,2026-10-04T14:25:56.141136+00:00,07hqOO2tW4uQvQ61C6PXQN,Alfbt,ALBUM,2016-11-29T00:00:00Z,https://open.spotify.com/album/07hqOO2tW4uQvQ61C6PXQN,,Complete monitored catalog membership; classification/eligibility is not independently validated for every historical release
2026-10-04T14:47:54.222104+00:00,5d89fcedcc1c01d5f9f00b533242e6d9045fbb0f,105,Putak,verified,2026-10-04T14:25:56.141136+00:00,26UpFPNKrJDnhqxRXZZtRg,Born After Suicide,EP,2016-08-30T00:00:00Z,https://open.spotify.com/album/26UpFPNKrJDnhqxRXZZtRg,6,Complete monitored catalog membership; classification/eligibility is not independently validated for every historical release
2026-10-04T14:47:54.222104+00:00,5d89fcedcc1c01d5f9f00b533242e6d9045fbb0f,105,Putak,verified,2026-10-04T14:25:56.141136+00:00,6x0eaNBvWPaWpvBBAIaTQB,Oranjanova,EP,2015-09-27T00:00:00Z,https://open.spotify.com/album/6x0eaNBvWPaWpvBBAIaTQB,,Complete monitored catalog membership; classification/eligibility is not independently validated for every historical release
2026-10-04T14:47:54.222104+00:00,5d89fcedcc1c01d5f9f00b533242e6d9045fbb0f,105,Putak,verified,2026-10-04T14:25:56.141136+00:00,2pfQzmHTFsI6Qoy7RuN3Cz,"Changar, Vol. 3",EP,2014-12-26T00:00:00Z,https://open.spotify.com/album/2pfQzmHTFsI6Qoy7RuN3Cz,,Complete monitored catalog membership; classification/eligibility is not independently validated for every historical release
2026-10-04T14:47:54.222104+00:00,5d89fcedcc1c01d5f9f00b533242e6d9045fbb0f,106,Daniyal,verified,2026-10-04T14:25:57.138952+00:00,1cp7ptHDRGL2uVsnx3tNTI,Keder,EP,2020-03-08T00:00:00Z,https://open.spotify.com/album/1cp7ptHDRGL2uVsnx3tNTI,6,Complete monitored catalog membership; classification/eligibility is not independently validated for every historical release
2026-10-04T14:47:54.222104+00:00,5d89fcedcc1c01d5f9f00b533242e6d9045fbb0f,107,Sami Low,verified,2026-10-04T14:25:57.890424+00:00,4GsYSSLgIYkgXMSGkvcItA,Lowkey,ALBUM,2023-08-22T00:00:00Z,https://open.spotify.com/album/4GsYSSLgIYkgXMSGkvcItA,25,Complete monitored catalog membership; classification/eligibility is not independently validated for every historical release
2026-10-04T14:47:54.222104+00:00,5d89fcedcc1c01d5f9f00b533242e6d9045fbb0f,107,Sami Low,verified,2026-10-04T14:25:57.890424+00:00,17OalwQkMMFVgcT8qsoLzf,"420, Vol. 2",ALBUM,2022-08-25T00:00:00Z,https://open.spotify.com/album/17OalwQkMMFVgcT8qsoLzf,13,Complete monitored catalog membership; classification/eligibility is not independently validated for every historical release
2026-10-04T14:47:54.222104+00:00,5d89fcedcc1c01d5f9f00b533242e6d9045fbb0f,108,Safir,verified,2026-10-04T14:25:58.638906+00:00,2Xy0pXSPbnqJkEZHMYpdJH,Kandoo,ALBUM,2023-12-10T00:00:00Z,https://open.spotify.com/album/2Xy0pXSPbnqJkEZHMYpdJH,18,Complete monitored catalog membership; classification/eligibility is not independently validated for every historical release
2026-10-04T14:47:54.222104+00:00,5d89fcedcc1c01d5f9f00b533242e6d9045fbb0f,108,Safir,verified,2026-10-04T14:25:58.638906+00:00,1KXibjhB8DHUMf98ua6Wdd,"Tafrigh, Vol. 2",ALBUM,2022-03-03T00:00:00Z,https://open.spotify.com/album/1KXibjhB8DHUMf98ua6Wdd,13,Complete monitored catalog membership; classification/eligibility is not independently validated for every historical release
2026-10-04T14:47:54.222104+00:00,5d89fcedcc1c01d5f9f00b533242e6d9045fbb0f,109,Eycin,verified,2026-10-04T14:25:59.386011+00:00,6vHE6SgLMBAUzupuglg3GL,BATMAN,ALBUM,2025-01-29T00:00:00Z,https://open.spotify.com/album/6vHE6SgLMBAUzupuglg3GL,12,Complete monitored catalog membership; classification/eligibility is not independently validated for every historical release
2026-10-04T14:47:54.222104+00:00,5d89fcedcc1c01d5f9f00b533242e6d9045fbb0f,109,Eycin,verified,2026-10-04T14:25:59.386011+00:00,2Vw2D24KppWoYFidfuOxlX,Mood,ALBUM,2023-10-06T00:00:00Z,https://open.spotify.com/album/2Vw2D24KppWoYFidfuOxlX,15,Complete monitored catalog membership; classification/eligibility is not independently validated for every historical release
2026-10-04T14:47:54.222104+00:00,5d89fcedcc1c01d5f9f00b533242e6d9045fbb0f,109,Eycin,verified,2026-10-04T14:25:59.386011+00:00,0nnGNGIeAVtOE27ICh00iF,Snow,EP,2023-02-21T00:00:00Z,https://open.spotify.com/album/0nnGNGIeAVtOE27ICh00iF,5,Complete monitored catalog membership; classification/eligibility is not independently validated for every historical release
2026-10-04T14:47:54.222104+00:00,5d89fcedcc1c01d5f9f00b533242e6d9045fbb0f,113,Masin,verified,2026-10-04T14:26:02.589448+00:00,5SWrdCmii8VxsYwd96waDc,Dmt,EP,2025-07-14T00:00:00Z,https://open.spotify.com/album/5SWrdCmii8VxsYwd96waDc,3,Complete monitored catalog membership; classification/eligibility is not independently validated for every historical release
2026-10-04T14:47:54.222104+00:00,5d89fcedcc1c01d5f9f00b533242e6d9045fbb0f,113,Masin,verified,2026-10-04T14:26:02.589448+00:00,2qIDxZAKHVNXq5Ivi8rSVB,Dar Sar Gom,EP,2021-09-14T00:00:00Z,https://open.spotify.com/album/2qIDxZAKHVNXq5Ivi8rSVB,6,Complete monitored catalog membership; classification/eligibility is not independently validated for every historical release
2026-10-04T14:47:54.222104+00:00,5d89fcedcc1c01d5f9f00b533242e6d9045fbb0f,114,Young Sudden,verified,2026-10-04T14:26:03.296225+00:00,37BISa2SRxjs7FJX5lxWt3,Welcome to Gambron,ALBUM,2025-01-22T00:00:00Z,https://open.spotify.com/album/37BISa2SRxjs7FJX5lxWt3,33,Complete monitored catalog membership; classification/eligibility is not independently validated for every historical release
2026-10-04T14:47:54.222104+00:00,5d89fcedcc1c01d5f9f00b533242e6d9045fbb0f,114,Young Sudden,verified,2026-10-04T14:26:03.296225+00:00,6lw6WSkztMj4APVzaBien0,SOS,ALBUM,2024-09-02T00:00:00Z,https://open.spotify.com/album/6lw6WSkztMj4APVzaBien0,9,Complete monitored catalog membership; classification/eligibility is not independently validated for every historical release
2026-10-04T14:47:54.222104+00:00,5d89fcedcc1c01d5f9f00b533242e6d9045fbb0f,115,Naaji,verified,2026-10-04T14:26:04.087487+00:00,7AkUbPht8NClY4sA78YAt8,STARBOY,ALBUM,2026-09-28T00:00:00Z,https://open.spotify.com/album/7AkUbPht8NClY4sA78YAt8,8,Complete monitored catalog membership; classification/eligibility is not independently validated for every historical release
2026-10-04T14:47:54.222104+00:00,5d89fcedcc1c01d5f9f00b533242e6d9045fbb0f,115,Naaji,verified,2026-10-04T14:26:04.087487+00:00,6PXFzaXU9Zti0YWlLUiza6,Nowhere,EP,2026-07-09T00:00:00Z,https://open.spotify.com/album/6PXFzaXU9Zti0YWlLUiza6,4,Complete monitored catalog membership; classification/eligibility is not independently validated for every historical release
2026-10-04T14:47:54.222104+00:00,5d89fcedcc1c01d5f9f00b533242e6d9045fbb0f,115,Naaji,verified,2026-10-04T14:26:04.087487+00:00,4dz8V5wWzwH97Gvr4xeHcQ,Blue,EP,2025-01-02T00:00:00Z,https://open.spotify.com/album/4dz8V5wWzwH97Gvr4xeHcQ,6,Complete monitored catalog membership; classification/eligibility is not independently validated for every historical release
2026-10-04T14:47:54.222104+00:00,5d89fcedcc1c01d5f9f00b533242e6d9045fbb0f,115,Naaji,verified,2026-10-04T14:26:04.087487+00:00,0hJwaXcbyyISZcKZ9MfBkR,Blue,EP,2025-01-02T00:00:00Z,https://open.spotify.com/album/0hJwaXcbyyISZcKZ9MfBkR,,Complete monitored catalog membership; classification/eligibility is not independently validated for every historical release
2026-10-04T14:47:54.222104+00:00,5d89fcedcc1c01d5f9f00b533242e6d9045fbb0f,115,Naaji,verified,2026-10-04T14:26:04.087487+00:00,5vzFaa2bIbKkI5s6inrfHJ,Phoenix (Deluxe),ALBUM,2022-08-12T00:00:00Z,https://open.spotify.com/album/5vzFaa2bIbKkI5s6inrfHJ,,Complete monitored catalog membership; classification/eligibility is not independently validated for every historical release
2026-10-04T14:47:54.222104+00:00,5d89fcedcc1c01d5f9f00b533242e6d9045fbb0f,115,Naaji,verified,2026-10-04T14:26:04.087487+00:00,3nIyfdxms8Zc2Vk0jIlaro,Phoenix (Deluxe),ALBUM,2022-08-12T00:00:00Z,https://open.spotify.com/album/3nIyfdxms8Zc2Vk0jIlaro,,Complete monitored catalog membership; classification/eligibility is not independently validated for every historical release
2026-10-04T14:47:54.222104+00:00,5d89fcedcc1c01d5f9f00b533242e6d9045fbb0f,115,Naaji,verified,2026-10-04T14:26:04.087487+00:00,09X7RyqPJGq8P2WZeWcIiN,Phoenix (Instrumental),ALBUM,2021-12-16T00:00:00Z,https://open.spotify.com/album/09X7RyqPJGq8P2WZeWcIiN,,Complete monitored catalog membership; classification/eligibility is not independently validated for every historical release
2026-10-04T14:47:54.222104+00:00,5d89fcedcc1c01d5f9f00b533242e6d9045fbb0f,115,Naaji,verified,2026-10-04T14:26:04.087487+00:00,3k8umbty8M2KjFIZfbepay,Phoenix,ALBUM,2021-11-22T00:00:00Z,https://open.spotify.com/album/3k8umbty8M2KjFIZfbepay,,Complete monitored catalog membership; classification/eligibility is not independently validated for every historical release
2026-10-04T14:47:54.222104+00:00,5d89fcedcc1c01d5f9f00b533242e6d9045fbb0f,115,Naaji,verified,2026-10-04T14:26:04.087487+00:00,1PsuhFyRi3PtRtPsautzfl,Phoenix,ALBUM,2021-11-22T00:00:00Z,https://open.spotify.com/album/1PsuhFyRi3PtRtPsautzfl,,Complete monitored catalog membership; classification/eligibility is not independently validated for every historical release
2026-10-04T14:47:54.222104+00:00,5d89fcedcc1c01d5f9f00b533242e6d9045fbb0f,116,Ali Geramy,verified,2026-10-04T14:26:05.130847+00:00,74pfaLWuj1ZIwTMTrVrotu,G,ALBUM,2025-09-26T00:00:00Z,https://open.spotify.com/album/74pfaLWuj1ZIwTMTrVrotu,16,Complete monitored catalog membership; classification/eligibility is not independently validated for every historical release
2026-10-04T14:47:54.222104+00:00,5d89fcedcc1c01d5f9f00b533242e6d9045fbb0f,116,Ali Geramy,verified,2026-10-04T14:26:05.130847+00:00,21QeFYPOjVZwB2BgFyPCC9,Solitude,EP,2025-01-08T00:00:00Z,https://open.spotify.com/album/21QeFYPOjVZwB2BgFyPCC9,5,Complete monitored catalog membership; classification/eligibility is not independently validated for every historical release
2026-10-04T14:47:54.222104+00:00,5d89fcedcc1c01d5f9f00b533242e6d9045fbb0f,117,XWHISKY,verified,2026-10-04T14:26:05.815897+00:00,7InVsgJrA6VVLJFngsWC5h,"Virus, vol. 2",ALBUM,2024-03-21T00:00:00Z,https://open.spotify.com/album/7InVsgJrA6VVLJFngsWC5h,15,Complete monitored catalog membership; classification/eligibility is not independently validated for every historical release
2026-10-04T14:47:54.222104+00:00,5d89fcedcc1c01d5f9f00b533242e6d9045fbb0f,117,XWHISKY,verified,2026-10-04T14:26:05.815897+00:00,3BZUBYuVqMXwQaTapWj5HN,"Virus, vol. 2",ALBUM,2024-03-21T00:00:00Z,https://open.spotify.com/album/3BZUBYuVqMXwQaTapWj5HN,15,Complete monitored catalog membership; classification/eligibility is not independently validated for every historical release
2026-10-04T14:47:54.222104+00:00,5d89fcedcc1c01d5f9f00b533242e6d9045fbb0f,117,XWHISKY,verified,2026-10-04T14:26:05.815897+00:00,36uBi62A3xgz02K9mqoDqk,VIRUS,ALBUM,2022-10-26T00:00:00Z,https://open.spotify.com/album/36uBi62A3xgz02K9mqoDqk,25,Complete monitored catalog membership; classification/eligibility is not independently validated for every historical release
2026-10-04T14:47:54.222104+00:00,5d89fcedcc1c01d5f9f00b533242e6d9045fbb0f,117,XWHISKY,verified,2026-10-04T14:26:05.815897+00:00,0wz3vwt3Eaq91podMhZN8M,VIRUS,ALBUM,2022-10-26T00:00:00Z,https://open.spotify.com/album/0wz3vwt3Eaq91podMhZN8M,,Complete monitored catalog membership; classification/eligibility is not independently validated for every historical release
2026-10-04T14:47:54.222104+00:00,5d89fcedcc1c01d5f9f00b533242e6d9045fbb0f,119,Arman Miladi,verified,2026-10-04T14:26:07.421730+00:00,2Vj0WnvHmn3L0nza1Efk2d,Paranoia,ALBUM,2024-03-08T00:00:00Z,https://open.spotify.com/album/2Vj0WnvHmn3L0nza1Efk2d,17,Complete monitored catalog membership; classification/eligibility is not independently validated for every historical release
2026-10-04T14:47:54.222104+00:00,5d89fcedcc1c01d5f9f00b533242e6d9045fbb0f,119,Arman Miladi,verified,2026-10-04T14:26:07.421730+00:00,0o9v8IJGKVs8weHgbcqrbc,El Quatro,EP,2022-02-25T00:00:00Z,https://open.spotify.com/album/0o9v8IJGKVs8weHgbcqrbc,4,Complete monitored catalog membership; classification/eligibility is not independently validated for every historical release
2026-10-04T14:47:54.222104+00:00,5d89fcedcc1c01d5f9f00b533242e6d9045fbb0f,119,Arman Miladi,verified,2026-10-04T14:26:07.421730+00:00,721ryAbXQR4HhYdaXmNXNd,Masir,EP,2021-08-11T00:00:00Z,https://open.spotify.com/album/721ryAbXQR4HhYdaXmNXNd,6,Complete monitored catalog membership; classification/eligibility is not independently validated for every historical release
2026-10-04T14:47:54.222104+00:00,5d89fcedcc1c01d5f9f00b533242e6d9045fbb0f,121,Heliyom,verified,2026-10-04T14:26:08.905425+00:00,22PgFvBhpQ5gr17pJgrikU,Jangale Arezooha,ALBUM,2025-07-11T00:00:00Z,https://open.spotify.com/album/22PgFvBhpQ5gr17pJgrikU,9,Complete monitored catalog membership; classification/eligibility is not independently validated for every historical release
2026-10-04T14:47:54.222104+00:00,5d89fcedcc1c01d5f9f00b533242e6d9045fbb0f,122,The Don,verified,2026-10-04T14:26:09.696360+00:00,7q0vI93TCn9NcpuzFC0eOC,Prestige,EP,2023-08-22T00:00:00Z,https://open.spotify.com/album/7q0vI93TCn9NcpuzFC0eOC,6,Complete monitored catalog membership; classification/eligibility is not independently validated for every historical release
2026-10-04T14:47:54.222104+00:00,5d89fcedcc1c01d5f9f00b533242e6d9045fbb0f,122,The Don,verified,2026-10-04T14:26:09.696360+00:00,7inL5NpBVlMhFeEy2Mtsnx,Az In Bala,ALBUM,2021-09-12T00:00:00Z,https://open.spotify.com/album/7inL5NpBVlMhFeEy2Mtsnx,8,Complete monitored catalog membership; classification/eligibility is not independently validated for every historical release
2026-10-04T14:47:54.222104+00:00,5d89fcedcc1c01d5f9f00b533242e6d9045fbb0f,123,Isam,verified,2026-10-04T14:26:10.358148+00:00,3pU4AWSi1ggkUCsXS2wQ6F,GALLERY TALK,EP,2025-07-08T00:00:00Z,https://open.spotify.com/album/3pU4AWSi1ggkUCsXS2wQ6F,6,Complete monitored catalog membership; classification/eligibility is not independently validated for every historical release
2026-10-04T14:47:54.222104+00:00,5d89fcedcc1c01d5f9f00b533242e6d9045fbb0f,123,Isam,verified,2026-10-04T14:26:10.358148+00:00,6ea467ahP6CYvaH3l79rRr,Fereshteye Bad,ALBUM,2024-08-02T00:00:00Z,https://open.spotify.com/album/6ea467ahP6CYvaH3l79rRr,7,Complete monitored catalog membership; classification/eligibility is not independently validated for every historical release
2026-10-04T14:47:54.222104+00:00,5d89fcedcc1c01d5f9f00b533242e6d9045fbb0f,125,Octave,verified,2026-10-04T14:26:11.887898+00:00,2W1pBaKkYDUXKyd8NHtCcb,Adam Bozorga,ALBUM,2023-08-23T00:00:00Z,https://open.spotify.com/album/2W1pBaKkYDUXKyd8NHtCcb,8,Complete monitored catalog membership; classification/eligibility is not independently validated for every historical release
2026-10-04T14:47:54.222104+00:00,5d89fcedcc1c01d5f9f00b533242e6d9045fbb0f,126,Maslak,verified,2026-10-04T14:26:12.608674+00:00,1Osk6KhD2Hyix5VGZMLFaA,Khato Neshoun,EP,2022-03-21T00:00:00Z,https://open.spotify.com/album/1Osk6KhD2Hyix5VGZMLFaA,5,Complete monitored catalog membership; classification/eligibility is not independently validated for every historical release
2026-10-04T14:47:54.222104+00:00,5d89fcedcc1c01d5f9f00b533242e6d9045fbb0f,127,Shayan Yo,verified,2026-10-04T14:26:13.474863+00:00,0nSfDYxx7FWSUZwsYnY3KW,6,EP,2025-04-27T00:00:00Z,https://open.spotify.com/album/0nSfDYxx7FWSUZwsYnY3KW,6,Complete monitored catalog membership; classification/eligibility is not independently validated for every historical release
2026-10-04T14:47:54.222104+00:00,5d89fcedcc1c01d5f9f00b533242e6d9045fbb0f,128,Parsa,verified,2026-10-04T14:26:14.235926+00:00,0tQeLVlLahdphQDgs5V5ai,MERCURY ANGEL,EP,2026-08-25T00:00:00Z,https://open.spotify.com/album/0tQeLVlLahdphQDgs5V5ai,4,Complete monitored catalog membership; classification/eligibility is not independently validated for every historical release
2026-10-04T14:47:54.222104+00:00,5d89fcedcc1c01d5f9f00b533242e6d9045fbb0f,128,Parsa,verified,2026-10-04T14:26:14.235926+00:00,7EnollMyvzFoKTaPuAeBBs,Love is War,EP,2025-04-03T00:00:00Z,https://open.spotify.com/album/7EnollMyvzFoKTaPuAeBBs,3,Complete monitored catalog membership; classification/eligibility is not independently validated for every historical release
2026-10-04T14:47:54.222104+00:00,5d89fcedcc1c01d5f9f00b533242e6d9045fbb0f,128,Parsa,verified,2026-10-04T14:26:14.235926+00:00,4vrtXReaG7qlO0BaOwSBQT,Love Is War,EP,2025-03-14T00:00:00Z,https://open.spotify.com/album/4vrtXReaG7qlO0BaOwSBQT,4,Complete monitored catalog membership; classification/eligibility is not independently validated for every historical release
2026-10-04T14:47:54.222104+00:00,5d89fcedcc1c01d5f9f00b533242e6d9045fbb0f,128,Parsa,verified,2026-10-04T14:26:14.235926+00:00,2RXjZ5EVkQcTFqTcIKB7eJ,"Midnight, Ballads",EP,2021-04-16T00:00:00Z,https://open.spotify.com/album/2RXjZ5EVkQcTFqTcIKB7eJ,,Complete monitored catalog membership; classification/eligibility is not independently validated for every historical release
2026-10-04T14:47:54.222104+00:00,5d89fcedcc1c01d5f9f00b533242e6d9045fbb0f,128,Parsa,verified,2026-10-04T14:26:14.235926+00:00,5vH3jpuAk6X4C2KYtlBee5,Beauty in the City 2,ALBUM,2020-12-11T00:00:00Z,https://open.spotify.com/album/5vH3jpuAk6X4C2KYtlBee5,7,Complete monitored catalog membership; classification/eligibility is not independently validated for every historical release
2026-10-04T14:47:54.222104+00:00,5d89fcedcc1c01d5f9f00b533242e6d9045fbb0f,128,Parsa,verified,2026-10-04T14:26:14.235926+00:00,7hOxv28LN0g5U4pVoj2nMW,"Midnight, Fall",EP,2020-05-15T00:00:00Z,https://open.spotify.com/album/7hOxv28LN0g5U4pVoj2nMW,,Complete monitored catalog membership; classification/eligibility is not independently validated for every historical release
2026-10-04T14:47:54.222104+00:00,5d89fcedcc1c01d5f9f00b533242e6d9045fbb0f,128,Parsa,verified,2026-10-04T14:26:14.235926+00:00,14htRWXNdbemWjqqs5KpY6,"Midnight, Fall",EP,2020-05-15T00:00:00Z,https://open.spotify.com/album/14htRWXNdbemWjqqs5KpY6,,Complete monitored catalog membership; classification/eligibility is not independently validated for every historical release
2026-10-04T14:47:54.222104+00:00,5d89fcedcc1c01d5f9f00b533242e6d9045fbb0f,128,Parsa,verified,2026-10-04T14:26:14.235926+00:00,5tS4CpmV9ggthayHMpsV1n,Beauty in the City,EP,2020-02-14T00:00:00Z,https://open.spotify.com/album/5tS4CpmV9ggthayHMpsV1n,,Complete monitored catalog membership; classification/eligibility is not independently validated for every historical release
2026-10-04T14:47:54.222104+00:00,5d89fcedcc1c01d5f9f00b533242e6d9045fbb0f,128,Parsa,verified,2026-10-04T14:26:14.235926+00:00,1qePpSS4AJWEBzhLrKzrW8,Beauty in the City,EP,2020-02-14T00:00:00Z,https://open.spotify.com/album/1qePpSS4AJWEBzhLrKzrW8,,Complete monitored catalog membership; classification/eligibility is not independently validated for every historical release
2026-10-04T14:47:54.222104+00:00,5d89fcedcc1c01d5f9f00b533242e6d9045fbb0f,130,Raha,verified,2026-10-04T14:26:15.798488+00:00,1z1UIWoOBhNLXn6MQMGMab,Revival,ALBUM,2025-12-16T00:00:00Z,https://open.spotify.com/album/1z1UIWoOBhNLXn6MQMGMab,8,Complete monitored catalog membership; classification/eligibility is not independently validated for every historical release
2026-10-04T14:47:54.222104+00:00,5d89fcedcc1c01d5f9f00b533242e6d9045fbb0f,132,021kid,verified,2026-10-04T14:26:17.467459+00:00,7qyawsVb9eOJoIysyHLQ1B,C4,EP,2025-02-21T00:00:00Z,https://open.spotify.com/album/7qyawsVb9eOJoIysyHLQ1B,4,Complete monitored catalog membership; classification/eligibility is not independently validated for every historical release
2026-10-04T14:47:54.222104+00:00,5d89fcedcc1c01d5f9f00b533242e6d9045fbb0f,132,021kid,verified,2026-10-04T14:26:17.467459+00:00,3mGfMFxozpBmEnaWZo9Ygn,Gsz,EP,2023-12-21T00:00:00Z,https://open.spotify.com/album/3mGfMFxozpBmEnaWZo9Ygn,5,Complete monitored catalog membership; classification/eligibility is not independently validated for every historical release
2026-10-04T14:47:54.222104+00:00,5d89fcedcc1c01d5f9f00b533242e6d9045fbb0f,132,021kid,verified,2026-10-04T14:26:17.467459+00:00,52uFVnnLgF8a0skFvB0S1E,Mixtape Bonuses,EP,2023-03-30T00:00:00Z,https://open.spotify.com/album/52uFVnnLgF8a0skFvB0S1E,2,Complete monitored catalog membership; classification/eligibility is not independently validated for every historical release
2026-10-04T14:47:54.222104+00:00,5d89fcedcc1c01d5f9f00b533242e6d9045fbb0f,133,Mehyad,verified,2026-10-04T14:26:18.287661+00:00,37NEdEKaw2KCPbee1cq1ua,Credit,ALBUM,2025-03-11T00:00:00Z,https://open.spotify.com/album/37NEdEKaw2KCPbee1cq1ua,8,Complete monitored catalog membership; classification/eligibility is not independently validated for every historical release
2026-10-04T14:47:54.222104+00:00,5d89fcedcc1c01d5f9f00b533242e6d9045fbb0f,133,Mehyad,verified,2026-10-04T14:26:18.287661+00:00,2aA7gYvbDrRORmTSFVUISS,Wanted,ALBUM,2024-03-03T00:00:00Z,https://open.spotify.com/album/2aA7gYvbDrRORmTSFVUISS,8,Complete monitored catalog membership; classification/eligibility is not independently validated for every historical release
2026-10-04T14:47:54.222104+00:00,5d89fcedcc1c01d5f9f00b533242e6d9045fbb0f,134,Alipasha,verified,2026-10-04T14:26:19.060264+00:00,64jQOx8sk364oFOEIHOd75,Siah Sefid,ALBUM,2026-06-17T00:00:00Z,https://open.spotify.com/album/64jQOx8sk364oFOEIHOd75,18,Complete monitored catalog membership; classification/eligibility is not independently validated for every historical release
2026-10-04T14:47:54.222104+00:00,5d89fcedcc1c01d5f9f00b533242e6d9045fbb0f,136,Pouriya Adroit,verified,2026-10-04T14:26:20.903135+00:00,2VlSXTzPnjjQOpIfoBEdpQ,Cheqer Mood 2,ALBUM,2024-08-19T00:00:00Z,https://open.spotify.com/album/2VlSXTzPnjjQOpIfoBEdpQ,18,Complete monitored catalog membership; classification/eligibility is not independently validated for every historical release
2026-10-04T14:47:54.222104+00:00,5d89fcedcc1c01d5f9f00b533242e6d9045fbb0f,136,Pouriya Adroit,verified,2026-10-04T14:26:20.903135+00:00,5MfaXKJCSniRjPgUeNS07f,Cheqer Mood,EP,2024-02-06T00:00:00Z,https://open.spotify.com/album/5MfaXKJCSniRjPgUeNS07f,4,Complete monitored catalog membership; classification/eligibility is not independently validated for every historical release
2026-10-04T14:47:54.222104+00:00,5d89fcedcc1c01d5f9f00b533242e6d9045fbb0f,136,Pouriya Adroit,verified,2026-10-04T14:26:20.903135+00:00,7yqM6fquYaFDYGi9ySspvE,Bruce Lee Jackie Chan,ALBUM,2024-01-09T00:00:00Z,https://open.spotify.com/album/7yqM6fquYaFDYGi9ySspvE,8,Complete monitored catalog membership; classification/eligibility is not independently validated for every historical release
2026-10-04T14:47:54.222104+00:00,5d89fcedcc1c01d5f9f00b533242e6d9045fbb0f,136,Pouriya Adroit,verified,2026-10-04T14:26:20.903135+00:00,5tC8jkULBWPfY4YqB6jBtg,Drilla Boys,EP,2021-09-15T00:00:00Z,https://open.spotify.com/album/5tC8jkULBWPfY4YqB6jBtg,,Complete monitored catalog membership; classification/eligibility is not independently validated for every historical release
